[
  {
    "OptionId": "e3d5f798-1200-4c4a-b3aa-a10dc2059650",
    "UnitId": "unit_454",
    "NewUnitId": "unit_455"
  },
  {
    "OptionId": "fe5d9783-dc3b-4053-8765-2474f603c407",
    "UnitId": "unit_454",
    "NewUnitId": "unit_456"
  },
  {
    "OptionId": "05d704e9-90c9-43b2-ba65-424f85923341",
    "UnitId": "unit_454",
    "NewUnitId": "unit_457"
  },
  {
    "OptionId": "e3d5f798-1200-4c4a-b3aa-a10dc2059650",
    "UnitId": "unit_458",
    "NewUnitId": "unit_459"
  },
  {
    "OptionId": "fe5d9783-dc3b-4053-8765-2474f603c407",
    "UnitId": "unit_458",
    "NewUnitId": "unit_460"
  },
  {
    "OptionId": "9f407948-48eb-45e9-9747-8bc6f864e514",
    "UnitId": "unit_458",
    "NewUnitId": "unit_461"
  },
  {
    "OptionId": "05d704e9-90c9-43b2-ba65-424f85923341",
    "UnitId": "unit_458",
    "NewUnitId": "unit_462"
  },
  {
    "OptionId": "e3d5f798-1200-4c4a-b3aa-a10dc2059650",
    "UnitId": "unit_463",
    "NewUnitId": "unit_464"
  },
  {
    "OptionId": "9c1bdd7a-d661-4e28-a179-66ebd68f5711",
    "UnitId": "unit_463",
    "NewUnitId": "unit_465"
  },
  {
    "OptionId": "9b2e5d7a-d1b3-4e9f-b2a0-2c6e4d8f5c7d",
    "UnitId": "unit_467"
  },
  {
    "OptionId": "3a074005-878f-422e-a475-42dd13ce86ce",
    "UnitId": "unit_468"
  },
  {
    "OptionId": "c9519cd5-2b08-4a2e-9017-51463bfb9821",
    "UnitId": "unit_468"
  },
  {
    "OptionId": "3a074005-878f-422e-a475-42dd13ce86ce",
    "UnitId": "unit_469"
  },
  {
    "OptionId": "c9519cd5-2b08-4a2e-9017-51463bfb9821",
    "UnitId": "unit_469"
  },
  {
    "OptionId": "3a074005-878f-422e-a475-42dd13ce86ce",
    "UnitId": "unit_470"
  },
  {
    "OptionId": "c9519cd5-2b08-4a2e-9017-51463bfb9821",
    "UnitId": "unit_470"
  },
  {
    "OptionId": "3a074005-878f-422e-a475-42dd13ce86ce",
    "UnitId": "unit_471"
  },
  {
    "OptionId": "c9519cd5-2b08-4a2e-9017-51463bfb9821",
    "UnitId": "unit_471"
  },
  {
    "OptionId": "3a074005-878f-422e-a475-42dd13ce86ce",
    "UnitId": "unit_472"
  },
  {
    "OptionId": "c9519cd5-2b08-4a2e-9017-51463bfb9821",
    "UnitId": "unit_472"
  },
  {
    "OptionId": "3a074005-878f-422e-a475-42dd13ce86ce",
    "UnitId": "unit_474"
  },
  {
    "OptionId": "c9519cd5-2b08-4a2e-9017-51463bfb9821",
    "UnitId": "unit_474"
  },
  {
    "OptionId": "3a074005-878f-422e-a475-42dd13ce86ce",
    "UnitId": "unit_475"
  },
  {
    "OptionId": "c9519cd5-2b08-4a2e-9017-51463bfb9821",
    "UnitId": "unit_475"
  },
  {
    "OptionId": "3a074005-878f-422e-a475-42dd13ce86ce",
    "UnitId": "unit_476"
  },
  {
    "OptionId": "c9519cd5-2b08-4a2e-9017-51463bfb9821",
    "UnitId": "unit_476"
  },
  {
    "OptionId": "3a074005-878f-422e-a475-42dd13ce86ce",
    "UnitId": "unit_479"
  },
  {
    "OptionId": "c9519cd5-2b08-4a2e-9017-51463bfb9821",
    "UnitId": "unit_479"
  },
  {
    "OptionId": "3a074005-878f-422e-a475-42dd13ce86ce",
    "UnitId": "unit_480"
  },
  {
    "OptionId": "e881823c-ad1c-42e3-a911-562869f4f9c5",
    "UnitId": "unit_486"
  },
  {
    "OptionId": "7a3edb9d-e1d1-472e-a3da-c050f36537e6",
    "UnitId": "unit_486"
  },
  {
    "OptionId": "656ba8fb-8d84-4ac0-a847-e11af02d92b1",
    "UnitId": "unit_486"
  },
  {
    "OptionId": "c3187b0e-6a6c-43ee-a19c-156cf19f4735",
    "UnitId": "unit_486"
  },
  {
    "OptionId": "29998dd2-41cc-45d7-879b-fa3562f30c00",
    "UnitId": "unit_474"
  },
  {
    "OptionId": "a974648b-3a89-4c94-8f5c-ad3db30084ce",
    "UnitId": "unit_474"
  },
  {
    "OptionId": "656ba8fb-8d84-4ac0-a847-e11af02d92b1",
    "UnitId": "unit_474"
  },
  {
    "OptionId": "33baffbf-4728-4144-beba-f8c8dc093d73",
    "UnitId": "unit_474"
  },
  {
    "OptionId": "3f91885f-c8b4-4d52-889f-a4da44e7200d",
    "UnitId": "unit_458"
  },
  {
    "OptionId": "656ba8fb-8d84-4ac0-a847-e11af02d92b1",
    "UnitId": "unit_458"
  },
  {
    "OptionId": "33baffbf-4728-4144-beba-f8c8dc093d73",
    "UnitId": "unit_458"
  },
  {
    "OptionId": "3f91885f-c8b4-4d52-889f-a4da44e7200d",
    "UnitId": "unit_454"
  },
  {
    "OptionId": "656ba8fb-8d84-4ac0-a847-e11af02d92b1",
    "UnitId": "unit_454"
  },
  {
    "OptionId": "33baffbf-4728-4144-beba-f8c8dc093d73",
    "UnitId": "unit_454"
  },
  {
    "OptionId": "29998dd2-41cc-45d7-879b-fa3562f30c00",
    "UnitId": "unit_480"
  },
  {
    "OptionId": "29998dd2-41cc-45d7-879b-fa3562f30c00",
    "UnitId": "unit_479"
  },
  {
    "OptionId": "29998dd2-41cc-45d7-879b-fa3562f30c00",
    "UnitId": "unit_476"
  },
  {
    "OptionId": "a974648b-3a89-4c94-8f5c-ad3db30084ce",
    "UnitId": "unit_476"
  },
  {
    "OptionId": "656ba8fb-8d84-4ac0-a847-e11af02d92b1",
    "UnitId": "unit_476"
  },
  {
    "OptionId": "29998dd2-41cc-45d7-879b-fa3562f30c00",
    "UnitId": "unit_469"
  },
  {
    "OptionId": "29998dd2-41cc-45d7-879b-fa3562f30c00",
    "UnitId": "unit_470"
  },
  {
    "OptionId": "497126bb-8c98-4d2c-9bca-969a356bf329",
    "UnitId": "unit_470"
  },
  {
    "OptionId": "29998dd2-41cc-45d7-879b-fa3562f30c00",
    "UnitId": "unit_472"
  },
  {
    "OptionId": "497126bb-8c98-4d2c-9bca-969a356bf329",
    "UnitId": "unit_472"
  },
  {
    "OptionId": "29998dd2-41cc-45d7-879b-fa3562f30c00",
    "UnitId": "unit_471"
  },
  {
    "OptionId": "29998dd2-41cc-45d7-879b-fa3562f30c00",
    "UnitId": "unit_468"
  },
  {
    "OptionId": "a974648b-3a89-4c94-8f5c-ad3db30084ce",
    "UnitId": "unit_468"
  },
  {
    "OptionId": "b4241335-9b4a-4be0-be3b-2dc01b85c72f",
    "UnitId": "unit_468"
  },
  {
    "OptionId": "29998dd2-41cc-45d7-879b-fa3562f30c00",
    "UnitId": "unit_475"
  },
  {
    "OptionId": "a974648b-3a89-4c94-8f5c-ad3db30084ce",
    "UnitId": "unit_485"
  },
  {
    "OptionId": "656ba8fb-8d84-4ac0-a847-e11af02d92b1",
    "UnitId": "unit_485"
  }
]