[
  {
    "Id": "e3d5f798-1200-4c4a-b3aa-a10dc2059650",
    "Name": "Skeletal Horse",
    "Type": "UnitGlobalChange"
  },
  {
    "Id": "fe5d9783-dc3b-4053-8765-2474f603c407",
    "Name": "Skeleton Chariot",
    "Type": "UnitGlobalChange"
  },
  {
    "Id": "05d704e9-90c9-43b2-ba65-424f85923341",
    "Name": "Sha Guardian",
    "Type": "UnitGlobalChange"
  },
  {
    "Id": "9f407948-48eb-45e9-9747-8bc6f864e514",
    "Name": "Amuut",
    "Type": "UnitGlobalChange"
  },
  {
    "Id": "9c1bdd7a-d661-4e28-a179-66ebd68f5711",
    "Name": "Ark of Ages",
    "Type": "UnitGlobalChange"
  },
  {
    "Id": "4a10870e-7014-43f3-9dce-3d6e117288fe",
    "Name": "Aspen Bow",
    "Type": "UnitSwapDisplayable"
  },
  {
    "Id": "e881823c-ad1c-42e3-a911-562869f4f9c5",
    "Name": "Giant Aspen Bow",
    "Type": "UnitSwapDisplayable"
  },
  {
    "Id": "3f91885f-c8b4-4d52-889f-a4da44e7200d",
    "Name": "Great Aspen Bow",
    "Type": "UnitSwapDisplayable"
  },
  {
    "Id": "c3187b0e-6a6c-43ee-a19c-156cf19f4735",
    "Name": "Scales of Destiny",
    "Type": "UnitSwapDisplayable",
    "DisplayableDataIdToAdd": {
      "rule_1056": ""
    }
  }
]