[
  {
    "Id": "68357f84790d8280c4b25ec3",
    "Name": "Pharaoh",
    "Type": "Profile",
    "BaseId": "5",
    "DisplayableDataIds": {
      "statline_1272": "",
      "statline_1273": "",
      "statline_1274": ""
    }
  },
  {
    "Id": "b6d46a1f-8bf9-4f79-9c64-a584b96af6fc",
    "Name": "Skeletal Horse",
    "Type": "Profile",
    "BaseId": "4",
    "DisplayableDataIds": {
      "statline_1275": "",
      "statline_1276": "",
      "statline_1277": ""
    }
  },
  {
    "Id": "faeeb918-063d-4fcb-82b6-22d17a782464",
    "Name": "Skeletal Horse (2)",
    "Type": "Profile",
    "BaseId": "2",
    "DisplayableDataIds": {
      "statline_1278": "",
      "statline_1279": "",
      "statline_1280": "",
      "statline_1281": ""
    }
  },
  {
    "Id": "8361dbfe-f13a-48ba-9155-3edfdba97609",
    "Name": "Sha Guardian",
    "Type": "Profile",
    "BaseId": "2",
    "DisplayableDataIds": {
      "statline_1282": "",
      "statline_1283": "",
      "statline_1284": ""
    }
  },
  {
    "Id": "68357f84790d8280c4b2602b",
    "Name": "Nomarch",
    "Type": "Profile",
    "BaseId": "5",
    "DisplayableDataIds": {
      "statline_1285": "",
      "statline_1286": "",
      "statline_1287": ""
    }
  },
  {
    "Id": "acece582-6e0e-4e06-a015-64fb11f4ceb0",
    "Name": "Skeletal Horse",
    "Type": "Profile",
    "BaseId": "4",
    "DisplayableDataIds": {
      "statline_1288": "",
      "statline_1289": "",
      "statline_1290": ""
    }
  },
  {
    "Id": "ec4efaf4-aa40-4d14-b321-2813ac068d81",
    "Name": "Skeletal Horse (2)",
    "Type": "Profile",
    "BaseId": "2",
    "DisplayableDataIds": {
      "statline_1291": "",
      "statline_1292": "",
      "statline_1293": "",
      "statline_7": ""
    }
  },
  {
    "Id": "f0908543-75cd-4824-8fa4-fe14d95b706c",
    "Name": "Amuut",
    "Type": "Profile",
    "BaseId": "2",
    "DisplayableDataIds": {
      "statline_1294": "",
      "statline_1295": "",
      "statline_1296": ""
    }
  },
  {
    "Id": "37338895-29a6-462f-b894-9552f450e647",
    "Name": "Sha Guardian",
    "Type": "Profile",
    "BaseId": "2",
    "DisplayableDataIds": {
      "statline_1297": "",
      "statline_1283": "",
      "statline_1284": ""
    }
  },
  {
    "Id": "68357f85790d8280c4b2624c",
    "Name": "Death Cult Hierarch",
    "Type": "Profile",
    "BaseId": "5",
    "DisplayableDataIds": {
      "statline_1298": "",
      "statline_1299": "",
      "statline_1300": ""
    }
  },
  {
    "Id": "45808f95-a5ba-489c-8676-2a37ee58aac0",
    "Name": "Skeletal Horse",
    "Type": "Profile",
    "BaseId": "4",
    "DisplayableDataIds": {
      "statline_1301": "",
      "statline_1302": "",
      "statline_1290": ""
    }
  },
  {
    "Id": "115604f7-b1d0-4583-9c87-f3d842f5ecee",
    "Name": "Necropolis Guard (2)",
    "Type": "Profile",
    "BaseId": "9",
    "DisplayableDataIds": {
      "statline_1303": "",
      "statline_1304": "",
      "statline_1305": "",
      "statline_1306": "",
      "statline_7": ""
    }
  },
  {
    "Id": "a7d1c3f8b2e6d9a4c1f5e7d8b",
    "Name": "Ashotet, Custodian of Souls",
    "Type": "Profile",
    "BaseId": "9",
    "DisplayableDataIds": {
      "statline_1307": "",
      "statline_1308": "",
      "statline_1309": "",
      "statline_1310": ""
    }
  },
  {
    "Id": "b4e2c8f7d1a5b9c3e6d7f2a1c",
    "Name": "Rehnepeh, the Undying Sun",
    "Type": "Profile",
    "BaseId": "12",
    "DisplayableDataIds": {
      "statline_1311": "",
      "statline_1312": "",
      "statline_1313": "",
      "statline_1314": "",
      "statline_1315": ""
    }
  },
  {
    "Id": "68357f86790d8280c4b26320",
    "Name": "Skeleton Warriors",
    "Type": "Profile",
    "BaseId": "5",
    "DisplayableDataIds": {
      "statline_1316": "",
      "statline_1317": "",
      "statline_1318": ""
    }
  },
  {
    "Id": "68357f86790d8280c4b26374",
    "Name": "Skeleton Archers",
    "Type": "Profile",
    "BaseId": "5",
    "DisplayableDataIds": {
      "statline_1319": "",
      "statline_1320": "",
      "statline_1321": ""
    }
  },
  {
    "Id": "68357f86790d8280c4b263bf",
    "Name": "Skeleton Cavalry",
    "Type": "Profile",
    "BaseId": "4",
    "DisplayableDataIds": {
      "statline_1322": "",
      "statline_1323": "",
      "statline_1324": "",
      "statline_1290": ""
    }
  },
  {
    "Id": "68357f86790d8280c4b263fe",
    "Name": "Skeleton Scouts",
    "Type": "Profile",
    "BaseId": "4",
    "DisplayableDataIds": {
      "statline_1325": "",
      "statline_1326": "",
      "statline_1327": "",
      "statline_1290": ""
    }
  },
  {
    "Id": "68357f87790d8280c4b26437",
    "Name": "Skeleton Chariots",
    "Type": "Profile",
    "BaseId": "2",
    "DisplayableDataIds": {
      "statline_1328": "",
      "statline_1329": "",
      "statline_1330": "",
      "statline_1293": "",
      "statline_7": ""
    }
  },
  {
    "Id": "68357f87790d8280c4b26489",
    "Name": "Casket of Phatep",
    "Type": "Profile",
    "BaseId": "15",
    "DisplayableDataIds": {
      "statline_1331": "",
      "statline_1332": "",
      "statline_1333": ""
    }
  },
  {
    "Id": "68357f87790d8280c4b26490",
    "Name": "Necropolis Guard",
    "Type": "Profile",
    "BaseId": "5",
    "DisplayableDataIds": {
      "statline_1334": "",
      "statline_1335": "",
      "statline_1336": ""
    }
  },
  {
    "Id": "68357f87790d8280c4b264de",
    "Name": "Tomb Cataphracts",
    "Type": "Profile",
    "BaseId": "2",
    "DisplayableDataIds": {
      "statline_1337": "",
      "statline_1338": "",
      "statline_1339": "",
      "statline_1296": ""
    }
  },
  {
    "Id": "68357f87790d8280c4b26520",
    "Name": "Shabtis",
    "Type": "Profile",
    "BaseId": "3",
    "DisplayableDataIds": {
      "statline_1340": "",
      "statline_1341": "",
      "statline_1342": ""
    }
  },
  {
    "Id": "68357f88790d8280c4b2656b",
    "Name": "Great Vultures",
    "Type": "Profile",
    "BaseId": "3",
    "DisplayableDataIds": {
      "statline_1343": "",
      "statline_1344": "",
      "statline_1345": ""
    }
  },
  {
    "Id": "68357f88790d8280c4b26572",
    "Name": "Scarab Swarms",
    "Type": "Profile",
    "BaseId": "3",
    "DisplayableDataIds": {
      "statline_1346": "",
      "statline_1347": "",
      "statline_1348": ""
    }
  },
  {
    "Id": "68357f88790d8280c4b2657b",
    "Name": "Shabti Archers",
    "Type": "Profile",
    "BaseId": "3",
    "DisplayableDataIds": {
      "statline_1349": "",
      "statline_1350": "",
      "statline_1351": ""
    }
  },
  {
    "Id": "68357f88790d8280c4b265a2",
    "Name": "Sand Stalkers",
    "Type": "Profile",
    "BaseId": "2",
    "DisplayableDataIds": {
      "statline_1352": "",
      "statline_1353": "",
      "statline_1354": ""
    }
  },
  {
    "Id": "68357f88790d8280c4b265bc",
    "Name": "Charnel Catapult",
    "Type": "Profile",
    "BaseId": "15",
    "DisplayableDataIds": {
      "statline_1355": "",
      "statline_1356": "",
      "statline_1357": ""
    }
  },
  {
    "Id": "68357f89790d8280c4b265c2",
    "Name": "Sand Scorpion",
    "Type": "Profile",
    "BaseId": "6",
    "DisplayableDataIds": {
      "statline_1358": "",
      "statline_1359": "",
      "statline_1360": ""
    }
  },
  {
    "Id": "68357f89790d8280c4b265c8",
    "Name": "Dread Sphinx",
    "Type": "Profile",
    "BaseId": "2",
    "DisplayableDataIds": {
      "statline_1361": "",
      "statline_1362": "",
      "statline_1363": ""
    }
  },
  {
    "Id": "68357f89790d8280c4b265cb",
    "Name": "Battle Sphinx",
    "Type": "Profile",
    "BaseId": "2",
    "DisplayableDataIds": {
      "statline_1364": "",
      "statline_1365": "",
      "statline_1366": "",
      "statline_1367": ""
    }
  },
  {
    "Id": "68357f89790d8280c4b265cf",
    "Name": "Tomb Reapers",
    "Type": "Profile",
    "BaseId": "7",
    "DisplayableDataIds": {
      "statline_1368": "",
      "statline_1369": "",
      "statline_1370": ""
    }
  },
  {
    "Id": "68357f8a790d8280c4b265d8",
    "Name": "Colossus",
    "Type": "Profile",
    "BaseId": "6",
    "DisplayableDataIds": {
      "statline_1371": "",
      "statline_1372": "",
      "statline_1373": ""
    }
  }
]