[
  {
    "Id": "statline_1272",
    "Name": "Pharaoh",
    "Type": "Statline",
    "Attributes": {
      "Ad": "4",
      "Ma": "4",
      "Di": "9",
      "Hgt": "1"
    },
    "DisplayableDataIds": {
      "rule_1854": "(1)",
      "rule_474": "",
      "rule_42": "",
      "rule_475": "",
      "rule_21": "",
      "rule_3": "",
      "rule_4": ""
    }
  },
  {
    "Id": "statline_1273",
    "Name": "Pharaoh",
    "Type": "Statline",
    "Attributes": {
      "HP": "4",
      "Df": "6",
      "Re": "5",
      "Arm": "2"
    },
    "DisplayableDataIds": {
      "rule_321": "(Flaming Attacks)"
    }
  },
  {
    "Id": "statline_1274",
    "Name": "Pharaoh",
    "Type": "Statline",
    "Attributes": {
      "At": "4",
      "Of": "6",
      "St": "5",
      "AP": "2",
      "Ag": "3"
    }
  },
  {
    "Id": "statline_1275",
    "Name": "Skeletal Horse",
    "Type": "Statline",
    "Attributes": {
      "Ad": "8",
      "Ma": "8",
      "Di": "9",
      "Hgt": "2"
    },
    "DisplayableDataIds": {
      "rule_1854": "(1)",
      "rule_474": "",
      "rule_42": "",
      "rule_475": "",
      "rule_21": "",
      "rule_3": "",
      "rule_5": "",
      "rule_4": ""
    }
  },
  {
    "Id": "statline_1276",
    "Name": "Skeletal Horse",
    "Type": "Statline",
    "Attributes": {
      "HP": "4",
      "Df": "8",
      "Re": "5",
      "Arm": "3"
    },
    "DisplayableDataIds": {
      "rule_321": "(Flaming Attacks)"
    }
  },
  {
    "Id": "statline_1277",
    "Name": "Skeletal Horse",
    "Type": "Statline",
    "Attributes": {
      "At": "1",
      "Of": "4",
      "St": "3",
      "AP": "0",
      "Ag": "2"
    }
  },
  {
    "Id": "statline_1278",
    "Name": "Skeletal Horse (2)",
    "Type": "Statline",
    "Attributes": {
      "Ad": "8",
      "Ma": "5",
      "Di": "9",
      "Hgt": "4"
    },
    "DisplayableDataIds": {
      "rule_1854": "(1)",
      "rule_474": "",
      "rule_42": "",
      "rule_475": "",
      "rule_21": "",
      "rule_3": "",
      "rule_476": "",
      "rule_4": "",
      "rule_5": "",
      "rule_6": "(Skeleton Chariots)"
    }
  },
  {
    "Id": "statline_1279",
    "Name": "Skeletal Horse (2)",
    "Type": "Statline",
    "Attributes": {
      "HP": "4",
      "Df": "8",
      "Re": "5",
      "Arm": "3"
    },
    "DisplayableDataIds": {
      "rule_321": "(Flaming Attacks)"
    }
  },
  {
    "Id": "statline_1280",
    "Name": "Skeletal Horse (2)",
    "Type": "Statline",
    "Attributes": {
      "At": "1",
      "Of": "4",
      "St": "3",
      "AP": "0",
      "Ag": "2"
    }
  },
  {
    "Id": "statline_1281",
    "Name": "Chassis",
    "Type": "Statline",
    "Attributes": {
      "At": null,
      "Of": "2",
      "St": "5",
      "AP": "2",
      "Ag": null
    },
    "DisplayableDataIds": {
      "rule_10": "(D3+3)"
    }
  },
  {
    "Id": "statline_1282",
    "Name": "Sha Guardian",
    "Type": "Statline",
    "Attributes": {
      "Ad": "6",
      "Ma": "6",
      "Di": "9",
      "Hgt": "5"
    },
    "DisplayableDataIds": {
      "rule_1854": "(1)",
      "rule_474": "",
      "rule_42": "",
      "rule_475": "",
      "rule_21": "",
      "rule_3": "",
      "rule_477": "",
      "rule_5": "",
      "rule_45": "",
      "rule_11": "",
      "rule_4": ""
    }
  },
  {
    "Id": "statline_1283",
    "Name": "Sha Guardian",
    "Type": "Statline",
    "Attributes": {
      "HP": "6",
      "Df": "4",
      "Re": "8",
      "Arm": "4"
    },
    "DisplayableDataIds": {
      "rule_321": "(Flaming Attacks)",
      "rule_479": ""
    }
  },
  {
    "Id": "statline_1284",
    "Name": "Sha Guardian",
    "Type": "Statline",
    "Attributes": {
      "At": "5",
      "Of": "4",
      "St": "5",
      "AP": "2",
      "Ag": "1"
    },
    "DisplayableDataIds": {
      "rule_52": "",
      "rule_55": "",
      "rule_46": "(D6)"
    }
  },
  {
    "Id": "statline_1285",
    "Name": "Nomarch",
    "Type": "Statline",
    "Attributes": {
      "Ad": "4",
      "Ma": "4",
      "Di": "8",
      "Hgt": "1"
    },
    "DisplayableDataIds": {
      "rule_1854": "(1)",
      "rule_474": "",
      "rule_42": "",
      "rule_21": "",
      "rule_17": "",
      "rule_18": "",
      "rule_480": "",
      "rule_4": ""
    }
  },
  {
    "Id": "statline_1286",
    "Name": "Nomarch",
    "Type": "Statline",
    "Attributes": {
      "HP": "3",
      "Df": "4",
      "Re": "5",
      "Arm": "2"
    },
    "DisplayableDataIds": {
      "rule_321": "(Flaming Attacks)"
    }
  },
  {
    "Id": "statline_1287",
    "Name": "Nomarch",
    "Type": "Statline",
    "Attributes": {
      "At": "3",
      "Of": "4",
      "St": "4",
      "AP": "1",
      "Ag": "3"
    },
    "DisplayableDataIds": {
      "rule_481": ""
    }
  },
  {
    "Id": "statline_1288",
    "Name": "Skeletal Horse",
    "Type": "Statline",
    "Attributes": {
      "Ad": "8",
      "Ma": "8",
      "Di": "8",
      "Hgt": "2"
    },
    "DisplayableDataIds": {
      "rule_1854": "(1)",
      "rule_474": "",
      "rule_42": "",
      "rule_21": "",
      "rule_5": "",
      "rule_17": "",
      "rule_18": "",
      "rule_480": "",
      "rule_4": ""
    }
  },
  {
    "Id": "statline_1289",
    "Name": "Skeletal Horse",
    "Type": "Statline",
    "Attributes": {
      "HP": "3",
      "Df": "4",
      "Re": "5",
      "Arm": "3"
    },
    "DisplayableDataIds": {
      "rule_321": "(Flaming Attacks)"
    }
  },
  {
    "Id": "statline_1290",
    "Name": "Skeletal Horse",
    "Type": "Statline",
    "Attributes": {
      "At": "1",
      "Of": "2",
      "St": "3",
      "AP": "0",
      "Ag": "2"
    }
  },
  {
    "Id": "statline_1291",
    "Name": "Skeletal Horse (2)",
    "Type": "Statline",
    "Attributes": {
      "Ad": "8",
      "Ma": "5",
      "Di": "8",
      "Hgt": "4"
    },
    "DisplayableDataIds": {
      "rule_1854": "(1)",
      "rule_474": "",
      "rule_42": "",
      "rule_21": "",
      "rule_476": "",
      "rule_4": "",
      "rule_5": "",
      "rule_6": "(Skeleton Chariots)",
      "rule_17": "",
      "rule_18": "",
      "rule_480": ""
    }
  },
  {
    "Id": "statline_1292",
    "Name": "Skeletal Horse (2)",
    "Type": "Statline",
    "Attributes": {
      "HP": "3",
      "Df": "4",
      "Re": "5",
      "Arm": "3"
    },
    "DisplayableDataIds": {
      "rule_321": "(Flaming Attacks)"
    }
  },
  {
    "Id": "statline_1293",
    "Name": "Skeletal Horse (2)",
    "Type": "Statline",
    "Attributes": {
      "At": "1",
      "Of": "2",
      "St": "3",
      "AP": "0",
      "Ag": "2"
    }
  },
  {
    "Id": "statline_1294",
    "Name": "Amuut",
    "Type": "Statline",
    "Attributes": {
      "Ad": "7",
      "Ma": "7",
      "Di": "8",
      "Hgt": "4"
    },
    "DisplayableDataIds": {
      "rule_1854": "(1)",
      "rule_474": "",
      "rule_42": "",
      "rule_21": "",
      "rule_477": "",
      "rule_5": "",
      "rule_17": "",
      "rule_480": "",
      "rule_4": ""
    }
  },
  {
    "Id": "statline_1295",
    "Name": "Amuut",
    "Type": "Statline",
    "Attributes": {
      "HP": "3",
      "Df": "4",
      "Re": "5",
      "Arm": "3"
    },
    "DisplayableDataIds": {
      "rule_321": "(Flaming Attacks)"
    }
  },
  {
    "Id": "statline_1296",
    "Name": "Amuut",
    "Type": "Statline",
    "Attributes": {
      "At": "3",
      "Of": "3",
      "St": "5",
      "AP": "2",
      "Ag": "3"
    },
    "DisplayableDataIds": {
      "rule_55": "",
      "rule_46": "(1)"
    }
  },
  {
    "Id": "statline_1297",
    "Name": "Sha Guardian",
    "Type": "Statline",
    "Attributes": {
      "Ad": "6",
      "Ma": "6",
      "Di": "8",
      "Hgt": "5"
    },
    "DisplayableDataIds": {
      "rule_1854": "(1)",
      "rule_474": "",
      "rule_42": "",
      "rule_21": "",
      "rule_477": "",
      "rule_5": "",
      "rule_45": "",
      "rule_11": "",
      "rule_17": "",
      "rule_18": "",
      "rule_480": "",
      "rule_4": ""
    }
  },
  {
    "Id": "statline_1298",
    "Name": "Death Cult Hierarch",
    "Type": "Statline",
    "Attributes": {
      "Ad": "4",
      "Ma": "4",
      "Di": "7",
      "Hgt": "1"
    },
    "DisplayableDataIds": {
      "rule_1854": "(1)",
      "rule_474": "",
      "rule_42": "",
      "rule_21": "",
      "rule_482": "",
      "rule_4": "",
      "rule_112": ""
    }
  },
  {
    "Id": "statline_1299",
    "Name": "Death Cult Hierarch",
    "Type": "Statline",
    "Attributes": {
      "HP": "3",
      "Df": "3",
      "Re": "3",
      "Arm": "0"
    }
  },
  {
    "Id": "statline_1300",
    "Name": "Death Cult Hierarch",
    "Type": "Statline",
    "Attributes": {
      "At": "1",
      "Of": "3",
      "St": "3",
      "AP": "0",
      "Ag": "2"
    }
  },
  {
    "Id": "statline_1301",
    "Name": "Skeletal Horse",
    "Type": "Statline",
    "Attributes": {
      "Ad": "8",
      "Ma": "8",
      "Di": "7",
      "Hgt": "2"
    },
    "DisplayableDataIds": {
      "rule_1854": "(1)",
      "rule_474": "",
      "rule_42": "",
      "rule_21": "",
      "rule_482": "",
      "rule_5": "",
      "rule_4": "",
      "rule_112": ""
    }
  },
  {
    "Id": "statline_1302",
    "Name": "Skeletal Horse",
    "Type": "Statline",
    "Attributes": {
      "HP": "3",
      "Df": "3",
      "Re": "3",
      "Arm": "1"
    }
  },
  {
    "Id": "statline_1303",
    "Name": "Necropolis Guard (2)",
    "Type": "Statline",
    "Attributes": {
      "Ad": "0",
      "Ma": "4",
      "Di": "7",
      "Hgt": "4"
    },
    "DisplayableDataIds": {
      "rule_1854": "(1)",
      "rule_474": "",
      "rule_42": "",
      "rule_21": "",
      "rule_482": "",
      "rule_105": "",
      "rule_4": "",
      "rule_483": "",
      "rule_6": "(Height 1)",
      "rule_112": ""
    }
  },
  {
    "Id": "statline_1304",
    "Name": "Necropolis Guard (2)",
    "Type": "Statline",
    "Attributes": {
      "HP": "5",
      "Df": "3",
      "Re": "5",
      "Arm": "2"
    },
    "DisplayableDataIds": {
      "rule_51": "(5+)"
    }
  },
  {
    "Id": "statline_1305",
    "Name": "Necropolis Guard (2)",
    "Type": "Statline",
    "Attributes": {
      "At": "1",
      "Of": "3",
      "St": "4",
      "AP": "1",
      "Ag": "3"
    },
    "DisplayableDataIds": {
      "rule_481": "",
      "rule_52": "",
      "rule_31": "(4+)"
    }
  },
  {
    "Id": "statline_1306",
    "Name": "Bound Spirits",
    "Type": "Statline",
    "Attributes": {
      "At": "2",
      "Of": "2",
      "St": "2",
      "AP": "0",
      "Ag": "2"
    },
    "DisplayableDataIds": {
      "rule_134": ""
    }
  },
  {
    "Id": "statline_1307",
    "Name": "Ashotet, Custodian of Souls",
    "Type": "Statline",
    "Attributes": {
      "Ad": "4",
      "Ma": "7",
      "Di": "1",
      "Hgt": "3"
    },
    "DisplayableDataIds": {
      "rule_1854": "(1)",
      "rule_1090": "",
      "rule_114": "(1)",
      "rule_482": "",
      "rule_6": "(Tormented Souls)",
      "rule_21": "",
      "rule_430": "",
      "rule_4": "",
      "rule_1057": "",
      "rule_1091": "",
      "rule_1092": "",
      "rule_1093": "",
      "rule_474": "",
      "rule_42": "",
      "rule_147": "",
      "rule_51": "(5+, against Magical Attacks)",
      "rule_111": "",
      "rule_134": ""
    }
  },
  {
    "Id": "statline_1308",
    "Name": "Ashotet, Custodian of Souls",
    "Type": "Statline",
    "Attributes": {
      "HP": "5",
      "Df": "3",
      "Re": "4",
      "Arm": "0"
    },
    "DisplayableDataIds": {
      "rule_51": "(5+, against Magical Attacks)"
    }
  },
  {
    "Id": "statline_1309",
    "Name": "Ashotet",
    "Type": "Statline",
    "Attributes": {
      "At": "1",
      "Of": "3",
      "St": "3",
      "AP": "0",
      "Ag": "2"
    },
    "DisplayableDataIds": {
      "rule_111": "",
      "rule_134": ""
    }
  },
  {
    "Id": "statline_1310",
    "Name": "  Spectral Guard (6)",
    "Type": "Statline",
    "Attributes": {
      "At": "1",
      "Of": "3",
      "St": "3",
      "AP": "0",
      "Ag": "2"
    },
    "DisplayableDataIds": {
      "rule_111": "",
      "rule_134": ""
    }
  },
  {
    "Id": "statline_1311",
    "Name": "Rehnepeh, the Undying Sun",
    "Type": "Statline",
    "Attributes": {
      "Ad": "8",
      "Ma": "5",
      "Di": "9",
      "Hgt": "4"
    },
    "DisplayableDataIds": {
      "rule_1854": "(1)",
      "rule_3": "",
      "rule_21": "",
      "rule_430": "",
      "rule_1095": "",
      "rule_1096": "",
      "rule_42": ""
    }
  },
  {
    "Id": "statline_1312",
    "Name": "Rehnepeh, the Undying Sun",
    "Type": "Statline",
    "Attributes": {
      "HP": "4",
      "Df": "6",
      "Re": "5",
      "Arm": "3"
    },
    "DisplayableDataIds": {
      "rule_142": "(Flaming Attacks)",
      "rule_27": ""
    }
  },
  {
    "Id": "statline_1313",
    "Name": "Rehnepeh",
    "Type": "Statline",
    "Attributes": {
      "At": "4",
      "Of": "6",
      "St": "5",
      "AP": "2",
      "Ag": "3"
    },
    "DisplayableDataIds": {
      "rule_1094": ""
    }
  },
  {
    "Id": "statline_1314",
    "Name": " Skeletal Horse (4)",
    "Type": "Statline",
    "Attributes": {
      "At": "1",
      "Of": "2",
      "St": "3",
      "AP": "0",
      "Ag": "2"
    },
    "DisplayableDataIds": {
      "rule_149": "(1 hit)"
    }
  },
  {
    "Id": "statline_1315",
    "Name": "Chassis",
    "Type": "Statline",
    "Attributes": {
      "At": "",
      "Of": "",
      "St": "5",
      "AP": "2",
      "Ag": ""
    },
    "DisplayableDataIds": {
      "rule_42": ""
    }
  },
  {
    "Id": "statline_1316",
    "Name": "Skeleton Warriors",
    "Type": "Statline",
    "Attributes": {
      "Ad": "4",
      "Ma": "4",
      "Di": "4",
      "Hgt": "1"
    },
    "DisplayableDataIds": {
      "rule_1854": "(6)",
      "rule_474": "",
      "rule_42": "",
      "rule_484": "",
      "rule_21": ""
    }
  },
  {
    "Id": "statline_1317",
    "Name": "Skeleton Warriors",
    "Type": "Statline",
    "Attributes": {
      "HP": "1",
      "Df": "3",
      "Re": "3",
      "Arm": "1"
    }
  },
  {
    "Id": "statline_1318",
    "Name": "Skeleton Warrior",
    "Type": "Statline",
    "Attributes": {
      "At": "1",
      "Of": "3",
      "St": "3",
      "AP": "0",
      "Ag": "2"
    }
  },
  {
    "Id": "statline_1319",
    "Name": "Skeleton Archers",
    "Type": "Statline",
    "Attributes": {
      "Ad": "4",
      "Ma": "4",
      "Di": "4",
      "Hgt": "1"
    },
    "DisplayableDataIds": {
      "rule_1854": "(6)",
      "rule_474": "",
      "rule_42": "",
      "rule_484": "",
      "rule_21": ""
    }
  },
  {
    "Id": "statline_1320",
    "Name": "Skeleton Archers",
    "Type": "Statline",
    "Attributes": {
      "HP": "1",
      "Df": "2",
      "Re": "3",
      "Arm": "1"
    }
  },
  {
    "Id": "statline_1321",
    "Name": "Skeleton Archer",
    "Type": "Statline",
    "Attributes": {
      "At": "1",
      "Of": "2",
      "St": "3",
      "AP": "0",
      "Ag": "2"
    },
    "DisplayableDataIds": {
      "rule_481": "",
      "rule_31": "(5+)"
    }
  },
  {
    "Id": "statline_1322",
    "Name": "Skeleton Cavalry",
    "Type": "Statline",
    "Attributes": {
      "Ad": "8",
      "Ma": "8",
      "Di": "4",
      "Hgt": "2"
    },
    "DisplayableDataIds": {
      "rule_1854": "(4)",
      "rule_474": "",
      "rule_42": "",
      "rule_484": "",
      "rule_21": "",
      "rule_5": "",
      "rule_35": ""
    }
  },
  {
    "Id": "statline_1323",
    "Name": "Skeleton Cavalry",
    "Type": "Statline",
    "Attributes": {
      "HP": "1",
      "Df": "3",
      "Re": "3",
      "Arm": "2"
    },
    "DisplayableDataIds": {
      "rule_27": ""
    }
  },
  {
    "Id": "statline_1324",
    "Name": "Rider",
    "Type": "Statline",
    "Attributes": {
      "At": "1",
      "Of": "3",
      "St": "3",
      "AP": "0",
      "Ag": "2"
    },
    "DisplayableDataIds": {
      "rule_278": ""
    }
  },
  {
    "Id": "statline_1325",
    "Name": "Skeleton Scouts",
    "Type": "Statline",
    "Attributes": {
      "Ad": "8",
      "Ma": "8",
      "Di": "4",
      "Hgt": "2"
    },
    "DisplayableDataIds": {
      "rule_1854": "(4)",
      "rule_474": "",
      "rule_42": "",
      "rule_484": "",
      "rule_5": "",
      "rule_35": "",
      "rule_30": "",
      "rule_4": "",
      "rule_21": ""
    }
  },
  {
    "Id": "statline_1326",
    "Name": "Skeleton Scouts",
    "Type": "Statline",
    "Attributes": {
      "HP": "1",
      "Df": "2",
      "Re": "3",
      "Arm": "1"
    }
  },
  {
    "Id": "statline_1327",
    "Name": "Rider",
    "Type": "Statline",
    "Attributes": {
      "At": "1",
      "Of": "2",
      "St": "3",
      "AP": "0",
      "Ag": "2"
    },
    "DisplayableDataIds": {
      "rule_481": "",
      "rule_31": "(4+)"
    }
  },
  {
    "Id": "statline_1328",
    "Name": "Skeleton Chariots",
    "Type": "Statline",
    "Attributes": {
      "Ad": "8",
      "Ma": "5",
      "Di": "7",
      "Hgt": "4"
    },
    "DisplayableDataIds": {
      "rule_1854": "(3)",
      "rule_474": "",
      "rule_42": "",
      "rule_484": "",
      "rule_5": "",
      "rule_4": "",
      "rule_21": "",
      "rule_476": ""
    }
  },
  {
    "Id": "statline_1329",
    "Name": "Skeleton Chariots",
    "Type": "Statline",
    "Attributes": {
      "HP": "3",
      "Df": "3",
      "Re": "4",
      "Arm": "3"
    }
  },
  {
    "Id": "statline_1330",
    "Name": "Charioteer (2)",
    "Type": "Statline",
    "Attributes": {
      "At": "1",
      "Of": "3",
      "St": "4",
      "AP": "1",
      "Ag": "3"
    }
  },
  {
    "Id": "statline_1331",
    "Name": "Casket of Phatep",
    "Type": "Statline",
    "Attributes": {
      "Ad": "0",
      "Ma": "0",
      "Di": "7",
      "Hgt": "2"
    },
    "DisplayableDataIds": {
      "rule_1854": "(1)",
      "rule_474": "",
      "rule_42": "",
      "rule_484": "",
      "rule_196": "",
      "rule_485": "",
      "rule_21": "",
      "rule_219": "(2)"
    }
  },
  {
    "Id": "statline_1332",
    "Name": "Casket of Phatep",
    "Type": "Statline",
    "Attributes": {
      "HP": "5",
      "Df": "1",
      "Re": "4",
      "Arm": "2"
    },
    "DisplayableDataIds": {
      "rule_51": "(5+)"
    }
  },
  {
    "Id": "statline_1333",
    "Name": "Necropolis Guards (3)",
    "Type": "Statline",
    "Attributes": {
      "At": "1",
      "Of": "3",
      "St": "4",
      "AP": "1",
      "Ag": "3"
    },
    "DisplayableDataIds": {
      "rule_52": "",
      "rule_37": ""
    }
  },
  {
    "Id": "statline_1334",
    "Name": "Necropolis Guard",
    "Type": "Statline",
    "Attributes": {
      "Ad": "4",
      "Ma": "4",
      "Di": "7",
      "Hgt": "1"
    },
    "DisplayableDataIds": {
      "rule_1854": "(4)",
      "rule_474": "",
      "rule_231": "",
      "rule_42": "",
      "rule_484": "",
      "rule_36": "(Nomarch, Pharaoh)",
      "rule_21": ""
    }
  },
  {
    "Id": "statline_1335",
    "Name": "Necropolis Guard",
    "Type": "Statline",
    "Attributes": {
      "HP": "1",
      "Df": "3",
      "Re": "4",
      "Arm": "1"
    }
  },
  {
    "Id": "statline_1336",
    "Name": "Necropolis Guard",
    "Type": "Statline",
    "Attributes": {
      "At": "1",
      "Of": "3",
      "St": "4",
      "AP": "1",
      "Ag": "3"
    },
    "DisplayableDataIds": {
      "rule_52": ""
    }
  },
  {
    "Id": "statline_1337",
    "Name": "Tomb Cataphracts",
    "Type": "Statline",
    "Attributes": {
      "Ad": "7",
      "Ma": "7",
      "Di": "7",
      "Hgt": "4"
    },
    "DisplayableDataIds": {
      "rule_1854": "(2)",
      "rule_477": "",
      "rule_21": "",
      "rule_474": "",
      "rule_42": "",
      "rule_5": ""
    }
  },
  {
    "Id": "statline_1338",
    "Name": "Tomb Cataphracts",
    "Type": "Statline",
    "Attributes": {
      "HP": "3",
      "Df": "3",
      "Re": "4",
      "Arm": "4"
    }
  },
  {
    "Id": "statline_1339",
    "Name": "Rider",
    "Type": "Statline",
    "Attributes": {
      "At": "1",
      "Of": "3",
      "St": "4",
      "AP": "1",
      "Ag": "3"
    },
    "DisplayableDataIds": {
      "rule_52": "",
      "rule_37": ""
    }
  },
  {
    "Id": "statline_1340",
    "Name": "Shabtis",
    "Type": "Statline",
    "Attributes": {
      "Ad": "6",
      "Ma": "6",
      "Di": "8",
      "Hgt": "3"
    },
    "DisplayableDataIds": {
      "rule_1854": "(2)",
      "rule_477": "",
      "rule_21": "",
      "rule_474": "",
      "rule_42": ""
    }
  },
  {
    "Id": "statline_1341",
    "Name": "Shabtis",
    "Type": "Statline",
    "Attributes": {
      "HP": "3",
      "Df": "4",
      "Re": "4",
      "Arm": "3"
    }
  },
  {
    "Id": "statline_1342",
    "Name": "Shabti",
    "Type": "Statline",
    "Attributes": {
      "At": "3",
      "Of": "4",
      "St": "5",
      "AP": "2",
      "Ag": "2"
    }
  },
  {
    "Id": "statline_1343",
    "Name": "Great Vultures",
    "Type": "Statline",
    "Attributes": {
      "Ad": "9",
      "Ma": "9",
      "Di": "4",
      "Hgt": "1"
    },
    "DisplayableDataIds": {
      "rule_1854": "(3)",
      "rule_474": "",
      "rule_24": "",
      "rule_42": "",
      "rule_484": "",
      "rule_28": "",
      "rule_44": "",
      "rule_4": "",
      "rule_21": "",
      "rule_5": "",
      "rule_11": ""
    }
  },
  {
    "Id": "statline_1344",
    "Name": "Great Vultures",
    "Type": "Statline",
    "Attributes": {
      "HP": "2",
      "Df": "3",
      "Re": "4",
      "Arm": "0"
    },
    "DisplayableDataIds": {
      "rule_29": "(1)"
    }
  },
  {
    "Id": "statline_1345",
    "Name": "Great Vulture",
    "Type": "Statline",
    "Attributes": {
      "At": "3",
      "Of": "3",
      "St": "4",
      "AP": "1",
      "Ag": "3"
    }
  },
  {
    "Id": "statline_1346",
    "Name": "Scarab Swarms",
    "Type": "Statline",
    "Attributes": {
      "Ad": "6",
      "Ma": "6",
      "Di": "4",
      "Hgt": "0"
    },
    "DisplayableDataIds": {
      "rule_1854": "(4)",
      "rule_474": "",
      "rule_24": "",
      "rule_42": "",
      "rule_484": "",
      "rule_28": "",
      "rule_4": "",
      "rule_21": "",
      "rule_5": "",
      "rule_11": "",
      "rule_188": "(-1 Agi)"
    }
  },
  {
    "Id": "statline_1347",
    "Name": "Scarab Swarms",
    "Type": "Statline",
    "Attributes": {
      "HP": "5",
      "Df": "2",
      "Re": "2",
      "Arm": "0"
    },
    "DisplayableDataIds": {
      "rule_121": "(1)",
      "rule_29": "(1)"
    }
  },
  {
    "Id": "statline_1348",
    "Name": "Scarab Swarm",
    "Type": "Statline",
    "Attributes": {
      "At": "6",
      "Of": "2",
      "St": "2",
      "AP": "1",
      "Ag": "2"
    },
    "DisplayableDataIds": {
      "rule_55": ""
    }
  },
  {
    "Id": "statline_1349",
    "Name": "Shabti Archers",
    "Type": "Statline",
    "Attributes": {
      "Ad": "6",
      "Ma": "6",
      "Di": "8",
      "Hgt": "3"
    },
    "DisplayableDataIds": {
      "rule_1854": "(2)",
      "rule_477": "",
      "rule_21": "",
      "rule_474": "",
      "rule_42": ""
    }
  },
  {
    "Id": "statline_1350",
    "Name": "Shabti Archers",
    "Type": "Statline",
    "Attributes": {
      "HP": "3",
      "Df": "4",
      "Re": "4",
      "Arm": "3"
    }
  },
  {
    "Id": "statline_1351",
    "Name": "Shabti Archer",
    "Type": "Statline",
    "Attributes": {
      "At": "3",
      "Of": "4",
      "St": "5",
      "AP": "2",
      "Ag": "2"
    },
    "DisplayableDataIds": {
      "rule_486": "(4+)"
    }
  },
  {
    "Id": "statline_1352",
    "Name": "Sand Stalkers",
    "Type": "Statline",
    "Attributes": {
      "Ad": "7",
      "Ma": "7",
      "Di": "8",
      "Hgt": "3"
    },
    "DisplayableDataIds": {
      "rule_1854": "(2)",
      "rule_476": "",
      "rule_477": "",
      "rule_4": "",
      "rule_21": "",
      "rule_474": "",
      "rule_42": ""
    }
  },
  {
    "Id": "statline_1353",
    "Name": "Sand Stalkers",
    "Type": "Statline",
    "Attributes": {
      "HP": "3",
      "Df": "3",
      "Re": "4",
      "Arm": "2"
    }
  },
  {
    "Id": "statline_1354",
    "Name": "Sand Stalker",
    "Type": "Statline",
    "Attributes": {
      "At": "3",
      "Of": "3",
      "St": "5",
      "AP": "2",
      "Ag": "3"
    },
    "DisplayableDataIds": {
      "rule_487": ""
    }
  },
  {
    "Id": "statline_1355",
    "Name": "Charnel Catapult",
    "Type": "Statline",
    "Attributes": {
      "Ad": "0",
      "Ma": "4",
      "Di": "4",
      "Hgt": "2"
    },
    "DisplayableDataIds": {
      "rule_1854": "(2)",
      "rule_474": "",
      "rule_42": "",
      "rule_484": "",
      "rule_196": "",
      "rule_21": ""
    }
  },
  {
    "Id": "statline_1356",
    "Name": "Charnel Catapult",
    "Type": "Statline",
    "Attributes": {
      "HP": "5",
      "Df": "1",
      "Re": "4",
      "Arm": "0"
    }
  },
  {
    "Id": "statline_1357",
    "Name": "Crew",
    "Type": "Statline",
    "Attributes": {
      "At": "3",
      "Of": "2",
      "St": "3",
      "AP": "0",
      "Ag": "2"
    },
    "DisplayableDataIds": {
      "rule_488": "(4+)"
    }
  },
  {
    "Id": "statline_1358",
    "Name": "Sand Scorpion",
    "Type": "Statline",
    "Attributes": {
      "Ad": "7",
      "Ma": "7",
      "Di": "8",
      "Hgt": "3"
    },
    "DisplayableDataIds": {
      "rule_1854": "(2)",
      "rule_4": "",
      "rule_477": "",
      "rule_21": "",
      "rule_34": "(Open Terrain)",
      "rule_474": "",
      "rule_42": "",
      "rule_5": ""
    }
  },
  {
    "Id": "statline_1359",
    "Name": "Sand Scorpion",
    "Type": "Statline",
    "Attributes": {
      "HP": "4",
      "Df": "4",
      "Re": "5",
      "Arm": "2"
    }
  },
  {
    "Id": "statline_1360",
    "Name": "Sand Scorpion",
    "Type": "Statline",
    "Attributes": {
      "At": "4",
      "Of": "4",
      "St": "5",
      "AP": "2",
      "Ag": "3"
    },
    "DisplayableDataIds": {
      "rule_55": "",
      "rule_52": "",
      "rule_46": "(1)"
    }
  },
  {
    "Id": "statline_1361",
    "Name": "Dread Sphinx",
    "Type": "Statline",
    "Attributes": {
      "Ad": "6",
      "Ma": "6",
      "Di": "8",
      "Hgt": "5"
    },
    "DisplayableDataIds": {
      "rule_1854": "(1)",
      "rule_477": "",
      "rule_44": "",
      "rule_476": "",
      "rule_21": "",
      "rule_474": "",
      "rule_42": "",
      "rule_5": "",
      "rule_45": "",
      "rule_11": ""
    }
  },
  {
    "Id": "statline_1362",
    "Name": "Dread Sphinx",
    "Type": "Statline",
    "Attributes": {
      "HP": "6",
      "Df": "4",
      "Re": "8",
      "Arm": "3"
    }
  },
  {
    "Id": "statline_1363",
    "Name": "Dread Sphinx",
    "Type": "Statline",
    "Attributes": {
      "At": "5",
      "Of": "4",
      "St": "5",
      "AP": "2",
      "Ag": "1",
      "Agi": "0"
    },
    "DisplayableDataIds": {
      "rule_55": "",
      "rule_146": "(D3, towards Height 4--5 with 5 or more starting HP)",
      "rule_46": "(D6)",
      "rule_39": ""
    }
  },
  {
    "Id": "statline_1364",
    "Name": "Battle Sphinx",
    "Type": "Statline",
    "Attributes": {
      "Ad": "6",
      "Ma": "6",
      "Di": "8",
      "Hgt": "5"
    },
    "DisplayableDataIds": {
      "rule_1854": "(1)",
      "rule_477": "",
      "rule_21": "",
      "rule_474": "",
      "rule_42": "",
      "rule_41": "",
      "rule_5": "",
      "rule_45": "",
      "rule_11": ""
    }
  },
  {
    "Id": "statline_1365",
    "Name": "Battle Sphinx",
    "Type": "Statline",
    "Attributes": {
      "HP": "6",
      "Df": "4",
      "Re": "8",
      "Arm": "4"
    }
  },
  {
    "Id": "statline_1366",
    "Name": "Rider (5)",
    "Type": "Statline",
    "Attributes": {
      "At": "1",
      "Of": "3",
      "St": "4",
      "AP": "1",
      "Ag": "3"
    },
    "DisplayableDataIds": {
      "rule_52": "",
      "rule_37": ""
    }
  },
  {
    "Id": "statline_1367",
    "Name": "Battle Sphinx",
    "Type": "Statline",
    "Attributes": {
      "At": "5",
      "Of": "4",
      "St": "5",
      "AP": "2",
      "Ag": "1"
    },
    "DisplayableDataIds": {
      "rule_55": "",
      "rule_46": "(D6, Maximised)"
    }
  },
  {
    "Id": "statline_1368",
    "Name": "Tomb Reapers",
    "Type": "Statline",
    "Attributes": {
      "Ad": "6",
      "Ma": "6",
      "Di": "8",
      "Hgt": "4"
    },
    "DisplayableDataIds": {
      "rule_1854": "(2)",
      "rule_477": "",
      "rule_44": "",
      "rule_476": "",
      "rule_5": "",
      "rule_21": "",
      "rule_474": "",
      "rule_42": "",
      "rule_35": "(3\")"
    }
  },
  {
    "Id": "statline_1369",
    "Name": "Tomb Reapers",
    "Type": "Statline",
    "Attributes": {
      "HP": "4",
      "Df": "5",
      "Re": "5",
      "Arm": "3"
    }
  },
  {
    "Id": "statline_1370",
    "Name": "Tomb Reaper",
    "Type": "Statline",
    "Attributes": {
      "At": "4",
      "Of": "5",
      "St": "5",
      "AP": "2",
      "Ag": "4"
    },
    "DisplayableDataIds": {
      "rule_52": "",
      "rule_46": "(1)"
    }
  },
  {
    "Id": "statline_1371",
    "Name": "Colossus",
    "Type": "Statline",
    "Attributes": {
      "Ad": "7",
      "Ma": "7",
      "Di": "8",
      "Hgt": "5"
    },
    "DisplayableDataIds": {
      "rule_1854": "(1)",
      "rule_4": "",
      "rule_477": "",
      "rule_21": "",
      "rule_474": "",
      "rule_42": "",
      "rule_45": "",
      "rule_11": ""
    }
  },
  {
    "Id": "statline_1372",
    "Name": "Colossus",
    "Type": "Statline",
    "Attributes": {
      "HP": "5",
      "Df": "4",
      "Re": "6",
      "Arm": "4"
    }
  },
  {
    "Id": "statline_1373",
    "Name": "Colossus",
    "Type": "Statline",
    "Attributes": {
      "At": "6",
      "Of": "4",
      "St": "6",
      "AP": "3",
      "Ag": "2"
    },
    "DisplayableDataIds": {
      "rule_149": "(D3)",
      "rule_46": "(D6)"
    }
  }
]