[
  {
    "Id": "unit_454",
    "Name": "Pharaoh",
    "Type": "Unit",
    "Attributes": {
      "height": "Standard"
    },
    "BasicProfileIds": [
      "68357f84790d8280c4b25ec3"
    ],
    "DefaultFront": 1,
    "Formation": 1
  },
  {
    "Id": "unit_455",
    "Name": "Pharaoh on Skeletal Horse",
    "Type": "Unit",
    "Attributes": {
      "height": "Standard"
    },
    "BasicProfileIds": [
      "b6d46a1f-8bf9-4f79-9c64-a584b96af6fc"
    ],
    "DefaultFront": 1,
    "Formation": 1
  },
  {
    "Id": "unit_456",
    "Name": "Pharaoh on Skeleton Chariot",
    "Type": "Unit",
    "Attributes": {
      "height": "Large"
    },
    "BasicProfileIds": [
      "faeeb918-063d-4fcb-82b6-22d17a782464"
    ],
    "DefaultFront": 1,
    "Formation": 1
  },
  {
    "Id": "unit_457",
    "Name": "Pharaoh on Sha Guardian",
    "Type": "Unit",
    "Attributes": {
      "height": "Gigantic"
    },
    "BasicProfileIds": [
      "8361dbfe-f13a-48ba-9155-3edfdba97609"
    ],
    "DefaultFront": 1,
    "Formation": 1
  },
  {
    "Id": "unit_458",
    "Name": "Nomarch",
    "Type": "Unit",
    "Attributes": {
      "height": "Standard"
    },
    "BasicProfileIds": [
      "68357f84790d8280c4b2602b"
    ],
    "DefaultFront": 1,
    "Formation": 1
  },
  {
    "Id": "unit_459",
    "Name": "Nomarch on Skeletal Horse",
    "Type": "Unit",
    "Attributes": {
      "height": "Standard"
    },
    "BasicProfileIds": [
      "acece582-6e0e-4e06-a015-64fb11f4ceb0"
    ],
    "DefaultFront": 1,
    "Formation": 1
  },
  {
    "Id": "unit_460",
    "Name": "Nomarch on Skeleton Chariot",
    "Type": "Unit",
    "Attributes": {
      "height": "Large"
    },
    "BasicProfileIds": [
      "ec4efaf4-aa40-4d14-b321-2813ac068d81"
    ],
    "DefaultFront": 1,
    "Formation": 1
  },
  {
    "Id": "unit_461",
    "Name": "Nomarch on Amuut",
    "Type": "Unit",
    "Attributes": {
      "height": "Large"
    },
    "BasicProfileIds": [
      "f0908543-75cd-4824-8fa4-fe14d95b706c"
    ],
    "DefaultFront": 1,
    "Formation": 1
  },
  {
    "Id": "unit_462",
    "Name": "Nomarch on Sha Guardian",
    "Type": "Unit",
    "Attributes": {
      "height": "Gigantic"
    },
    "BasicProfileIds": [
      "37338895-29a6-462f-b894-9552f450e647"
    ],
    "DefaultFront": 1,
    "Formation": 1
  },
  {
    "Id": "unit_463",
    "Name": "Death Cult Hierarch",
    "Type": "Unit",
    "Attributes": {
      "height": "Standard"
    },
    "BasicProfileIds": [
      "68357f85790d8280c4b2624c"
    ],
    "DefaultFront": 1,
    "Formation": 1
  },
  {
    "Id": "unit_464",
    "Name": "Death Cult Hierarch on Skeletal Horse",
    "Type": "Unit",
    "Attributes": {
      "height": "Standard"
    },
    "BasicProfileIds": [
      "45808f95-a5ba-489c-8676-2a37ee58aac0"
    ],
    "DefaultFront": 1,
    "Formation": 1
  },
  {
    "Id": "unit_465",
    "Name": "Death Cult Hierarch on Ark of Ages",
    "Type": "Unit",
    "Attributes": {
      "height": "Large"
    },
    "BasicProfileIds": [
      "115604f7-b1d0-4583-9c87-f3d842f5ecee"
    ],
    "DefaultFront": 1,
    "Formation": 1
  },
  {
    "Id": "unit_466",
    "Name": "Ashotet, Custodian of Souls",
    "Type": "Unit",
    "Attributes": {
      "height": "Large"
    },
    "BasicProfileIds": [
      "a7d1c3f8b2e6d9a4c1f5e7d8b"
    ],
    "DefaultFront": 1,
    "Formation": 1
  },
  {
    "Id": "unit_467",
    "Name": "Rehnepeh, the Undying Sun",
    "Type": "Unit",
    "Attributes": {
      "height": "Large"
    },
    "BasicProfileIds": [
      "b4e2c8f7d1a5b9c3e6d7f2a1c"
    ],
    "DefaultFront": 1,
    "Formation": 1
  },
  {
    "Id": "unit_468",
    "Name": "Skeleton Warriors",
    "Type": "Unit",
    "Attributes": {
      "height": "Standard"
    },
    "BasicProfileIds": [
      "68357f86790d8280c4b26320"
    ],
    "DefaultFront": 5,
    "Formation": 1
  },
  {
    "Id": "unit_469",
    "Name": "Skeleton Archers",
    "Type": "Unit",
    "Attributes": {
      "height": "Standard"
    },
    "BasicProfileIds": [
      "68357f86790d8280c4b26374"
    ],
    "DefaultFront": 5,
    "Formation": 1
  },
  {
    "Id": "unit_470",
    "Name": "Skeleton Cavalry",
    "Type": "Unit",
    "Attributes": {
      "height": "Standard"
    },
    "BasicProfileIds": [
      "68357f86790d8280c4b263bf"
    ],
    "DefaultFront": 5,
    "Formation": 1
  },
  {
    "Id": "unit_471",
    "Name": "Skeleton Scouts",
    "Type": "Unit",
    "Attributes": {
      "height": "Standard"
    },
    "BasicProfileIds": [
      "68357f86790d8280c4b263fe"
    ],
    "DefaultFront": 5,
    "Formation": 1
  },
  {
    "Id": "unit_472",
    "Name": "Skeleton Chariots",
    "Type": "Unit",
    "Attributes": {
      "height": "Large"
    },
    "BasicProfileIds": [
      "68357f87790d8280c4b26437"
    ],
    "DefaultFront": 3,
    "Formation": 1
  },
  {
    "Id": "unit_473",
    "Name": "Casket of Phatep",
    "Type": "Unit",
    "Attributes": {
      "height": "Standard"
    },
    "BasicProfileIds": [
      "68357f87790d8280c4b26489"
    ],
    "DefaultFront": 1,
    "Formation": 1
  },
  {
    "Id": "unit_474",
    "Name": "Necropolis Guard",
    "Type": "Unit",
    "Attributes": {
      "height": "Standard"
    },
    "BasicProfileIds": [
      "68357f87790d8280c4b26490"
    ],
    "DefaultFront": 5,
    "Formation": 1
  },
  {
    "Id": "unit_475",
    "Name": "Tomb Cataphracts",
    "Type": "Unit",
    "Attributes": {
      "height": "Large"
    },
    "BasicProfileIds": [
      "68357f87790d8280c4b264de"
    ],
    "DefaultFront": 3,
    "Formation": 1
  },
  {
    "Id": "unit_476",
    "Name": "Shabtis",
    "Type": "Unit",
    "Attributes": {
      "height": "Large"
    },
    "BasicProfileIds": [
      "68357f87790d8280c4b26520"
    ],
    "DefaultFront": 3,
    "Formation": 1
  },
  {
    "Id": "unit_477",
    "Name": "Great Vultures",
    "Type": "Unit",
    "Attributes": {
      "height": "Standard"
    },
    "BasicProfileIds": [
      "68357f88790d8280c4b2656b"
    ],
    "DefaultFront": 3,
    "Formation": 1
  },
  {
    "Id": "unit_478",
    "Name": "Scarab Swarms",
    "Type": "Unit",
    "Attributes": {
      "height": "Standard"
    },
    "BasicProfileIds": [
      "68357f88790d8280c4b26572"
    ],
    "DefaultFront": 3,
    "Formation": 1
  },
  {
    "Id": "unit_479",
    "Name": "Shabti Archers",
    "Type": "Unit",
    "Attributes": {
      "height": "Large"
    },
    "BasicProfileIds": [
      "68357f88790d8280c4b2657b"
    ],
    "DefaultFront": 3,
    "Formation": 1
  },
  {
    "Id": "unit_480",
    "Name": "Sand Stalkers",
    "Type": "Unit",
    "Attributes": {
      "height": "Large"
    },
    "BasicProfileIds": [
      "68357f88790d8280c4b265a2"
    ],
    "DefaultFront": 3,
    "Formation": 1
  },
  {
    "Id": "unit_481",
    "Name": "Charnel Catapult",
    "Type": "Unit",
    "Attributes": {
      "height": "Standard"
    },
    "BasicProfileIds": [
      "68357f88790d8280c4b265bc"
    ],
    "DefaultFront": 1,
    "Formation": 1
  },
  {
    "Id": "unit_482",
    "Name": "Sand Scorpion",
    "Type": "Unit",
    "Attributes": {
      "height": "Large"
    },
    "BasicProfileIds": [
      "68357f89790d8280c4b265c2"
    ],
    "DefaultFront": 1,
    "Formation": 1
  },
  {
    "Id": "unit_483",
    "Name": "Dread Sphinx",
    "Type": "Unit",
    "Attributes": {
      "height": "Gigantic"
    },
    "BasicProfileIds": [
      "68357f89790d8280c4b265c8"
    ],
    "DefaultFront": 1,
    "Formation": 1
  },
  {
    "Id": "unit_484",
    "Name": "Battle Sphinx",
    "Type": "Unit",
    "Attributes": {
      "height": "Gigantic"
    },
    "BasicProfileIds": [
      "68357f89790d8280c4b265cb"
    ],
    "DefaultFront": 1,
    "Formation": 1
  },
  {
    "Id": "unit_485",
    "Name": "Tomb Reapers",
    "Type": "Unit",
    "Attributes": {
      "height": "Large"
    },
    "BasicProfileIds": [
      "68357f89790d8280c4b265cf"
    ],
    "DefaultFront": 3,
    "Formation": 1
  },
  {
    "Id": "unit_486",
    "Name": "Colossus",
    "Type": "Unit",
    "Attributes": {
      "height": "Gigantic"
    },
    "BasicProfileIds": [
      "68357f8a790d8280c4b265d8"
    ],
    "DefaultFront": 1,
    "Formation": 1
  }
]