[
  {
    "Id": "a01d23dc-6428-4a08-9953-ac6da3bfd3d4",
    "Name": "Tusker",
    "Type": "UnitGlobalChange"
  },
  {
    "Id": "2f7332f8-c082-4429-8d89-ac288c876410",
    "Name": "Rock Aurochs",
    "Type": "UnitGlobalChange"
  },
  {
    "Id": "0104b44a-fd2d-4fbc-9953-4055e000974e",
    "Name": "Brace of Ogre Pistol",
    "Type": "UnitSwapDisplayable"
  },
  {
    "Id": "f43504c1-9c2d-4154-868e-c35c704570ab",
    "Name": "Brace of Ogre Pistols",
    "Type": "UnitSwapDisplayable",
    "DisplayableDataIdToAdd": {
      "rule_400": ""
    }
  },
  {
    "Id": "5c09de41-0fad-4198-8a25-e84b655de971",
    "Name": "Chassis",
    "Type": "UnitSwapDisplayable"
  },
  {
    "Id": "e2c9138d-b228-4abe-b390-52d20667913c",
    "Name": "Iron Fist ",
    "Type": "UnitSwapDisplayable",
    "DisplayableDataIdToAdd": {
      "rule_892": ""
    }
  },
  {
    "Id": "6d4f5ea1-92e8-4890-af3a-37b4e7a24366",
    "Name": "Ogre Crossbow",
    "Type": "UnitSwapDisplayable",
    "DisplayableDataIdToAdd": {
      "rule_404": ""
    }
  },
  {
    "Id": "103c723d-08ac-44f3-bee5-4597a38a6505",
    "Name": "Scrapling Foreman",
    "Type": "UnitSwapDisplayable"
  }
]