[
  {
    "Id": "68357f6a790d8280c4b24070",
    "Name": "Great Khan",
    "Type": "Profile",
    "BaseId": "3",
    "DisplayableDataIds": {
      "statline_842": "",
      "statline_843": "",
      "statline_844": ""
    }
  },
  {
    "Id": "68357f6a790d8280c4b240d1",
    "Name": "Khan",
    "Type": "Profile",
    "BaseId": "3",
    "DisplayableDataIds": {
      "statline_845": "",
      "statline_846": "",
      "statline_847": ""
    }
  },
  {
    "Id": "68357f6a790d8280c4b2413e",
    "Name": "Shaman",
    "Type": "Profile",
    "BaseId": "3",
    "DisplayableDataIds": {
      "statline_848": "",
      "statline_849": "",
      "statline_850": ""
    }
  },
  {
    "Id": "68357f6a790d8280c4b2419b",
    "Name": "Mammoth Hunter",
    "Type": "Profile",
    "BaseId": "3",
    "DisplayableDataIds": {
      "statline_851": "",
      "statline_852": "",
      "statline_853": ""
    }
  },
  {
    "Id": "b7da4115-8155-4eb6-b11a-45aa67ffe740",
    "Name": "Tusker",
    "Type": "Profile",
    "BaseId": "2",
    "DisplayableDataIds": {
      "statline_854": "",
      "statline_855": "",
      "statline_856": ""
    }
  },
  {
    "Id": "9ada8cec-bbc7-496f-aebc-4c7d12055ee2",
    "Name": null,
    "Type": "Profile",
    "BaseId": "14",
    "DisplayableDataIds": {
      "statline_857": "",
      "statline_858": "",
      "statline_859": ""
    }
  },
  {
    "Id": "e3d1f5b7a2c8d4f9a7c3e6b2d",
    "Name": "Ganzorig, the Ironbond",
    "Type": "Profile",
    "BaseId": "3",
    "DisplayableDataIds": {
      "statline_860": "",
      "statline_861": "",
      "statline_862": ""
    }
  },
  {
    "Id": "b2d8a3f6c1e7d9b5c4a2f8e9c",
    "Name": "Valish, the Chefling",
    "Type": "Profile",
    "BaseId": "16",
    "DisplayableDataIds": {
      "statline_863": "",
      "statline_864": "",
      "statline_865": "",
      "statline_866": "",
      "statline_867": ""
    }
  },
  {
    "Id": "68357f6b790d8280c4b242f6",
    "Name": "Tribesmen",
    "Type": "Profile",
    "BaseId": "3",
    "DisplayableDataIds": {
      "statline_868": "",
      "statline_869": "",
      "statline_870": ""
    }
  },
  {
    "Id": "68357f6b790d8280c4b24332",
    "Name": "Bruisers",
    "Type": "Profile",
    "BaseId": "3",
    "DisplayableDataIds": {
      "statline_871": "",
      "statline_872": "",
      "statline_873": ""
    }
  },
  {
    "Id": "68357f6b790d8280c4b24365",
    "Name": "Scraplings",
    "Type": "Profile",
    "BaseId": "5",
    "DisplayableDataIds": {
      "statline_874": "",
      "statline_875": "",
      "statline_876": ""
    }
  },
  {
    "Id": "68357f6c790d8280c4b243a7",
    "Name": "Mercenary Veterans",
    "Type": "Profile",
    "BaseId": "3",
    "DisplayableDataIds": {
      "statline_877": "",
      "statline_878": "",
      "statline_879": ""
    }
  },
  {
    "Id": "68357f6c790d8280c4b24401",
    "Name": "Tusker Cavalry",
    "Type": "Profile",
    "BaseId": "2",
    "DisplayableDataIds": {
      "statline_880": "",
      "statline_881": "",
      "statline_882": "",
      "statline_856": ""
    }
  },
  {
    "Id": "68357f6c790d8280c4b2443d",
    "Name": "Yetis",
    "Type": "Profile",
    "BaseId": "3",
    "DisplayableDataIds": {
      "statline_883": "",
      "statline_884": "",
      "statline_885": ""
    }
  },
  {
    "Id": "68357f6c790d8280c4b2444b",
    "Name": "Scrapling Trappers",
    "Type": "Profile",
    "BaseId": "5",
    "DisplayableDataIds": {
      "statline_886": "",
      "statline_887": "",
      "statline_888": ""
    }
  },
  {
    "Id": "68357f6c790d8280c4b24459",
    "Name": "Sabretooth Tigers",
    "Type": "Profile",
    "BaseId": "4",
    "DisplayableDataIds": {
      "statline_889": "",
      "statline_890": "",
      "statline_891": ""
    }
  },
  {
    "Id": "68357f6d790d8280c4b2445c",
    "Name": "Kin-Eater",
    "Type": "Profile",
    "BaseId": "3",
    "DisplayableDataIds": {
      "statline_892": "",
      "statline_893": "",
      "statline_894": ""
    }
  },
  {
    "Id": "68357f6d790d8280c4b2445f",
    "Name": "Mercenary Gunners",
    "Type": "Profile",
    "BaseId": "3",
    "DisplayableDataIds": {
      "statline_895": "",
      "statline_896": "",
      "statline_897": ""
    }
  },
  {
    "Id": "68357f6d790d8280c4b244a8",
    "Name": "Thunder Cannon",
    "Type": "Profile",
    "BaseId": "2",
    "DisplayableDataIds": {
      "statline_898": "",
      "statline_899": "",
      "statline_900": "",
      "statline_901": "",
      "statline_902": ""
    }
  },
  {
    "Id": "68357f6d790d8280c4b244a9",
    "Name": "Scratapult",
    "Type": "Profile",
    "BaseId": "2",
    "DisplayableDataIds": {
      "statline_903": "",
      "statline_904": "",
      "statline_905": "",
      "statline_901": "",
      "statline_906": ""
    }
  },
  {
    "Id": "68357f6d790d8280c4b244ac",
    "Name": "Bombardiers",
    "Type": "Profile",
    "BaseId": "3",
    "DisplayableDataIds": {
      "statline_907": "",
      "statline_908": "",
      "statline_909": ""
    }
  },
  {
    "Id": "68357f6d790d8280c4b244dd",
    "Name": "Rock Aurochs",
    "Type": "Profile",
    "BaseId": "14",
    "DisplayableDataIds": {
      "statline_910": "",
      "statline_911": "",
      "statline_912": "",
      "statline_913": ""
    }
  },
  {
    "Id": "68357f6e790d8280c4b244e2",
    "Name": "Frost Mammoth",
    "Type": "Profile",
    "BaseId": "14",
    "DisplayableDataIds": {
      "statline_914": "",
      "statline_915": "",
      "statline_916": "",
      "statline_917": ""
    }
  },
  {
    "Id": "68357f6e790d8280c4b244e6",
    "Name": "Mercenary Giant",
    "Type": "Profile",
    "BaseId": "7",
    "DisplayableDataIds": {
      "statline_918": "",
      "statline_919": "",
      "statline_920": ""
    }
  }
]