[
  {
    "Id": "statline_842",
    "Name": "Great Khan",
    "Type": "Statline",
    "Attributes": {
      "Ad": "6",
      "Ma": "6",
      "Di": "9",
      "Hgt": "3"
    },
    "DisplayableDataIds": {
      "rule_3": "",
      "rule_4": ""
    }
  },
  {
    "Id": "statline_843",
    "Name": "Great Khan",
    "Type": "Statline",
    "Attributes": {
      "HP": "5",
      "Df": "6",
      "Re": "5",
      "Arm": "2"
    }
  },
  {
    "Id": "statline_844",
    "Name": "Great Khan",
    "Type": "Statline",
    "Attributes": {
      "At": "5",
      "Of": "6",
      "St": "5",
      "AP": "2",
      "Ag": "4"
    },
    "DisplayableDataIds": {
      "rule_10": "(D3)",
      "rule_46": "(1)"
    }
  },
  {
    "Id": "statline_845",
    "Name": "Khan",
    "Type": "Statline",
    "Attributes": {
      "Ad": "6",
      "Ma": "6",
      "Di": "8",
      "Hgt": "3"
    },
    "DisplayableDataIds": {
      "rule_4": ""
    }
  },
  {
    "Id": "statline_846",
    "Name": "Khan",
    "Type": "Statline",
    "Attributes": {
      "HP": "4",
      "Df": "5",
      "Re": "5",
      "Arm": "2"
    }
  },
  {
    "Id": "statline_847",
    "Name": "Khan",
    "Type": "Statline",
    "Attributes": {
      "At": "4",
      "Of": "5",
      "St": "5",
      "AP": "2",
      "Ag": "3"
    },
    "DisplayableDataIds": {
      "rule_10": "(D3)",
      "rule_46": "(1)"
    }
  },
  {
    "Id": "statline_848",
    "Name": "Shaman",
    "Type": "Statline",
    "Attributes": {
      "Ad": "6",
      "Ma": "6",
      "Di": "8",
      "Hgt": "3"
    },
    "DisplayableDataIds": {
      "rule_4": "",
      "rule_112": ""
    }
  },
  {
    "Id": "statline_849",
    "Name": "Shaman",
    "Type": "Statline",
    "Attributes": {
      "HP": "4",
      "Df": "4",
      "Re": "5",
      "Arm": "1"
    }
  },
  {
    "Id": "statline_850",
    "Name": "Shaman",
    "Type": "Statline",
    "Attributes": {
      "At": "3",
      "Of": "4",
      "St": "4",
      "AP": "1",
      "Ag": "2"
    },
    "DisplayableDataIds": {
      "rule_10": "(D3)",
      "rule_46": "(1)"
    }
  },
  {
    "Id": "statline_851",
    "Name": "Mammoth Hunter",
    "Type": "Statline",
    "Attributes": {
      "Ad": "7",
      "Ma": "7",
      "Di": "9",
      "Hgt": "3"
    },
    "DisplayableDataIds": {
      "rule_396": "",
      "rule_6": "(Yetis)",
      "rule_5": ""
    }
  },
  {
    "Id": "statline_852",
    "Name": "Mammoth Hunter",
    "Type": "Statline",
    "Attributes": {
      "HP": "4",
      "Df": "5",
      "Re": "5",
      "Arm": "2"
    }
  },
  {
    "Id": "statline_853",
    "Name": "Mammoth Hunter",
    "Type": "Statline",
    "Attributes": {
      "At": "4",
      "Of": "5",
      "St": "5",
      "AP": "2",
      "Ag": "4"
    },
    "DisplayableDataIds": {
      "rule_10": "(D3)",
      "rule_46": "(1)",
      "rule_397": "(2+)"
    }
  },
  {
    "Id": "statline_854",
    "Name": "Tusker",
    "Type": "Statline",
    "Attributes": {
      "Ad": "8",
      "Ma": "7",
      "Di": "9",
      "Hgt": "4"
    },
    "DisplayableDataIds": {
      "rule_396": "",
      "rule_6": "(Yetis)",
      "rule_5": "",
      "rule_11": ""
    }
  },
  {
    "Id": "statline_855",
    "Name": "Tusker",
    "Type": "Statline",
    "Attributes": {
      "HP": "4",
      "Df": "5",
      "Re": "5",
      "Arm": "4"
    }
  },
  {
    "Id": "statline_856",
    "Name": "Tusker",
    "Type": "Statline",
    "Attributes": {
      "At": "4",
      "Of": "3",
      "St": "5",
      "AP": "2",
      "Ag": "2"
    },
    "DisplayableDataIds": {
      "rule_10": "(D3)",
      "rule_46": "(1)"
    }
  },
  {
    "Id": "statline_857",
    "Name": null,
    "Type": "Statline",
    "Attributes": {
      "Ad": "7",
      "Ma": "7",
      "Di": "9",
      "Hgt": "5"
    },
    "DisplayableDataIds": {
      "rule_396": "",
      "rule_6": "(Yetis)",
      "rule_5": "",
      "rule_11": "",
      "rule_22": "",
      "rule_21": "",
      "rule_45": "",
      "rule_24": ""
    }
  },
  {
    "Id": "statline_858",
    "Name": null,
    "Type": "Statline",
    "Attributes": {
      "HP": "7",
      "Df": "3",
      "Re": "6",
      "Arm": "3"
    }
  },
  {
    "Id": "statline_859",
    "Name": null,
    "Type": "Statline",
    "Attributes": {
      "At": "5",
      "Of": "3",
      "St": "7",
      "AP": "4",
      "Ag": "2"
    },
    "DisplayableDataIds": {
      "rule_10": "(3D3)",
      "rule_23": "",
      "rule_9": "(+1 Str, +1 AP)",
      "rule_46": "(D6)"
    }
  },
  {
    "Id": "statline_860",
    "Name": "Ganzorig, the Ironbond",
    "Type": "Statline",
    "Attributes": {
      "Ad": "6",
      "Ma": "6",
      "Di": "9",
      "Hgt": "1"
    },
    "DisplayableDataIds": {
      "rule_413": "",
      "rule_3": "",
      "rule_430": "",
      "rule_414": "",
      "rule_4": "",
      "rule_415": "",
      "rule_416": ""
    }
  },
  {
    "Id": "statline_861",
    "Name": "Ganzorig, the Ironbond",
    "Type": "Statline",
    "Attributes": {
      "HP": "5",
      "Df": "6",
      "Re": "5",
      "Arm": "4"
    }
  },
  {
    "Id": "statline_862",
    "Name": "Ganzorig, the Ironbond",
    "Type": "Statline",
    "Attributes": {
      "At": "5",
      "Of": "6",
      "St": "5",
      "AP": "2",
      "Ag": "4"
    },
    "DisplayableDataIds": {
      "rule_10": "(D3 hits)",
      "rule_46": "(1 hit)",
      "rule_232": "",
      "rule_400": "(4+)",
      "rule_39": "",
      "rule_37": "",
      "rule_397": "(3+)",
      "rule_892": "",
      "rule_404": "(3+)",
      "rule_32": ""
    }
  },
  {
    "Id": "statline_863",
    "Name": "Valish, the Chefling",
    "Type": "Statline",
    "Attributes": {
      "Ad": "6",
      "Ma": "6",
      "Di": "6",
      "Hgt": "3"
    },
    "DisplayableDataIds": {
      "rule_18": "",
      "rule_417": "",
      "rule_418": "",
      "rule_419": ""
    }
  },
  {
    "Id": "statline_864",
    "Name": "Valish",
    "Type": "Statline",
    "Attributes": {
      "HP": "5",
      "Df": "3",
      "Re": "5",
      "Arm": "3"
    }
  },
  {
    "Id": "statline_865",
    "Name": "Valish",
    "Type": "Statline",
    "Attributes": {
      "At": "1",
      "Of": "2",
      "St": "2",
      "AP": "0",
      "Ag": "3"
    }
  },
  {
    "Id": "statline_866",
    "Name": "Stir Master",
    "Type": "Statline",
    "Attributes": {
      "At": "4",
      "Of": "5",
      "St": "5",
      "AP": "2",
      "Ag": "4"
    },
    "DisplayableDataIds": {
      "rule_149": "(1 hit)"
    }
  },
  {
    "Id": "statline_867",
    "Name": "Chassis",
    "Type": "Statline",
    "Attributes": {
      "At": "",
      "Of": "",
      "St": "4",
      "AP": "1",
      "Ag": ""
    },
    "DisplayableDataIds": {
      "rule_10": "(1 hit)"
    }
  },
  {
    "Id": "statline_868",
    "Name": "Tribesmen",
    "Type": "Statline",
    "Attributes": {
      "Ad": "6",
      "Ma": "6",
      "Di": "8",
      "Hgt": "3"
    }
  },
  {
    "Id": "statline_869",
    "Name": "Tribesmen",
    "Type": "Statline",
    "Attributes": {
      "HP": "3",
      "Df": "3",
      "Re": "4",
      "Arm": "1"
    }
  },
  {
    "Id": "statline_870",
    "Name": "Tribesman",
    "Type": "Statline",
    "Attributes": {
      "At": "3",
      "Of": "3",
      "St": "4",
      "AP": "1",
      "Ag": "2"
    },
    "DisplayableDataIds": {
      "rule_10": "(1)",
      "rule_46": "(1)"
    }
  },
  {
    "Id": "statline_871",
    "Name": "Bruisers",
    "Type": "Statline",
    "Attributes": {
      "Ad": "6",
      "Ma": "6",
      "Di": "8",
      "Hgt": "3"
    },
    "DisplayableDataIds": {
      "rule_180": "(Resolute(1))"
    }
  },
  {
    "Id": "statline_872",
    "Name": "Bruisers",
    "Type": "Statline",
    "Attributes": {
      "HP": "3",
      "Df": "3",
      "Re": "4",
      "Arm": "2"
    }
  },
  {
    "Id": "statline_873",
    "Name": "Bruiser",
    "Type": "Statline",
    "Attributes": {
      "At": "3",
      "Of": "3",
      "St": "4",
      "AP": "1",
      "Ag": "2",
      "Agi": "0"
    },
    "DisplayableDataIds": {
      "rule_10": "(1)",
      "rule_46": "(1)",
      "rule_39": ""
    }
  },
  {
    "Id": "statline_874",
    "Name": "Scraplings",
    "Type": "Statline",
    "Attributes": {
      "Ad": "4",
      "Ma": "4",
      "Di": "6",
      "Hgt": "1"
    },
    "DisplayableDataIds": {
      "rule_33": "",
      "rule_6": "(Scraplord)",
      "rule_107": "(0\")",
      "rule_24": "",
      "rule_133": ""
    }
  },
  {
    "Id": "statline_875",
    "Name": "Scraplings",
    "Type": "Statline",
    "Attributes": {
      "HP": "1",
      "Df": "2",
      "Re": "3",
      "Arm": "0"
    }
  },
  {
    "Id": "statline_876",
    "Name": "Scrapling",
    "Type": "Statline",
    "Attributes": {
      "At": "1",
      "Of": "2",
      "St": "2",
      "AP": "0",
      "Ag": "3"
    },
    "DisplayableDataIds": {
      "rule_348": "(5+)"
    }
  },
  {
    "Id": "statline_877",
    "Name": "Mercenary Veterans",
    "Type": "Statline",
    "Attributes": {
      "Ad": "6",
      "Ma": "6",
      "Di": "8",
      "Hgt": "3"
    },
    "DisplayableDataIds": {
      "rule_3": ""
    }
  },
  {
    "Id": "statline_878",
    "Name": "Mercenary Veterans",
    "Type": "Statline",
    "Attributes": {
      "HP": "3",
      "Df": "4",
      "Re": "4",
      "Arm": "3"
    }
  },
  {
    "Id": "statline_879",
    "Name": "Mercenary Veteran",
    "Type": "Statline",
    "Attributes": {
      "At": "3",
      "Of": "4",
      "St": "5",
      "AP": "2",
      "Ag": "2"
    },
    "DisplayableDataIds": {
      "rule_10": "(1)",
      "rule_46": "(1)",
      "rule_52": ""
    }
  },
  {
    "Id": "statline_880",
    "Name": "Tusker Cavalry",
    "Type": "Statline",
    "Attributes": {
      "Ad": "8",
      "Ma": "7",
      "Di": "8",
      "Hgt": "4"
    },
    "DisplayableDataIds": {
      "rule_5": ""
    }
  },
  {
    "Id": "statline_881",
    "Name": "Tusker Cavalry",
    "Type": "Statline",
    "Attributes": {
      "HP": "3",
      "Df": "3",
      "Re": "5",
      "Arm": "4"
    }
  },
  {
    "Id": "statline_882",
    "Name": "Rider",
    "Type": "Statline",
    "Attributes": {
      "At": "3",
      "Of": "3",
      "St": "4",
      "AP": "1",
      "Ag": "2"
    }
  },
  {
    "Id": "statline_883",
    "Name": "Yetis",
    "Type": "Statline",
    "Attributes": {
      "Ad": "7",
      "Ma": "7",
      "Di": "8",
      "Hgt": "3"
    },
    "DisplayableDataIds": {
      "rule_5": "",
      "rule_35": "",
      "rule_4": "",
      "rule_2": "",
      "rule_398": "",
      "rule_6": "(Mammoth Hunter)"
    }
  },
  {
    "Id": "statline_884",
    "Name": "Yetis",
    "Type": "Statline",
    "Attributes": {
      "HP": "3",
      "Df": "3",
      "Re": "4",
      "Arm": "2"
    }
  },
  {
    "Id": "statline_885",
    "Name": "Yeti",
    "Type": "Statline",
    "Attributes": {
      "At": "3",
      "Of": "3",
      "St": "5",
      "AP": "2",
      "Ag": "3"
    },
    "DisplayableDataIds": {
      "rule_32": ""
    }
  },
  {
    "Id": "statline_886",
    "Name": "Scrapling Trappers",
    "Type": "Statline",
    "Attributes": {
      "Ad": "4",
      "Ma": "4",
      "Di": "6",
      "Hgt": "1"
    },
    "DisplayableDataIds": {
      "rule_33": "",
      "rule_30": "",
      "rule_28": "",
      "rule_4": "",
      "rule_35": "",
      "rule_11": "",
      "rule_24": "",
      "rule_399": ""
    }
  },
  {
    "Id": "statline_887",
    "Name": "Scrapling Trappers",
    "Type": "Statline",
    "Attributes": {
      "HP": "1",
      "Df": "2",
      "Re": "3",
      "Arm": "0"
    },
    "DisplayableDataIds": {
      "rule_29": "(1)"
    }
  },
  {
    "Id": "statline_888",
    "Name": "Scrapling Trapper",
    "Type": "Statline",
    "Attributes": {
      "At": "1",
      "Of": "2",
      "St": "2",
      "AP": "0",
      "Ag": "3"
    },
    "DisplayableDataIds": {
      "rule_348": "(4+)",
      "rule_52": "(Shooting)"
    }
  },
  {
    "Id": "statline_889",
    "Name": "Sabretooth Tigers",
    "Type": "Statline",
    "Attributes": {
      "Ad": "8",
      "Ma": "8",
      "Di": "5",
      "Hgt": "2"
    },
    "DisplayableDataIds": {
      "rule_33": "",
      "rule_6": "(Mammoth Hunter)",
      "rule_5": "",
      "rule_24": ""
    }
  },
  {
    "Id": "statline_890",
    "Name": "Sabretooth Tigers",
    "Type": "Statline",
    "Attributes": {
      "HP": "2",
      "Df": "4",
      "Re": "4",
      "Arm": "0"
    }
  },
  {
    "Id": "statline_891",
    "Name": "Sabretooth Tiger",
    "Type": "Statline",
    "Attributes": {
      "At": "3",
      "Of": "4",
      "St": "4",
      "AP": "1",
      "Ag": "4"
    }
  },
  {
    "Id": "statline_892",
    "Name": "Kin-Eater",
    "Type": "Statline",
    "Attributes": {
      "Ad": "6",
      "Ma": "6",
      "Di": "7",
      "Hgt": "3"
    },
    "DisplayableDataIds": {
      "rule_4": "",
      "rule_34": "(Table Edge)",
      "rule_41": "",
      "rule_42": "",
      "rule_24": "",
      "rule_21": "",
      "rule_11": ""
    }
  },
  {
    "Id": "statline_893",
    "Name": "Kin-Eater",
    "Type": "Statline",
    "Attributes": {
      "HP": "4",
      "Df": "3",
      "Re": "5",
      "Arm": "0"
    },
    "DisplayableDataIds": {
      "rule_109": "(5+)"
    }
  },
  {
    "Id": "statline_894",
    "Name": "Kin-Eater",
    "Type": "Statline",
    "Attributes": {
      "At": "4",
      "Of": "3",
      "St": "5",
      "AP": "2",
      "Ag": "3"
    },
    "DisplayableDataIds": {
      "rule_111": "",
      "rule_46": "(D3)"
    }
  },
  {
    "Id": "statline_895",
    "Name": "Mercenary Gunners",
    "Type": "Statline",
    "Attributes": {
      "Ad": "6",
      "Ma": "6",
      "Di": "8",
      "Hgt": "3"
    },
    "DisplayableDataIds": {
      "rule_3": ""
    }
  },
  {
    "Id": "statline_896",
    "Name": "Mercenary Gunners",
    "Type": "Statline",
    "Attributes": {
      "HP": "3",
      "Df": "4",
      "Re": "4",
      "Arm": "2"
    }
  },
  {
    "Id": "statline_897",
    "Name": "Mercenary Gunner",
    "Type": "Statline",
    "Attributes": {
      "At": "3",
      "Of": "4",
      "St": "5",
      "AP": "2",
      "Ag": "2"
    },
    "DisplayableDataIds": {
      "rule_10": "(1)",
      "rule_46": "(1)",
      "rule_400": "(4+)",
      "rule_52": "(Shooting)"
    }
  },
  {
    "Id": "statline_898",
    "Name": "Thunder Cannon",
    "Type": "Statline",
    "Attributes": {
      "Ad": "8",
      "Ma": "4",
      "Di": "8",
      "Hgt": "4"
    },
    "DisplayableDataIds": {
      "rule_5": "",
      "rule_11": "",
      "rule_4": ""
    }
  },
  {
    "Id": "statline_899",
    "Name": "Thunder Cannon",
    "Type": "Statline",
    "Attributes": {
      "HP": "5",
      "Df": "3",
      "Re": "5",
      "Arm": "3"
    }
  },
  {
    "Id": "statline_900",
    "Name": "Bombardier Crew",
    "Type": "Statline",
    "Attributes": {
      "At": "3",
      "Of": "3",
      "St": "4",
      "AP": "1",
      "Ag": "2"
    }
  },
  {
    "Id": "statline_901",
    "Name": "Tusker",
    "Type": "Statline",
    "Attributes": {
      "At": "4",
      "Of": "3",
      "St": "5",
      "AP": "2",
      "Ag": "2"
    }
  },
  {
    "Id": "statline_902",
    "Name": "Chassis",
    "Type": "Statline",
    "Attributes": {
      "At": null,
      "Of": null,
      "St": "5",
      "AP": "2",
      "Ag": null
    },
    "DisplayableDataIds": {
      "rule_10": "(D6)",
      "rule_401": "(4+)"
    }
  },
  {
    "Id": "statline_903",
    "Name": "Scratapult",
    "Type": "Statline",
    "Attributes": {
      "Ad": "8",
      "Ma": "4",
      "Di": "6",
      "Hgt": "4"
    },
    "DisplayableDataIds": {
      "rule_5": "",
      "rule_11": "",
      "rule_4": "",
      "rule_24": ""
    }
  },
  {
    "Id": "statline_904",
    "Name": "Scratapult",
    "Type": "Statline",
    "Attributes": {
      "HP": "5",
      "Df": "3",
      "Re": "5",
      "Arm": "3"
    }
  },
  {
    "Id": "statline_905",
    "Name": "Scrapling Crew (7)",
    "Type": "Statline",
    "Attributes": {
      "At": "1",
      "Of": "2",
      "St": "2",
      "AP": "0",
      "Ag": "3"
    }
  },
  {
    "Id": "statline_906",
    "Name": "Chassis",
    "Type": "Statline",
    "Attributes": {
      "At": null,
      "Of": null,
      "St": "5",
      "AP": "2",
      "Ag": null
    },
    "DisplayableDataIds": {
      "rule_10": "(D6)",
      "rule_402": "(4+)"
    }
  },
  {
    "Id": "statline_907",
    "Name": "Bombardiers",
    "Type": "Statline",
    "Attributes": {
      "Ad": "6",
      "Ma": "6",
      "Di": "8",
      "Hgt": "3"
    }
  },
  {
    "Id": "statline_908",
    "Name": "Bombardiers",
    "Type": "Statline",
    "Attributes": {
      "HP": "3",
      "Df": "3",
      "Re": "4",
      "Arm": "1"
    }
  },
  {
    "Id": "statline_909",
    "Name": "Bombardier",
    "Type": "Statline",
    "Attributes": {
      "At": "3",
      "Of": "3",
      "St": "4",
      "AP": "1",
      "Ag": "2"
    },
    "DisplayableDataIds": {
      "rule_10": "(1)",
      "rule_46": "(1)",
      "rule_403": "(5+)"
    }
  },
  {
    "Id": "statline_910",
    "Name": "Rock Aurochs",
    "Type": "Statline",
    "Attributes": {
      "Ad": "7",
      "Ma": "7",
      "Di": "8",
      "Hgt": "5"
    },
    "DisplayableDataIds": {
      "rule_22": "",
      "rule_21": "",
      "rule_45": "",
      "rule_5": "",
      "rule_11": "",
      "rule_24": ""
    }
  },
  {
    "Id": "statline_911",
    "Name": "Rock Aurochs",
    "Type": "Statline",
    "Attributes": {
      "HP": "7",
      "Df": "3",
      "Re": "6",
      "Arm": "3"
    },
    "DisplayableDataIds": {
      "rule_405": ""
    }
  },
  {
    "Id": "statline_912",
    "Name": "Tamer",
    "Type": "Statline",
    "Attributes": {
      "At": "3",
      "Of": "4",
      "St": "5",
      "AP": "2",
      "Ag": "2"
    },
    "DisplayableDataIds": {
      "rule_404": "(3+)"
    }
  },
  {
    "Id": "statline_913",
    "Name": "Rock Aurochs",
    "Type": "Statline",
    "Attributes": {
      "At": "5",
      "Of": "3",
      "St": "6",
      "AP": "3",
      "Ag": "2"
    },
    "DisplayableDataIds": {
      "rule_10": "(3D3)",
      "rule_23": "",
      "rule_9": "(+1 Str, +1 AP)",
      "rule_46": "(D6)"
    }
  },
  {
    "Id": "statline_914",
    "Name": "Frost Mammoth",
    "Type": "Statline",
    "Attributes": {
      "Ad": "6",
      "Ma": "6",
      "Di": "8",
      "Hgt": "5"
    },
    "DisplayableDataIds": {
      "rule_11": "",
      "rule_45": "",
      "rule_5": "",
      "rule_406": "",
      "rule_407": "",
      "rule_188": "(Minimised Flee Distance Roll)"
    }
  },
  {
    "Id": "statline_915",
    "Name": "Frost Mammoth",
    "Type": "Statline",
    "Attributes": {
      "HP": "7",
      "Df": "3",
      "Re": "6",
      "Arm": "3"
    }
  },
  {
    "Id": "statline_916",
    "Name": "Tamer(2)",
    "Type": "Statline",
    "Attributes": {
      "At": "3",
      "Of": "4",
      "St": "5",
      "AP": "2",
      "Ag": "2"
    },
    "DisplayableDataIds": {
      "rule_397": "(3+)"
    }
  },
  {
    "Id": "statline_917",
    "Name": "Frost Mammoth",
    "Type": "Statline",
    "Attributes": {
      "At": "4",
      "Of": "3",
      "St": "6",
      "AP": "3",
      "Ag": "2"
    },
    "DisplayableDataIds": {
      "rule_46": "(D6)",
      "rule_10": "(D3)"
    }
  },
  {
    "Id": "statline_918",
    "Name": "Mercenary Giant",
    "Type": "Statline",
    "Attributes": {
      "Ad": "7",
      "Ma": "7",
      "Di": "8",
      "Hgt": "5"
    },
    "DisplayableDataIds": {
      "rule_408": "",
      "rule_4": "",
      "rule_45": "",
      "rule_11": "",
      "rule_180": "(Fury)"
    }
  },
  {
    "Id": "statline_919",
    "Name": "Mercenary Giant",
    "Type": "Statline",
    "Attributes": {
      "HP": "8",
      "Df": "3",
      "Re": "5",
      "Arm": "1"
    }
  },
  {
    "Id": "statline_920",
    "Name": "Mercenary Giant",
    "Type": "Statline",
    "Attributes": {
      "At": "5",
      "Of": "3",
      "St": "5",
      "AP": "2",
      "Ag": "3"
    },
    "DisplayableDataIds": {
      "rule_58": "",
      "rule_46": "(D6)",
      "rule_10": "(D3)"
    }
  }
]