[
  {
    "Id": "unit_304",
    "Name": "Great Khan",
    "Type": "Unit",
    "Attributes": {
      "height": "Large"
    },
    "BasicProfileIds": [
      "68357f6a790d8280c4b24070"
    ],
    "DefaultFront": 1,
    "Formation": 1
  },
  {
    "Id": "unit_305",
    "Name": "Khan",
    "Type": "Unit",
    "Attributes": {
      "height": "Large"
    },
    "BasicProfileIds": [
      "68357f6a790d8280c4b240d1"
    ],
    "DefaultFront": 1,
    "Formation": 1
  },
  {
    "Id": "unit_306",
    "Name": "Shaman",
    "Type": "Unit",
    "Attributes": {
      "height": "Large"
    },
    "BasicProfileIds": [
      "68357f6a790d8280c4b2413e"
    ],
    "DefaultFront": 1,
    "Formation": 1
  },
  {
    "Id": "unit_307",
    "Name": "Mammoth Hunter",
    "Type": "Unit",
    "Attributes": {
      "height": "Large"
    },
    "BasicProfileIds": [
      "68357f6a790d8280c4b2419b"
    ],
    "DefaultFront": 1,
    "Formation": 1
  },
  {
    "Id": "unit_308",
    "Name": "Mammoth Hunter on Tusker",
    "Type": "Unit",
    "Attributes": {
      "height": "Large"
    },
    "BasicProfileIds": [
      "b7da4115-8155-4eb6-b11a-45aa67ffe740"
    ],
    "DefaultFront": 1,
    "Formation": 1
  },
  {
    "Id": "unit_309",
    "Name": "Mammoth Hunter on Rock Aurochs",
    "Type": "Unit",
    "Attributes": {
      "height": "Gigantic"
    },
    "BasicProfileIds": [
      "9ada8cec-bbc7-496f-aebc-4c7d12055ee2"
    ],
    "DefaultFront": 1,
    "Formation": 1
  },
  {
    "Id": "unit_310",
    "Name": "Ganzorig, the Ironbond",
    "Type": "Unit",
    "Attributes": {
      "height": "Large"
    },
    "BasicProfileIds": [
      "e3d1f5b7a2c8d4f9a7c3e6b2d"
    ],
    "DefaultFront": 1,
    "Formation": 1
  },
  {
    "Id": "unit_311",
    "Name": "Valish, the Chefling",
    "Type": "Unit",
    "Attributes": {
      "height": "Large"
    },
    "BasicProfileIds": [
      "b2d8a3f6c1e7d9b5c4a2f8e9c"
    ],
    "DefaultFront": 1,
    "Formation": 1
  },
  {
    "Id": "unit_312",
    "Name": "Tribesmen",
    "Type": "Unit",
    "Attributes": {
      "height": "Large"
    },
    "BasicProfileIds": [
      "68357f6b790d8280c4b242f6"
    ],
    "DefaultFront": 3,
    "Formation": 1
  },
  {
    "Id": "unit_313",
    "Name": "Bruisers",
    "Type": "Unit",
    "Attributes": {
      "height": "Large"
    },
    "BasicProfileIds": [
      "68357f6b790d8280c4b24332"
    ],
    "DefaultFront": 3,
    "Formation": 1
  },
  {
    "Id": "unit_314",
    "Name": "Scraplings",
    "Type": "Unit",
    "Attributes": {
      "height": "Standard"
    },
    "BasicProfileIds": [
      "68357f6b790d8280c4b24365"
    ],
    "DefaultFront": 5,
    "Formation": 1
  },
  {
    "Id": "unit_315",
    "Name": "Mercenary Veterans",
    "Type": "Unit",
    "Attributes": {
      "height": "Large"
    },
    "BasicProfileIds": [
      "68357f6c790d8280c4b243a7"
    ],
    "DefaultFront": 3,
    "Formation": 1
  },
  {
    "Id": "unit_316",
    "Name": "Tusker Cavalry",
    "Type": "Unit",
    "Attributes": {
      "height": "Large"
    },
    "BasicProfileIds": [
      "68357f6c790d8280c4b24401"
    ],
    "DefaultFront": 3,
    "Formation": 1
  },
  {
    "Id": "unit_317",
    "Name": "Yetis",
    "Type": "Unit",
    "Attributes": {
      "height": "Large"
    },
    "BasicProfileIds": [
      "68357f6c790d8280c4b2443d"
    ],
    "DefaultFront": 3,
    "Formation": 1
  },
  {
    "Id": "unit_318",
    "Name": "Scrapling Trappers",
    "Type": "Unit",
    "Attributes": {
      "height": "Standard"
    },
    "BasicProfileIds": [
      "68357f6c790d8280c4b2444b"
    ],
    "DefaultFront": 5,
    "Formation": 1
  },
  {
    "Id": "unit_319",
    "Name": "Sabretooth Tigers",
    "Type": "Unit",
    "Attributes": {
      "height": "Standard"
    },
    "BasicProfileIds": [
      "68357f6c790d8280c4b24459"
    ],
    "DefaultFront": 5,
    "Formation": 1
  },
  {
    "Id": "unit_320",
    "Name": "Kin-Eater",
    "Type": "Unit",
    "Attributes": {
      "height": "Large"
    },
    "BasicProfileIds": [
      "68357f6d790d8280c4b2445c"
    ],
    "DefaultFront": 1,
    "Formation": 1
  },
  {
    "Id": "unit_321",
    "Name": "Mercenary Gunners",
    "Type": "Unit",
    "Attributes": {
      "height": "Large"
    },
    "BasicProfileIds": [
      "68357f6d790d8280c4b2445f"
    ],
    "DefaultFront": 3,
    "Formation": 1
  },
  {
    "Id": "unit_322",
    "Name": "Thunder Cannon",
    "Type": "Unit",
    "Attributes": {
      "height": "Large"
    },
    "BasicProfileIds": [
      "68357f6d790d8280c4b244a8"
    ],
    "DefaultFront": 1,
    "Formation": 1
  },
  {
    "Id": "unit_323",
    "Name": "Scratapult",
    "Type": "Unit",
    "Attributes": {
      "height": "Large"
    },
    "BasicProfileIds": [
      "68357f6d790d8280c4b244a9"
    ],
    "DefaultFront": 1,
    "Formation": 1
  },
  {
    "Id": "unit_324",
    "Name": "Bombardiers",
    "Type": "Unit",
    "Attributes": {
      "height": "Large"
    },
    "BasicProfileIds": [
      "68357f6d790d8280c4b244ac"
    ],
    "DefaultFront": 3,
    "Formation": 1
  },
  {
    "Id": "unit_325",
    "Name": "Rock Aurochs",
    "Type": "Unit",
    "Attributes": {
      "height": "Gigantic"
    },
    "BasicProfileIds": [
      "68357f6d790d8280c4b244dd"
    ],
    "DefaultFront": 1,
    "Formation": 1
  },
  {
    "Id": "unit_326",
    "Name": "Frost Mammoth",
    "Type": "Unit",
    "Attributes": {
      "height": "Gigantic"
    },
    "BasicProfileIds": [
      "68357f6e790d8280c4b244e2"
    ],
    "DefaultFront": 1,
    "Formation": 1
  },
  {
    "Id": "unit_327",
    "Name": "Mercenary Giant",
    "Type": "Unit",
    "Attributes": {
      "height": "Gigantic"
    },
    "BasicProfileIds": [
      "68357f6e790d8280c4b244e6"
    ],
    "DefaultFront": 1,
    "Formation": 1
  }
]