[
  {
    "OptionId": "53c99c8d-f55f-4e43-9563-a9f2a79339ca",
    "UnitId": "unit_220",
    "NewUnitId": "unit_221"
  },
  {
    "OptionId": "17670b8f-1ca2-4e14-989b-ed41e7acbf9f",
    "UnitId": "unit_220",
    "NewUnitId": "unit_222"
  },
  {
    "OptionId": "c0c06f7f-1113-4c85-95c1-781e0e368215",
    "UnitId": "unit_223",
    "NewUnitId": "unit_224"
  },
  {
    "OptionId": "3bbfda03-45b4-4386-816f-96502a253837",
    "UnitId": "unit_223",
    "NewUnitId": "unit_225"
  },
  {
    "OptionId": "53c99c8d-f55f-4e43-9563-a9f2a79339ca",
    "UnitId": "unit_223",
    "NewUnitId": "unit_226"
  },
  {
    "OptionId": "03a5d88e-3f8c-4c7d-860e-e39791ad165a",
    "UnitId": "unit_223",
    "NewUnitId": "unit_227"
  },
  {
    "OptionId": "17670b8f-1ca2-4e14-989b-ed41e7acbf9f",
    "UnitId": "unit_223",
    "NewUnitId": "unit_228"
  },
  {
    "OptionId": "c0c06f7f-1113-4c85-95c1-781e0e368215",
    "UnitId": "unit_229",
    "NewUnitId": "unit_230"
  },
  {
    "OptionId": "53c99c8d-f55f-4e43-9563-a9f2a79339ca",
    "UnitId": "unit_229",
    "NewUnitId": "unit_231"
  },
  {
    "OptionId": "03a5d88e-3f8c-4c7d-860e-e39791ad165a",
    "UnitId": "unit_229",
    "NewUnitId": "unit_232"
  },
  {
    "OptionId": "76fb7091-c79a-4b81-9fbb-39e3f811d47b",
    "UnitId": "unit_234",
    "NewUnitId": "unit_235"
  },
  {
    "OptionId": "9b2e5d7a-d1b3-4e9f-b2a0-2c6e4d8f5c7d",
    "UnitId": "unit_237"
  },
  {
    "OptionId": "e3f0c1b2-6d12-47a8-8a89-3d2f7c4e9f2a",
    "UnitId": "unit_238"
  },
  {
    "OptionId": "3a074005-878f-422e-a475-42dd13ce86ce",
    "UnitId": "unit_239"
  },
  {
    "OptionId": "c9519cd5-2b08-4a2e-9017-51463bfb9821",
    "UnitId": "unit_239"
  },
  {
    "OptionId": "3a074005-878f-422e-a475-42dd13ce86ce",
    "UnitId": "unit_240"
  },
  {
    "OptionId": "c9519cd5-2b08-4a2e-9017-51463bfb9821",
    "UnitId": "unit_240"
  },
  {
    "OptionId": "3a074005-878f-422e-a475-42dd13ce86ce",
    "UnitId": "unit_241"
  },
  {
    "OptionId": "c9519cd5-2b08-4a2e-9017-51463bfb9821",
    "UnitId": "unit_241"
  },
  {
    "OptionId": "3a074005-878f-422e-a475-42dd13ce86ce",
    "UnitId": "unit_242"
  },
  {
    "OptionId": "3a074005-878f-422e-a475-42dd13ce86ce",
    "UnitId": "unit_244"
  },
  {
    "OptionId": "c9519cd5-2b08-4a2e-9017-51463bfb9821",
    "UnitId": "unit_244"
  },
  {
    "OptionId": "3a074005-878f-422e-a475-42dd13ce86ce",
    "UnitId": "unit_245"
  },
  {
    "OptionId": "c9519cd5-2b08-4a2e-9017-51463bfb9821",
    "UnitId": "unit_245"
  },
  {
    "OptionId": "3a074005-878f-422e-a475-42dd13ce86ce",
    "UnitId": "unit_246"
  },
  {
    "OptionId": "3a074005-878f-422e-a475-42dd13ce86ce",
    "UnitId": "unit_247"
  },
  {
    "OptionId": "c9519cd5-2b08-4a2e-9017-51463bfb9821",
    "UnitId": "unit_247"
  },
  {
    "OptionId": "3a074005-878f-422e-a475-42dd13ce86ce",
    "UnitId": "unit_248"
  },
  {
    "OptionId": "c9519cd5-2b08-4a2e-9017-51463bfb9821",
    "UnitId": "unit_248"
  },
  {
    "OptionId": "3a074005-878f-422e-a475-42dd13ce86ce",
    "UnitId": "unit_249"
  },
  {
    "OptionId": "c9519cd5-2b08-4a2e-9017-51463bfb9821",
    "UnitId": "unit_249"
  },
  {
    "OptionId": "917ec788-7217-4b89-b46c-5bf569d5f69f",
    "UnitId": "unit_252"
  },
  {
    "OptionId": "ac003b72-9f89-4cdc-87a6-9f06f7dd9949",
    "UnitId": "unit_252"
  },
  {
    "OptionId": "35d29e01-5d2e-4eaa-adb7-574233873482",
    "UnitId": "unit_252"
  },
  {
    "OptionId": "917ec788-7217-4b89-b46c-5bf569d5f69f",
    "UnitId": "unit_253"
  },
  {
    "OptionId": "ac003b72-9f89-4cdc-87a6-9f06f7dd9949",
    "UnitId": "unit_253"
  },
  {
    "OptionId": "35d29e01-5d2e-4eaa-adb7-574233873482",
    "UnitId": "unit_253"
  },
  {
    "OptionId": "917ec788-7217-4b89-b46c-5bf569d5f69f",
    "UnitId": "unit_255"
  },
  {
    "OptionId": "ac003b72-9f89-4cdc-87a6-9f06f7dd9949",
    "UnitId": "unit_255"
  },
  {
    "OptionId": "35d29e01-5d2e-4eaa-adb7-574233873482",
    "UnitId": "unit_255"
  },
  {
    "OptionId": "045654e4-b100-4cf9-810b-9ea0ce32084e",
    "UnitId": "unit_255"
  },
  {
    "OptionId": "6474f19d-638b-4842-8701-82f73a95e7ea",
    "UnitId": "unit_237"
  },
  {
    "OptionId": "29998dd2-41cc-45d7-879b-fa3562f30c00",
    "UnitId": "unit_240"
  },
  {
    "OptionId": "9aa6b995-f9fd-4196-aac1-69e59bb2de75",
    "UnitId": "unit_240"
  },
  {
    "OptionId": "bafa6169-af45-42d3-8e6d-5f5b9ee0f2b1",
    "UnitId": "unit_240"
  },
  {
    "OptionId": "e7c0fb43-e34c-45ac-8a04-03a38e6afe2e",
    "UnitId": "unit_256"
  },
  {
    "OptionId": "e3d85c5c-601c-4247-99b9-299f68d8fd96",
    "UnitId": "unit_256"
  },
  {
    "OptionId": "29998dd2-41cc-45d7-879b-fa3562f30c00",
    "UnitId": "unit_245"
  },
  {
    "OptionId": "7a3edb9d-e1d1-472e-a3da-c050f36537e6",
    "UnitId": "unit_245"
  },
  {
    "OptionId": "f480bb45-bd92-4f21-ad22-ccff796fc34b",
    "UnitId": "unit_252"
  },
  {
    "OptionId": "96803731-3570-47c6-91fd-60d04c289011",
    "UnitId": "unit_252"
  },
  {
    "OptionId": "a8c2236f-3183-48af-94c4-9dc5913e1d36",
    "UnitId": "unit_252"
  },
  {
    "OptionId": "29998dd2-41cc-45d7-879b-fa3562f30c00",
    "UnitId": "unit_244"
  },
  {
    "OptionId": "3c91a380-31de-403a-8008-14b4839a5e6a",
    "UnitId": "unit_244"
  },
  {
    "OptionId": "b4241335-9b4a-4be0-be3b-2dc01b85c72f",
    "UnitId": "unit_244"
  },
  {
    "OptionId": "f480bb45-bd92-4f21-ad22-ccff796fc34b",
    "UnitId": "unit_253"
  },
  {
    "OptionId": "96803731-3570-47c6-91fd-60d04c289011",
    "UnitId": "unit_253"
  },
  {
    "OptionId": "a8c2236f-3183-48af-94c4-9dc5913e1d36",
    "UnitId": "unit_253"
  },
  {
    "OptionId": "f480bb45-bd92-4f21-ad22-ccff796fc34b",
    "UnitId": "unit_255"
  },
  {
    "OptionId": "96803731-3570-47c6-91fd-60d04c289011",
    "UnitId": "unit_255"
  },
  {
    "OptionId": "a8c2236f-3183-48af-94c4-9dc5913e1d36",
    "UnitId": "unit_255"
  },
  {
    "OptionId": "ecf6c240-f855-42ed-b1b3-e97cec6679b1",
    "UnitId": "unit_239"
  },
  {
    "OptionId": "29998dd2-41cc-45d7-879b-fa3562f30c00",
    "UnitId": "unit_239"
  },
  {
    "OptionId": "33baffbf-4728-4144-beba-f8c8dc093d73",
    "UnitId": "unit_239"
  },
  {
    "OptionId": "4f317ee2-e64f-4294-88c0-39d29c3f0025",
    "UnitId": "unit_239"
  },
  {
    "OptionId": "656ba8fb-8d84-4ac0-a847-e11af02d92b1",
    "UnitId": "unit_243"
  },
  {
    "OptionId": "29998dd2-41cc-45d7-879b-fa3562f30c00",
    "UnitId": "unit_246"
  },
  {
    "OptionId": "f480bb45-bd92-4f21-ad22-ccff796fc34b",
    "UnitId": "unit_254"
  },
  {
    "OptionId": "96803731-3570-47c6-91fd-60d04c289011",
    "UnitId": "unit_254"
  },
  {
    "OptionId": "a8c2236f-3183-48af-94c4-9dc5913e1d36",
    "UnitId": "unit_254"
  },
  {
    "OptionId": "ecf6c240-f855-42ed-b1b3-e97cec6679b1",
    "UnitId": "unit_220"
  },
  {
    "OptionId": "33baffbf-4728-4144-beba-f8c8dc093d73",
    "UnitId": "unit_220"
  },
  {
    "OptionId": "aac32f67-c1b5-4f4f-9475-a970c69ed2fe",
    "UnitId": "unit_220"
  },
  {
    "OptionId": "ecf6c240-f855-42ed-b1b3-e97cec6679b1",
    "UnitId": "unit_223"
  },
  {
    "OptionId": "9aa6b995-f9fd-4196-aac1-69e59bb2de75",
    "UnitId": "unit_223"
  },
  {
    "OptionId": "7a3edb9d-e1d1-472e-a3da-c050f36537e6",
    "UnitId": "unit_223"
  },
  {
    "OptionId": "3c91a380-31de-403a-8008-14b4839a5e6a",
    "UnitId": "unit_223"
  },
  {
    "OptionId": "656ba8fb-8d84-4ac0-a847-e11af02d92b1",
    "UnitId": "unit_223"
  },
  {
    "OptionId": "2eca0ee0-f15b-4109-8d88-f2b8d61ff018",
    "UnitId": "unit_223"
  },
  {
    "OptionId": "33baffbf-4728-4144-beba-f8c8dc093d73",
    "UnitId": "unit_223"
  },
  {
    "OptionId": "aac32f67-c1b5-4f4f-9475-a970c69ed2fe",
    "UnitId": "unit_223"
  },
  {
    "OptionId": "656ba8fb-8d84-4ac0-a847-e11af02d92b1",
    "UnitId": "unit_242"
  },
  {
    "OptionId": "29998dd2-41cc-45d7-879b-fa3562f30c00",
    "UnitId": "unit_248"
  },
  {
    "OptionId": "7a3edb9d-e1d1-472e-a3da-c050f36537e6",
    "UnitId": "unit_248"
  },
  {
    "OptionId": "3c91a380-31de-403a-8008-14b4839a5e6a",
    "UnitId": "unit_248"
  },
  {
    "OptionId": "33baffbf-4728-4144-beba-f8c8dc093d73",
    "UnitId": "unit_248"
  },
  {
    "OptionId": "d35a8cfd-ab6e-4b41-ac88-4138e78b207b",
    "UnitId": "unit_233"
  },
  {
    "OptionId": "7a3edb9d-e1d1-472e-a3da-c050f36537e6",
    "UnitId": "unit_233"
  },
  {
    "OptionId": "3c91a380-31de-403a-8008-14b4839a5e6a",
    "UnitId": "unit_233"
  },
  {
    "OptionId": "656ba8fb-8d84-4ac0-a847-e11af02d92b1",
    "UnitId": "unit_233"
  },
  {
    "OptionId": "33baffbf-4728-4144-beba-f8c8dc093d73",
    "UnitId": "unit_233"
  },
  {
    "OptionId": "ecf6c240-f855-42ed-b1b3-e97cec6679b1",
    "UnitId": "unit_247"
  },
  {
    "OptionId": "29998dd2-41cc-45d7-879b-fa3562f30c00",
    "UnitId": "unit_247"
  },
  {
    "OptionId": "7a3edb9d-e1d1-472e-a3da-c050f36537e6",
    "UnitId": "unit_247"
  },
  {
    "OptionId": "3c91a380-31de-403a-8008-14b4839a5e6a",
    "UnitId": "unit_247"
  },
  {
    "OptionId": "33baffbf-4728-4144-beba-f8c8dc093d73",
    "UnitId": "unit_247"
  },
  {
    "OptionId": "f612e635-b636-4a71-99d0-bd998005a79c",
    "UnitId": "unit_249"
  },
  {
    "OptionId": "7d35d717-fa8d-4ed4-bccb-43d53df3f391",
    "UnitId": "unit_241"
  },
  {
    "OptionId": "33baffbf-4728-4144-beba-f8c8dc093d73",
    "UnitId": "unit_241"
  },
  {
    "OptionId": "f2ad216f-2dcd-427a-843d-f94a47948637",
    "UnitId": "unit_241"
  },
  {
    "OptionId": "7b76633b-b70c-4f45-8dee-0e660d1cd38d",
    "UnitId": "unit_241"
  },
  {
    "OptionId": "d35a8cfd-ab6e-4b41-ac88-4138e78b207b",
    "UnitId": "unit_229"
  },
  {
    "OptionId": "ecf6c240-f855-42ed-b1b3-e97cec6679b1",
    "UnitId": "unit_229"
  },
  {
    "OptionId": "9aa6b995-f9fd-4196-aac1-69e59bb2de75",
    "UnitId": "unit_229"
  },
  {
    "OptionId": "7a3edb9d-e1d1-472e-a3da-c050f36537e6",
    "UnitId": "unit_229"
  },
  {
    "OptionId": "3c91a380-31de-403a-8008-14b4839a5e6a",
    "UnitId": "unit_229"
  },
  {
    "OptionId": "656ba8fb-8d84-4ac0-a847-e11af02d92b1",
    "UnitId": "unit_229"
  },
  {
    "OptionId": "e4063b59-70ba-40ab-8d35-1ab3aeb6ca5e",
    "UnitId": "unit_229"
  },
  {
    "OptionId": "33baffbf-4728-4144-beba-f8c8dc093d73",
    "UnitId": "unit_229"
  },
  {
    "OptionId": "b4241335-9b4a-4be0-be3b-2dc01b85c72f",
    "UnitId": "unit_229"
  },
  {
    "OptionId": "aac32f67-c1b5-4f4f-9475-a970c69ed2fe",
    "UnitId": "unit_229"
  }
]