[
  {
    "Id": "53c99c8d-f55f-4e43-9563-a9f2a79339ca",
    "Name": "Bull of Shamut",
    "Type": "UnitGlobalChange"
  },
  {
    "Id": "17670b8f-1ca2-4e14-989b-ed41e7acbf9f",
    "Name": "Great Bull of Shamut",
    "Type": "UnitGlobalChange"
  },
  {
    "Id": "c0c06f7f-1113-4c85-95c1-781e0e368215",
    "Name": "Seat of Authority",
    "Type": "UnitGlobalChange"
  },
  {
    "Id": "3bbfda03-45b4-4386-816f-96502a253837",
    "Name": "Kadim Chariot",
    "Type": "UnitGlobalChange"
  },
  {
    "Id": "03a5d88e-3f8c-4c7d-860e-e39791ad165a",
    "Name": "Infernal Bastion",
    "Type": "UnitGlobalChange"
  },
  {
    "Id": "76fb7091-c79a-4b81-9fbb-39e3f811d47b",
    "Name": "Vassal Steed",
    "Type": "UnitGlobalChange"
  },
  {
    "Id": "e3f0c1b2-6d12-47a8-8a89-3d2f7c4e9f2a",
    "Name": "Nezibrutash",
    "Type": "UnitGlobalChange"
  },
  {
    "Id": "917ec788-7217-4b89-b46c-5bf569d5f69f",
    "Name": "Naphtha Thrower",
    "Type": "UnitSwapDisplayable",
    "DisplayableDataIdToAdd": {
      "rule_329": ""
    }
  },
  {
    "Id": "ac003b72-9f89-4cdc-87a6-9f06f7dd9949",
    "Name": "Titan Mortar",
    "Type": "UnitSwapDisplayable",
    "DisplayableDataIdToAdd": {
      "rule_1868": ""
    }
  },
  {
    "Id": "35d29e01-5d2e-4eaa-adb7-574233873482",
    "Name": "Rocket Battery",
    "Type": "UnitSwapDisplayable",
    "DisplayableDataIdToAdd": {
      "rule_1869": ""
    }
  },
  {
    "Id": "045654e4-b100-4cf9-810b-9ea0ce32084e",
    "Name": "Rock Crusher",
    "Type": "UnitSwapDisplayable",
    "DisplayableDataIdToAdd": {
      "rule_332": ""
    }
  },
  {
    "Id": "ecf6c240-f855-42ed-b1b3-e97cec6679b1",
    "Name": "Blunderbuss",
    "Type": "UnitSwapDisplayable",
    "DisplayableDataIdToAdd": {
      "rule_1282": ""
    }
  },
  {
    "Id": "6474f19d-638b-4842-8701-82f73a95e7ea",
    "Name": "Chassis",
    "Type": "UnitSwapDisplayable"
  },
  {
    "Id": "9aa6b995-f9fd-4196-aac1-69e59bb2de75",
    "Name": "Flintlock Axe",
    "Type": "UnitSwapDisplayable",
    "DisplayableDataIdToAdd": {
      "rule_1281": ""
    }
  },
  {
    "Id": "e3d85c5c-601c-4247-99b9-299f68d8fd96",
    "Name": "Infernal Lash",
    "Type": "UnitSwapDisplayable",
    "DisplayableDataIdToAdd": {
      "rule_335": ""
    }
  },
  {
    "Id": "3c91a380-31de-403a-8008-14b4839a5e6a",
    "Name": "Infernal Weapon",
    "Type": "UnitSwapDisplayable",
    "DisplayableDataIdToAdd": {
      "rule_313": ""
    }
  },
  {
    "Id": "f480bb45-bd92-4f21-ad22-ccff796fc34b",
    "Name": "Naphtha Thrower and Fires of Industry",
    "Type": "UnitSwapDisplayable"
  },
  {
    "Id": "bafa6169-af45-42d3-8e6d-5f5b9ee0f2b1",
    "Name": "Pistol and Spear",
    "Type": "UnitSwapDisplayable"
  },
  {
    "Id": "2eca0ee0-f15b-4109-8d88-f2b8d61ff018",
    "Name": "Prophet of Lugar",
    "Type": "UnitSwapDisplayable",
    "DisplayableDataIdToAdd": {
      "rule_653": ""
    }
  },
  {
    "Id": "96803731-3570-47c6-91fd-60d04c289011",
    "Name": "Rocket Battery and Fires of Industry",
    "Type": "UnitSwapDisplayable"
  },
  {
    "Id": "aac32f67-c1b5-4f4f-9475-a970c69ed2fe",
    "Name": "Taurukh Ritual",
    "Type": "UnitSwapDisplayable",
    "DisplayableDataIdToAdd": {
      "rule_655": ""
    }
  },
  {
    "Id": "a8c2236f-3183-48af-94c4-9dc5913e1d36",
    "Name": "Titan Mortar and Fires of Industry",
    "Type": "UnitSwapDisplayable"
  },
  {
    "Id": "7b76633b-b70c-4f45-8dee-0e660d1cd38d",
    "Name": "Vassal Chieftain",
    "Type": "UnitSwapDisplayable"
  },
  {
    "Id": "f612e635-b636-4a71-99d0-bd998005a79c",
    "Name": "Vassal Chieftain on Vassal Steed",
    "Type": "UnitSwapDisplayable"
  },
  {
    "Id": "4f317ee2-e64f-4294-88c0-39d29c3f0025",
    "Name": "Ziggurat Regulars",
    "Type": "UnitSwapDisplayable"
  }
]