[
  {
    "Id": "68357f54790d8280c4b21fd3",
    "Name": "Overlord",
    "Type": "Profile",
    "BaseId": "5",
    "DisplayableDataIds": {
      "statline_605": "",
      "statline_606": "",
      "statline_607": ""
    }
  },
  {
    "Id": "80c85ad6-2293-4b17-a9ac-37023840ce52",
    "Name": "Bull of Shamut",
    "Type": "Profile",
    "BaseId": "6",
    "DisplayableDataIds": {
      "statline_608": "",
      "statline_609": "",
      "statline_610": ""
    }
  },
  {
    "Id": "85fd36f7-3d9a-488a-9fc7-c03a2e794923",
    "Name": "Great Bull of Shamut",
    "Type": "Profile",
    "BaseId": "9",
    "DisplayableDataIds": {
      "statline_611": "",
      "statline_612": "",
      "statline_613": ""
    }
  },
  {
    "Id": "68357f54790d8280c4b220ed",
    "Name": "Prophet",
    "Type": "Profile",
    "BaseId": "5",
    "DisplayableDataIds": {
      "statline_614": "",
      "statline_615": "",
      "statline_616": ""
    }
  },
  {
    "Id": "99c40cac-affe-442d-b6e0-1c3634ca0ba7",
    "Name": "Vassal (4)",
    "Type": "Profile",
    "BaseId": "3",
    "DisplayableDataIds": {
      "statline_617": "",
      "statline_618": "",
      "statline_619": ""
    }
  },
  {
    "Id": "5272868e-879b-4e9b-a190-34311eee413b",
    "Name": "Kadim Beast",
    "Type": "Profile",
    "BaseId": "2",
    "DisplayableDataIds": {
      "statline_620": "",
      "statline_621": "",
      "statline_622": "",
      "statline_623": ""
    }
  },
  {
    "Id": "78bcc17d-0365-4ec9-9101-ce29dd9a197e",
    "Name": "Bull of Shamut",
    "Type": "Profile",
    "BaseId": "6",
    "DisplayableDataIds": {
      "statline_624": "",
      "statline_625": "",
      "statline_610": ""
    }
  },
  {
    "Id": "5eca85fa-e8f0-4dc6-8930-9e5362bede1b",
    "Name": "Crew (6)",
    "Type": "Profile",
    "BaseId": "9",
    "DisplayableDataIds": {
      "statline_626": "",
      "statline_627": "",
      "statline_628": "",
      "statline_629": ""
    }
  },
  {
    "Id": "f00c7d46-8174-404d-a8a2-80d7525e7192",
    "Name": "Great Bull of Shamut",
    "Type": "Profile",
    "BaseId": "9",
    "DisplayableDataIds": {
      "statline_630": "",
      "statline_612": "",
      "statline_613": ""
    }
  },
  {
    "Id": "68357f55790d8280c4b2235a",
    "Name": "Vizier",
    "Type": "Profile",
    "BaseId": "5",
    "DisplayableDataIds": {
      "statline_631": "",
      "statline_632": "",
      "statline_633": ""
    }
  },
  {
    "Id": "2db2ff45-8048-403f-9ad8-614d4d56b959",
    "Name": "Vassal (4)",
    "Type": "Profile",
    "BaseId": "3",
    "DisplayableDataIds": {
      "statline_634": "",
      "statline_635": "",
      "statline_619": ""
    }
  },
  {
    "Id": "2908d7d1-e131-4320-b253-50faa68c5101",
    "Name": "Bull of Shamut",
    "Type": "Profile",
    "BaseId": "6",
    "DisplayableDataIds": {
      "statline_636": "",
      "statline_637": "",
      "statline_610": ""
    }
  },
  {
    "Id": "079a609a-f23a-4785-8a41-7546afc40f69",
    "Name": "Crew (6)",
    "Type": "Profile",
    "BaseId": "9",
    "DisplayableDataIds": {
      "statline_638": "",
      "statline_627": "",
      "statline_628": "",
      "statline_629": ""
    }
  },
  {
    "Id": "68357f56790d8280c4b2250f",
    "Name": "Taurukh Commissioner",
    "Type": "Profile",
    "BaseId": "7",
    "DisplayableDataIds": {
      "statline_639": "",
      "statline_640": "",
      "statline_641": ""
    }
  },
  {
    "Id": "68357f56790d8280c4b22567",
    "Name": "Vassal Conjurer",
    "Type": "Profile",
    "BaseId": "5",
    "DisplayableDataIds": {
      "statline_642": "",
      "statline_643": "",
      "statline_644": ""
    }
  },
  {
    "Id": "20b14159-c797-4f9e-82b8-cc189c2223e5",
    "Name": "Vassal Steed",
    "Type": "Profile",
    "BaseId": "4",
    "DisplayableDataIds": {
      "statline_645": "",
      "statline_646": "",
      "statline_647": ""
    }
  },
  {
    "Id": "68357f56790d8280c4b225d2",
    "Name": "Lamassu Scholar",
    "Type": "Profile",
    "BaseId": "6",
    "DisplayableDataIds": {
      "statline_648": "",
      "statline_649": "",
      "statline_650": "",
      "statline_651": ""
    }
  },
  {
    "Id": "b4d2a7e3f9c1d6a5b9c4e7d3f",
    "Name": "Abazzalem, the Mechanical Lamassu",
    "Type": "Profile",
    "BaseId": "9",
    "DisplayableDataIds": {
      "statline_652": "",
      "statline_653": "",
      "statline_654": "",
      "statline_655": ""
    }
  },
  {
    "Id": "a3f9b7c2e6d1a4f5b8c2d9e7a",
    "Name": "Ibat-Sokavum, the Flying Charioteer",
    "Type": "Profile",
    "BaseId": "9",
    "DisplayableDataIds": {
      "statline_656": "",
      "statline_657": "",
      "statline_658": "",
      "statline_659": "",
      "statline_660": ""
    }
  },
  {
    "Id": "68357f56790d8280c4b225eb",
    "Name": "Infernal Warriors",
    "Type": "Profile",
    "BaseId": "5",
    "DisplayableDataIds": {
      "statline_661": "",
      "statline_662": "",
      "statline_663": ""
    }
  },
  {
    "Id": "68357f56790d8280c4b2262a",
    "Name": "Citadel Guard",
    "Type": "Profile",
    "BaseId": "5",
    "DisplayableDataIds": {
      "statline_664": "",
      "statline_665": "",
      "statline_666": ""
    }
  },
  {
    "Id": "68357f57790d8280c4b22669",
    "Name": "Vassal Levies",
    "Type": "Profile",
    "BaseId": "5",
    "DisplayableDataIds": {
      "statline_667": "",
      "statline_668": "",
      "statline_669": ""
    }
  },
  {
    "Id": "68357f57790d8280c4b226ae",
    "Name": "Shackled Slaves",
    "Type": "Profile",
    "BaseId": "1",
    "DisplayableDataIds": {
      "statline_670": "",
      "statline_671": "",
      "statline_672": ""
    }
  },
  {
    "Id": "68357f57790d8280c4b226c0",
    "Name": "Kadim Chariot",
    "Type": "Profile",
    "BaseId": "2",
    "DisplayableDataIds": {
      "statline_673": "",
      "statline_674": "",
      "statline_675": "",
      "statline_622": "",
      "statline_623": ""
    }
  },
  {
    "Id": "68357f57790d8280c4b226c5",
    "Name": "Immortals",
    "Type": "Profile",
    "BaseId": "5",
    "DisplayableDataIds": {
      "statline_676": "",
      "statline_677": "",
      "statline_678": ""
    }
  },
  {
    "Id": "68357f58790d8280c4b22704",
    "Name": "Disciples of Lugar",
    "Type": "Profile",
    "BaseId": "5",
    "DisplayableDataIds": {
      "statline_679": "",
      "statline_680": "",
      "statline_681": ""
    }
  },
  {
    "Id": "68357f58790d8280c4b22740",
    "Name": "Kadim Incarnates",
    "Type": "Profile",
    "BaseId": "3",
    "DisplayableDataIds": {
      "statline_682": "",
      "statline_683": "",
      "statline_684": ""
    }
  },
  {
    "Id": "68357f58790d8280c4b2274e",
    "Name": "Taurukh Enforcers",
    "Type": "Profile",
    "BaseId": "4",
    "DisplayableDataIds": {
      "statline_685": "",
      "statline_686": "",
      "statline_687": ""
    }
  },
  {
    "Id": "68357f58790d8280c4b22796",
    "Name": "Taurukh Anointed",
    "Type": "Profile",
    "BaseId": "7",
    "DisplayableDataIds": {
      "statline_688": "",
      "statline_689": "",
      "statline_690": ""
    }
  },
  {
    "Id": "68357f59790d8280c4b227db",
    "Name": "Vassal Cavalry",
    "Type": "Profile",
    "BaseId": "4",
    "DisplayableDataIds": {
      "statline_691": "",
      "statline_692": "",
      "statline_693": "",
      "statline_647": ""
    }
  },
  {
    "Id": "68357f59790d8280c4b2280c",
    "Name": "Infernal Bastion",
    "Type": "Profile",
    "BaseId": "9",
    "DisplayableDataIds": {
      "statline_694": "",
      "statline_695": "",
      "statline_628": "",
      "statline_629": ""
    }
  },
  {
    "Id": "68357f59790d8280c4b2280d",
    "Name": "Vassal Slingshot",
    "Type": "Profile",
    "BaseId": "11",
    "DisplayableDataIds": {
      "statline_696": "",
      "statline_697": "",
      "statline_698": ""
    }
  },
  {
    "Id": "68357f59790d8280c4b2280e",
    "Name": "Gunnery Team",
    "Type": "Profile",
    "BaseId": "3",
    "DisplayableDataIds": {
      "statline_699": "",
      "statline_700": "",
      "statline_701": ""
    }
  },
  {
    "Id": "68357f59790d8280c4b22822",
    "Name": "Infernal Artillery",
    "Type": "Profile",
    "BaseId": "15",
    "DisplayableDataIds": {
      "statline_702": "",
      "statline_703": "",
      "statline_704": ""
    }
  },
  {
    "Id": "68357f5a790d8280c4b22836",
    "Name": "Kadim Titan",
    "Type": "Profile",
    "BaseId": "14",
    "DisplayableDataIds": {
      "statline_705": "",
      "statline_706": "",
      "statline_707": ""
    }
  },
  {
    "Id": "68357f5a790d8280c4b2283c",
    "Name": "Infernal Engine",
    "Type": "Profile",
    "BaseId": "9",
    "DisplayableDataIds": {
      "statline_708": "",
      "statline_709": "",
      "statline_710": ""
    }
  },
  {
    "Id": "68357f5a790d8280c4b2285a",
    "Name": "Citizen Giant",
    "Type": "Profile",
    "BaseId": "7",
    "DisplayableDataIds": {
      "statline_711": "",
      "statline_712": "",
      "statline_713": ""
    }
  }
]