[
  {
    "Id": "statline_605",
    "Name": "Overlord",
    "Type": "Statline",
    "Attributes": {
      "Ad": "3",
      "Ma": "4",
      "Di": "10",
      "Hgt": "1"
    },
    "DisplayableDataIds": {
      "rule_310": "(6\", Insignificant)",
      "rule_311": "",
      "rule_3": "",
      "rule_4": ""
    }
  },
  {
    "Id": "statline_606",
    "Name": "Overlord",
    "Type": "Statline",
    "Attributes": {
      "HP": "3",
      "Df": "7",
      "Re": "5",
      "Arm": "3"
    },
    "DisplayableDataIds": {
      "rule_312": ""
    }
  },
  {
    "Id": "statline_607",
    "Name": "Overlord",
    "Type": "Statline",
    "Attributes": {
      "At": "4",
      "Of": "7",
      "St": "4",
      "AP": "1",
      "Ag": "4"
    },
    "DisplayableDataIds": {
      "rule_180": "(Hatred)",
      "rule_232": "",
      "rule_32": "",
      "rule_39": "",
      "rule_116": "",
      "rule_313": "",
      "rule_314": "(2+)"
    }
  },
  {
    "Id": "statline_608",
    "Name": "Bull of Shamut",
    "Type": "Statline",
    "Attributes": {
      "Ad": "6",
      "Ma": "6",
      "Di": "10",
      "Hgt": "4"
    },
    "DisplayableDataIds": {
      "rule_310": "(6\", Insignificant)",
      "rule_311": "",
      "rule_3": "",
      "rule_44": "",
      "rule_5": "",
      "rule_4": "",
      "rule_11": "",
      "rule_21": "",
      "rule_132": ""
    }
  },
  {
    "Id": "statline_609",
    "Name": "Bull of Shamut",
    "Type": "Statline",
    "Attributes": {
      "HP": "5",
      "Df": "7",
      "Re": "5",
      "Arm": "4"
    },
    "DisplayableDataIds": {
      "rule_312": "",
      "rule_51": "(5+)"
    }
  },
  {
    "Id": "statline_610",
    "Name": "Bull of Shamut",
    "Type": "Statline",
    "Attributes": {
      "At": "4",
      "Of": "4",
      "St": "5",
      "AP": "2",
      "Ag": "3"
    },
    "DisplayableDataIds": {
      "rule_10": "(D3)",
      "rule_47": "",
      "rule_288": "",
      "rule_134": "",
      "rule_46": "(1)"
    }
  },
  {
    "Id": "statline_611",
    "Name": "Great Bull of Shamut",
    "Type": "Statline",
    "Attributes": {
      "Ad": "7",
      "Ma": "7",
      "Di": "10",
      "Hgt": "5"
    },
    "DisplayableDataIds": {
      "rule_310": "(6\", Insignificant)",
      "rule_311": "",
      "rule_3": "",
      "rule_44": "",
      "rule_5": "",
      "rule_21": "",
      "rule_132": "",
      "rule_45": "",
      "rule_11": "",
      "rule_4": ""
    }
  },
  {
    "Id": "statline_612",
    "Name": "Great Bull of Shamut",
    "Type": "Statline",
    "Attributes": {
      "HP": "7",
      "Df": "5",
      "Re": "6",
      "Arm": "2"
    },
    "DisplayableDataIds": {
      "rule_312": "",
      "rule_51": "(5+)"
    }
  },
  {
    "Id": "statline_613",
    "Name": "Great Bull of Shamut",
    "Type": "Statline",
    "Attributes": {
      "At": "5",
      "Of": "5",
      "St": "6",
      "AP": "3",
      "Ag": "3"
    },
    "DisplayableDataIds": {
      "rule_10": "(D3)",
      "rule_47": "",
      "rule_288": "",
      "rule_134": "",
      "rule_46": "(D6)",
      "rule_56": "(Str 4, AP 1, Divine Attacks, Flaming Attacks, Magical Attacks)"
    }
  },
  {
    "Id": "statline_614",
    "Name": "Prophet",
    "Type": "Statline",
    "Attributes": {
      "Ad": "3",
      "Ma": "4",
      "Di": "9",
      "Hgt": "1"
    },
    "DisplayableDataIds": {
      "rule_310": "(6\", Insignificant)",
      "rule_316": "",
      "rule_4": "",
      "rule_20": ""
    }
  },
  {
    "Id": "statline_615",
    "Name": "Prophet",
    "Type": "Statline",
    "Attributes": {
      "HP": "3",
      "Df": "4",
      "Re": "5",
      "Arm": "3"
    },
    "DisplayableDataIds": {
      "rule_312": ""
    }
  },
  {
    "Id": "statline_616",
    "Name": "Prophet",
    "Type": "Statline",
    "Attributes": {
      "At": "2",
      "Of": "4",
      "St": "4",
      "AP": "1",
      "Ag": "2"
    }
  },
  {
    "Id": "statline_617",
    "Name": "Vassal (4)",
    "Type": "Statline",
    "Attributes": {
      "Ad": "4",
      "Ma": "4",
      "Di": "9",
      "Hgt": "1"
    },
    "DisplayableDataIds": {
      "rule_310": "(6\", Insignificant)",
      "rule_315": "",
      "rule_3": "",
      "rule_316": "",
      "rule_4": "",
      "rule_20": ""
    }
  },
  {
    "Id": "statline_618",
    "Name": "Vassal (4)",
    "Type": "Statline",
    "Attributes": {
      "HP": "4",
      "Df": "4",
      "Re": "5",
      "Arm": "4"
    },
    "DisplayableDataIds": {
      "rule_312": ""
    }
  },
  {
    "Id": "statline_619",
    "Name": "Vassal (4)",
    "Type": "Statline",
    "Attributes": {
      "At": "1",
      "Of": "3",
      "St": "3",
      "AP": "0",
      "Ag": "3"
    }
  },
  {
    "Id": "statline_620",
    "Name": "Kadim Beast",
    "Type": "Statline",
    "Attributes": {
      "Ad": "7",
      "Ma": "4",
      "Di": "9",
      "Hgt": "4"
    },
    "DisplayableDataIds": {
      "rule_310": "(6\", Insignificant)",
      "rule_5": "",
      "rule_4": "",
      "rule_11": "",
      "rule_316": "",
      "rule_20": ""
    }
  },
  {
    "Id": "statline_621",
    "Name": "Kadim Beast",
    "Type": "Statline",
    "Attributes": {
      "HP": "4",
      "Df": "4",
      "Re": "5",
      "Arm": "5"
    },
    "DisplayableDataIds": {
      "rule_312": "",
      "rule_51": "(3+ against Flaming Attacks)"
    }
  },
  {
    "Id": "statline_622",
    "Name": "Kadim Beast",
    "Type": "Statline",
    "Attributes": {
      "At": "3",
      "Of": "3",
      "St": "5",
      "AP": "2",
      "Ag": "4"
    },
    "DisplayableDataIds": {
      "rule_288": "(Melee & Shooting)",
      "rule_134": ""
    }
  },
  {
    "Id": "statline_623",
    "Name": "Chassis",
    "Type": "Statline",
    "Attributes": {
      "At": null,
      "Of": null,
      "St": "5",
      "AP": "2",
      "Ag": null
    },
    "DisplayableDataIds": {
      "rule_288": "",
      "rule_134": "",
      "rule_10": "(D6+1)"
    }
  },
  {
    "Id": "statline_624",
    "Name": "Bull of Shamut",
    "Type": "Statline",
    "Attributes": {
      "Ad": "6",
      "Ma": "6",
      "Di": "9",
      "Hgt": "4"
    },
    "DisplayableDataIds": {
      "rule_310": "(6\", Insignificant)",
      "rule_44": "",
      "rule_5": "",
      "rule_4": "",
      "rule_11": "",
      "rule_21": "",
      "rule_132": "",
      "rule_316": "",
      "rule_20": ""
    }
  },
  {
    "Id": "statline_625",
    "Name": "Bull of Shamut",
    "Type": "Statline",
    "Attributes": {
      "HP": "5",
      "Df": "4",
      "Re": "5",
      "Arm": "4"
    },
    "DisplayableDataIds": {
      "rule_312": "",
      "rule_51": "(5+)"
    }
  },
  {
    "Id": "statline_626",
    "Name": "Crew (6)",
    "Type": "Statline",
    "Attributes": {
      "Ad": "4",
      "Ma": "5",
      "Di": "9",
      "Hgt": "5"
    },
    "DisplayableDataIds": {
      "rule_310": "(6\", Insignificant)",
      "rule_105": "",
      "rule_2": "(Wall)",
      "rule_317": "",
      "rule_316": "",
      "rule_4": "",
      "rule_20": ""
    }
  },
  {
    "Id": "statline_627",
    "Name": "Crew (6)",
    "Type": "Statline",
    "Attributes": {
      "HP": "8",
      "Df": "1",
      "Re": "6",
      "Arm": "4"
    },
    "DisplayableDataIds": {
      "rule_312": ""
    }
  },
  {
    "Id": "statline_628",
    "Name": "Crew (6)",
    "Type": "Statline",
    "Attributes": {
      "At": "1",
      "Of": "4",
      "St": "3",
      "AP": "0",
      "Ag": "2"
    }
  },
  {
    "Id": "statline_629",
    "Name": "Battering Ram",
    "Type": "Statline",
    "Attributes": {
      "At": null,
      "Of": "4",
      "St": "5",
      "AP": "2",
      "Ag": "2"
    },
    "DisplayableDataIds": {
      "rule_10": "(D3+1)",
      "rule_318": ""
    }
  },
  {
    "Id": "statline_630",
    "Name": "Great Bull of Shamut",
    "Type": "Statline",
    "Attributes": {
      "Ad": "7",
      "Ma": "7",
      "Di": "9",
      "Hgt": "5"
    },
    "DisplayableDataIds": {
      "rule_310": "(6\", Insignificant)",
      "rule_44": "",
      "rule_5": "",
      "rule_21": "",
      "rule_132": "",
      "rule_45": "",
      "rule_11": "",
      "rule_316": "",
      "rule_4": "",
      "rule_20": ""
    }
  },
  {
    "Id": "statline_631",
    "Name": "Vizier",
    "Type": "Statline",
    "Attributes": {
      "Ad": "3",
      "Ma": "4",
      "Di": "9",
      "Hgt": "1"
    },
    "DisplayableDataIds": {
      "rule_310": "(6\", Insignificant)",
      "rule_17": "",
      "rule_18": "",
      "rule_4": ""
    }
  },
  {
    "Id": "statline_632",
    "Name": "Vizier",
    "Type": "Statline",
    "Attributes": {
      "HP": "3",
      "Df": "6",
      "Re": "5",
      "Arm": "3"
    },
    "DisplayableDataIds": {
      "rule_312": ""
    }
  },
  {
    "Id": "statline_633",
    "Name": "Vizier",
    "Type": "Statline",
    "Attributes": {
      "At": "3",
      "Of": "6",
      "St": "4",
      "AP": "1",
      "Ag": "3"
    }
  },
  {
    "Id": "statline_634",
    "Name": "Vassal (4)",
    "Type": "Statline",
    "Attributes": {
      "Ad": "4",
      "Ma": "4",
      "Di": "9",
      "Hgt": "1"
    },
    "DisplayableDataIds": {
      "rule_310": "(6\", Insignificant)",
      "rule_315": "",
      "rule_3": "",
      "rule_17": "",
      "rule_18": "",
      "rule_4": ""
    }
  },
  {
    "Id": "statline_635",
    "Name": "Vassal (4)",
    "Type": "Statline",
    "Attributes": {
      "HP": "4",
      "Df": "6",
      "Re": "5",
      "Arm": "4"
    },
    "DisplayableDataIds": {
      "rule_312": ""
    }
  },
  {
    "Id": "statline_636",
    "Name": "Bull of Shamut",
    "Type": "Statline",
    "Attributes": {
      "Ad": "6",
      "Ma": "6",
      "Di": "9",
      "Hgt": "4"
    },
    "DisplayableDataIds": {
      "rule_310": "(6\", Insignificant)",
      "rule_44": "",
      "rule_5": "",
      "rule_4": "",
      "rule_11": "",
      "rule_21": "",
      "rule_132": "",
      "rule_17": "",
      "rule_18": ""
    }
  },
  {
    "Id": "statline_637",
    "Name": "Bull of Shamut",
    "Type": "Statline",
    "Attributes": {
      "HP": "5",
      "Df": "6",
      "Re": "5",
      "Arm": "4"
    },
    "DisplayableDataIds": {
      "rule_312": "",
      "rule_51": "(5+)"
    }
  },
  {
    "Id": "statline_638",
    "Name": "Crew (6)",
    "Type": "Statline",
    "Attributes": {
      "Ad": "4",
      "Ma": "5",
      "Di": "9",
      "Hgt": "5"
    },
    "DisplayableDataIds": {
      "rule_310": "(6\", Insignificant)",
      "rule_105": "",
      "rule_2": "(Wall)",
      "rule_317": "",
      "rule_17": "",
      "rule_18": "",
      "rule_4": ""
    }
  },
  {
    "Id": "statline_639",
    "Name": "Taurukh Commissioner",
    "Type": "Statline",
    "Attributes": {
      "Ad": "7",
      "Ma": "6",
      "Di": "9",
      "Hgt": "4"
    },
    "DisplayableDataIds": {
      "rule_310": "(6\", Insignificant)",
      "rule_5": ""
    }
  },
  {
    "Id": "statline_640",
    "Name": "Taurukh Commissioner",
    "Type": "Statline",
    "Attributes": {
      "HP": "4",
      "Df": "6",
      "Re": "5",
      "Arm": "3"
    },
    "DisplayableDataIds": {
      "rule_312": ""
    }
  },
  {
    "Id": "statline_641",
    "Name": "Taurukh Commis.",
    "Type": "Statline",
    "Attributes": {
      "At": "4",
      "Of": "6",
      "St": "5",
      "AP": "2",
      "Ag": "4"
    },
    "DisplayableDataIds": {
      "rule_10": "(1)",
      "rule_46": "(1)"
    }
  },
  {
    "Id": "statline_642",
    "Name": "Vassal Conjurer",
    "Type": "Statline",
    "Attributes": {
      "Ad": "4",
      "Ma": "4",
      "Di": "7",
      "Hgt": "1"
    },
    "DisplayableDataIds": {
      "rule_20": "",
      "rule_6": "(Insignificant)",
      "rule_33": "",
      "rule_319": "",
      "rule_4": ""
    }
  },
  {
    "Id": "statline_643",
    "Name": "Vassal Conjurer",
    "Type": "Statline",
    "Attributes": {
      "HP": "3",
      "Df": "3",
      "Re": "3",
      "Arm": "0"
    }
  },
  {
    "Id": "statline_644",
    "Name": "Vassal Conjurer",
    "Type": "Statline",
    "Attributes": {
      "At": "1",
      "Of": "3",
      "St": "3",
      "AP": "0",
      "Ag": "3"
    }
  },
  {
    "Id": "statline_645",
    "Name": "Vassal Steed",
    "Type": "Statline",
    "Attributes": {
      "Ad": "8",
      "Ma": "8",
      "Di": "7",
      "Hgt": "2"
    },
    "DisplayableDataIds": {
      "rule_20": "",
      "rule_6": "(Insignificant)",
      "rule_33": "",
      "rule_319": "",
      "rule_133": "",
      "rule_4": "",
      "rule_35": "",
      "rule_5": ""
    }
  },
  {
    "Id": "statline_646",
    "Name": "Vassal Steed",
    "Type": "Statline",
    "Attributes": {
      "HP": "3",
      "Df": "3",
      "Re": "3",
      "Arm": "1"
    }
  },
  {
    "Id": "statline_647",
    "Name": "Vassal Steed",
    "Type": "Statline",
    "Attributes": {
      "At": "2",
      "Of": "3",
      "St": "3",
      "AP": "1",
      "Ag": "3"
    }
  },
  {
    "Id": "statline_648",
    "Name": "Lamassu Scholar",
    "Type": "Statline",
    "Attributes": {
      "Ad": "6",
      "Ma": "6",
      "Di": "9",
      "Hgt": "4"
    },
    "DisplayableDataIds": {
      "rule_310": "(6\", Insignificant)",
      "rule_44": "",
      "rule_320": "",
      "rule_11": "",
      "rule_4": "",
      "rule_219": "(3)"
    }
  },
  {
    "Id": "statline_649",
    "Name": "Lamassu Scholar",
    "Type": "Statline",
    "Attributes": {
      "HP": "4",
      "Df": "4",
      "Re": "5",
      "Arm": "3"
    },
    "DisplayableDataIds": {
      "rule_109": "(5+)",
      "rule_312": ""
    }
  },
  {
    "Id": "statline_650",
    "Name": "Student",
    "Type": "Statline",
    "Attributes": {
      "At": "2",
      "Of": "4",
      "St": "4",
      "AP": "1",
      "Ag": "2"
    },
    "DisplayableDataIds": {
      "rule_313": ""
    }
  },
  {
    "Id": "statline_651",
    "Name": "Lamassu",
    "Type": "Statline",
    "Attributes": {
      "At": "2",
      "Of": "4",
      "St": "5",
      "AP": "2",
      "Ag": "4"
    },
    "DisplayableDataIds": {
      "rule_134": "",
      "rule_46": "(1)"
    }
  },
  {
    "Id": "statline_652",
    "Name": "Abazzalem, the Mechanical Lamassu",
    "Type": "Statline",
    "Attributes": {
      "Ad": "4",
      "Ma": "5",
      "Di": "9",
      "Hgt": "5"
    },
    "DisplayableDataIds": {
      "rule_21": "",
      "rule_333": "",
      "rule_11": "",
      "rule_41": "",
      "rule_45": "",
      "rule_678": "",
      "rule_42": "",
      "rule_147": ""
    }
  },
  {
    "Id": "statline_653",
    "Name": "Abazzalem",
    "Type": "Statline",
    "Attributes": {
      "HP": "8",
      "Df": "1",
      "Re": "8",
      "Arm": "4"
    }
  },
  {
    "Id": "statline_654",
    "Name": "Abazzalem",
    "Type": "Statline",
    "Attributes": {
      "At": "2",
      "Of": "4",
      "St": "5",
      "AP": "2",
      "Ag": "4"
    },
    "DisplayableDataIds": {
      "rule_134": ""
    }
  },
  {
    "Id": "statline_655",
    "Name": "Chassis",
    "Type": "Statline",
    "Attributes": {
      "At": "",
      "Of": "",
      "St": "5",
      "AP": "2",
      "Ag": "2"
    },
    "DisplayableDataIds": {
      "rule_9": "(+1 Str, +1 AP, +10 Agi)",
      "rule_149": "(3D3 hits)"
    }
  },
  {
    "Id": "statline_656",
    "Name": "Ibat-Sokavum, the Flying Charioteer",
    "Type": "Statline",
    "Attributes": {
      "Ad": "7",
      "Ma": "4",
      "Di": "10",
      "Hgt": "4"
    },
    "DisplayableDataIds": {
      "rule_44": "",
      "rule_430": "",
      "rule_681": "",
      "rule_11": "",
      "rule_4": "",
      "rule_5": ""
    }
  },
  {
    "Id": "statline_657",
    "Name": "Ibat-Sokavum, the Flying Charioteer",
    "Type": "Statline",
    "Attributes": {
      "HP": "5",
      "Df": "7",
      "Re": "5",
      "Arm": "4"
    },
    "DisplayableDataIds": {
      "rule_51": "(3+, against Flaming Attacks ; 4+)",
      "rule_680": "",
      "rule_312": ""
    }
  },
  {
    "Id": "statline_658",
    "Name": "Ibat-Sokavum",
    "Type": "Statline",
    "Attributes": {
      "At": "4",
      "Of": "7",
      "St": "4",
      "AP": "1",
      "Ag": "4"
    },
    "DisplayableDataIds": {
      "rule_180": "(Hatred)",
      "rule_679": ""
    }
  },
  {
    "Id": "statline_659",
    "Name": "Winged Kadim (2)",
    "Type": "Statline",
    "Attributes": {
      "At": "3",
      "Of": "3",
      "St": "5",
      "AP": "2",
      "Ag": "4"
    },
    "DisplayableDataIds": {
      "rule_288": "",
      "rule_134": ""
    }
  },
  {
    "Id": "statline_660",
    "Name": "Nezibrutash",
    "Type": "Statline",
    "Attributes": {
      "At": "",
      "Of": "",
      "St": "5",
      "AP": "2",
      "Ag": ""
    },
    "DisplayableDataIds": {
      "rule_288": "",
      "rule_10": "(D6+2 hits)"
    }
  },
  {
    "Id": "statline_661",
    "Name": "Infernal Warriors",
    "Type": "Statline",
    "Attributes": {
      "Ad": "3",
      "Ma": "4",
      "Di": "9",
      "Hgt": "1"
    },
    "DisplayableDataIds": {
      "rule_310": "(6\", Insignificant)",
      "rule_180": "(Stubborn)"
    }
  },
  {
    "Id": "statline_662",
    "Name": "Infernal Warriors",
    "Type": "Statline",
    "Attributes": {
      "HP": "1",
      "Df": "4",
      "Re": "4",
      "Arm": "3"
    },
    "DisplayableDataIds": {
      "rule_312": ""
    }
  },
  {
    "Id": "statline_663",
    "Name": "Infernal Warrior",
    "Type": "Statline",
    "Attributes": {
      "At": "1",
      "Of": "4",
      "St": "3",
      "AP": "0",
      "Ag": "2"
    }
  },
  {
    "Id": "statline_664",
    "Name": "Citadel Guard",
    "Type": "Statline",
    "Attributes": {
      "Ad": "3",
      "Ma": "4",
      "Di": "9",
      "Hgt": "1"
    },
    "DisplayableDataIds": {
      "rule_310": "(6\", Insignificant)",
      "rule_180": "(Stubborn)"
    }
  },
  {
    "Id": "statline_665",
    "Name": "Citadel Guard",
    "Type": "Statline",
    "Attributes": {
      "HP": "1",
      "Df": "4",
      "Re": "4",
      "Arm": "3"
    },
    "DisplayableDataIds": {
      "rule_312": "",
      "rule_27": ""
    }
  },
  {
    "Id": "statline_666",
    "Name": "Citadel Guard",
    "Type": "Statline",
    "Attributes": {
      "At": "1",
      "Of": "4",
      "St": "4",
      "AP": "1",
      "Ag": "2"
    },
    "DisplayableDataIds": {
      "rule_266": "(4+)"
    }
  },
  {
    "Id": "statline_667",
    "Name": "Vassal Levies",
    "Type": "Statline",
    "Attributes": {
      "Ad": "4",
      "Ma": "4",
      "Di": "7",
      "Hgt": "1"
    },
    "DisplayableDataIds": {
      "rule_33": "",
      "rule_6": "(Insignificant, Vassal Governor)",
      "rule_321": "(Flaming Attacks)"
    }
  },
  {
    "Id": "statline_668",
    "Name": "Vassal Levies",
    "Type": "Statline",
    "Attributes": {
      "HP": "1",
      "Df": "3",
      "Re": "3",
      "Arm": "1"
    }
  },
  {
    "Id": "statline_669",
    "Name": "Vassal Levy",
    "Type": "Statline",
    "Attributes": {
      "At": "1",
      "Of": "3",
      "St": "3",
      "AP": "0",
      "Ag": "3"
    },
    "DisplayableDataIds": {
      "rule_322": "(2)",
      "rule_32": ""
    }
  },
  {
    "Id": "statline_670",
    "Name": "Shackled Slaves",
    "Type": "Statline",
    "Attributes": {
      "Ad": "4",
      "Ma": "6",
      "Di": "4",
      "Hgt": "1"
    },
    "DisplayableDataIds": {
      "rule_33": "",
      "rule_11": "",
      "rule_24": "",
      "rule_323": "",
      "rule_42": ""
    }
  },
  {
    "Id": "statline_671",
    "Name": "Shackled Slaves",
    "Type": "Statline",
    "Attributes": {
      "HP": "1",
      "Df": "2",
      "Re": "4",
      "Arm": "0"
    }
  },
  {
    "Id": "statline_672",
    "Name": "Shackled Slave",
    "Type": "Statline",
    "Attributes": {
      "At": "1",
      "Of": "2",
      "St": "3",
      "AP": "0",
      "Ag": "1"
    },
    "DisplayableDataIds": {
      "rule_32": ""
    }
  },
  {
    "Id": "statline_673",
    "Name": "Kadim Chariot",
    "Type": "Statline",
    "Attributes": {
      "Ad": "7",
      "Ma": "4",
      "Di": "9",
      "Hgt": "4"
    },
    "DisplayableDataIds": {
      "rule_4": "",
      "rule_11": "",
      "rule_5": "",
      "rule_310": "(6\", Insignificant)"
    }
  },
  {
    "Id": "statline_674",
    "Name": "Kadim Chariot",
    "Type": "Statline",
    "Attributes": {
      "HP": "4",
      "Df": "4",
      "Re": "5",
      "Arm": "2"
    },
    "DisplayableDataIds": {
      "rule_51": "(5+)"
    }
  },
  {
    "Id": "statline_675",
    "Name": "Champion of Lugar (2)",
    "Type": "Statline",
    "Attributes": {
      "At": "2",
      "Of": "4",
      "St": "4",
      "AP": "1",
      "Ag": "3"
    },
    "DisplayableDataIds": {
      "rule_288": "",
      "rule_134": "",
      "rule_32": ""
    }
  },
  {
    "Id": "statline_676",
    "Name": "Immortals",
    "Type": "Statline",
    "Attributes": {
      "Ad": "3",
      "Ma": "4",
      "Di": "9",
      "Hgt": "1"
    },
    "DisplayableDataIds": {
      "rule_36": "(General, Overlord, Vizier)",
      "rule_310": "(6\", Insignificant)",
      "rule_180": "(Stubborn)",
      "rule_3": ""
    }
  },
  {
    "Id": "statline_677",
    "Name": "Immortals",
    "Type": "Statline",
    "Attributes": {
      "HP": "1",
      "Df": "5",
      "Re": "4",
      "Arm": "3"
    },
    "DisplayableDataIds": {
      "rule_312": "",
      "rule_324": "",
      "rule_27": ""
    }
  },
  {
    "Id": "statline_678",
    "Name": "Immortal",
    "Type": "Statline",
    "Attributes": {
      "At": "1",
      "Of": "5",
      "St": "4",
      "AP": "1",
      "Ag": "2",
      "Agi": "0"
    },
    "DisplayableDataIds": {
      "rule_23": "",
      "rule_39": ""
    }
  },
  {
    "Id": "statline_679",
    "Name": "Disciples of Lugar",
    "Type": "Statline",
    "Attributes": {
      "Ad": "4",
      "Ma": "6",
      "Di": "9",
      "Hgt": "1"
    },
    "DisplayableDataIds": {
      "rule_310": "(6\", Insignificant)",
      "rule_180": "(Stubborn)",
      "rule_325": "",
      "rule_326": ""
    }
  },
  {
    "Id": "statline_680",
    "Name": "Disciples of Lugar",
    "Type": "Statline",
    "Attributes": {
      "HP": "1",
      "Df": "4",
      "Re": "4",
      "Arm": "0"
    },
    "DisplayableDataIds": {
      "rule_51": "(5+)"
    }
  },
  {
    "Id": "statline_681",
    "Name": "Disciple of Lugar",
    "Type": "Statline",
    "Attributes": {
      "At": "2",
      "Of": "4",
      "St": "4",
      "AP": "1",
      "Ag": "3"
    },
    "DisplayableDataIds": {
      "rule_288": "",
      "rule_134": "",
      "rule_32": ""
    }
  },
  {
    "Id": "statline_682",
    "Name": "Kadim Incarnates",
    "Type": "Statline",
    "Attributes": {
      "Ad": "6",
      "Ma": "6",
      "Di": "6",
      "Hgt": "3"
    },
    "DisplayableDataIds": {
      "rule_132": "",
      "rule_21": "",
      "rule_325": "",
      "rule_33": "",
      "rule_5": "",
      "rule_6": "(Supernal)"
    }
  },
  {
    "Id": "statline_683",
    "Name": "Kadim Incarnates",
    "Type": "Statline",
    "Attributes": {
      "HP": "3",
      "Df": "2",
      "Re": "4",
      "Arm": "2"
    },
    "DisplayableDataIds": {
      "rule_51": "(5+)"
    }
  },
  {
    "Id": "statline_684",
    "Name": "Kadim Incarnate",
    "Type": "Statline",
    "Attributes": {
      "At": "3",
      "Of": "3",
      "St": "5",
      "AP": "2",
      "Ag": "4"
    },
    "DisplayableDataIds": {
      "rule_327": "(1)",
      "rule_288": "(Melee & Shooting)",
      "rule_134": ""
    }
  },
  {
    "Id": "statline_685",
    "Name": "Taurukh Enforcers",
    "Type": "Statline",
    "Attributes": {
      "Ad": "7",
      "Ma": "7",
      "Di": "9",
      "Hgt": "2"
    },
    "DisplayableDataIds": {
      "rule_310": "(6\", Insignificant)",
      "rule_180": "(Stubborn)",
      "rule_3": "",
      "rule_5": ""
    }
  },
  {
    "Id": "statline_686",
    "Name": "Taurukh Enforcers",
    "Type": "Statline",
    "Attributes": {
      "HP": "1",
      "Df": "4",
      "Re": "5",
      "Arm": "3"
    },
    "DisplayableDataIds": {
      "rule_312": ""
    }
  },
  {
    "Id": "statline_687",
    "Name": "Taurukh Enforcer",
    "Type": "Statline",
    "Attributes": {
      "At": "2",
      "Of": "4",
      "St": "4",
      "AP": "1",
      "Ag": "2"
    },
    "DisplayableDataIds": {
      "rule_10": "(1)"
    }
  },
  {
    "Id": "statline_688",
    "Name": "Taurukh Anointed",
    "Type": "Statline",
    "Attributes": {
      "Ad": "7",
      "Ma": "6",
      "Di": "9",
      "Hgt": "4"
    },
    "DisplayableDataIds": {
      "rule_310": "(6\", Insignificant)",
      "rule_180": "(Stubborn)",
      "rule_36": "(Taurukh Commissioner)",
      "rule_5": ""
    }
  },
  {
    "Id": "statline_689",
    "Name": "Taurukh Anointed",
    "Type": "Statline",
    "Attributes": {
      "HP": "3",
      "Df": "5",
      "Re": "5",
      "Arm": "3"
    },
    "DisplayableDataIds": {
      "rule_312": ""
    }
  },
  {
    "Id": "statline_690",
    "Name": "Taurukh Anointed",
    "Type": "Statline",
    "Attributes": {
      "At": "3",
      "Of": "5",
      "St": "5",
      "AP": "2",
      "Ag": "3",
      "Agi": "0"
    },
    "DisplayableDataIds": {
      "rule_10": "(1)",
      "rule_46": "(1)",
      "rule_39": ""
    }
  },
  {
    "Id": "statline_691",
    "Name": "Vassal Cavalry",
    "Type": "Statline",
    "Attributes": {
      "Ad": "8",
      "Ma": "8",
      "Di": "8",
      "Hgt": "2"
    },
    "DisplayableDataIds": {
      "rule_133": "",
      "rule_5": "",
      "rule_4": "",
      "rule_35": "",
      "rule_33": "",
      "rule_321": "(Flaming Attacks)"
    }
  },
  {
    "Id": "statline_692",
    "Name": "Vassal Cavalry",
    "Type": "Statline",
    "Attributes": {
      "HP": "1",
      "Df": "4",
      "Re": "3",
      "Arm": "2"
    },
    "DisplayableDataIds": {
      "rule_27": ""
    }
  },
  {
    "Id": "statline_693",
    "Name": "Vassal Rider",
    "Type": "Statline",
    "Attributes": {
      "At": "1",
      "Of": "4",
      "St": "4",
      "AP": "1",
      "Ag": "3"
    },
    "DisplayableDataIds": {
      "rule_322": "(2)",
      "rule_38": "",
      "rule_31": "(4+)"
    }
  },
  {
    "Id": "statline_694",
    "Name": "Infernal Bastion",
    "Type": "Statline",
    "Attributes": {
      "Ad": "4",
      "Ma": "5",
      "Di": "9",
      "Hgt": "5"
    },
    "DisplayableDataIds": {
      "rule_105": "",
      "rule_2": "(Wall)",
      "rule_317": ""
    }
  },
  {
    "Id": "statline_695",
    "Name": "Infernal Bastion",
    "Type": "Statline",
    "Attributes": {
      "HP": "8",
      "Df": "1",
      "Re": "6",
      "Arm": "4"
    },
    "DisplayableDataIds": {
      "rule_312": ""
    }
  },
  {
    "Id": "statline_696",
    "Name": "Vassal Slingshot",
    "Type": "Statline",
    "Attributes": {
      "Ad": "0",
      "Ma": "4",
      "Di": "7",
      "Hgt": "2"
    },
    "DisplayableDataIds": {
      "rule_196": "",
      "rule_11": "",
      "rule_33": ""
    }
  },
  {
    "Id": "statline_697",
    "Name": "Vassal Slingshot",
    "Type": "Statline",
    "Attributes": {
      "HP": "5",
      "Df": "1",
      "Re": "4",
      "Arm": "1"
    },
    "DisplayableDataIds": {
      "rule_321": "(Flaming Attacks)"
    }
  },
  {
    "Id": "statline_698",
    "Name": "Crew",
    "Type": "Statline",
    "Attributes": {
      "At": "3",
      "Of": "3",
      "St": "3",
      "AP": "0",
      "Ag": "3"
    },
    "DisplayableDataIds": {
      "rule_328": "(4+)"
    }
  },
  {
    "Id": "statline_699",
    "Name": "Gunnery Team",
    "Type": "Statline",
    "Attributes": {
      "Ad": "0",
      "Ma": "4",
      "Di": "9",
      "Hgt": "3"
    },
    "DisplayableDataIds": {
      "rule_310": "(6\", Insignificant)",
      "rule_105": "",
      "rule_18": "",
      "rule_6": "(Citadel Guard, Immortals, Infernal Warriors)"
    }
  },
  {
    "Id": "statline_700",
    "Name": "Gunnery Team",
    "Type": "Statline",
    "Attributes": {
      "HP": "4",
      "Df": "4",
      "Re": "4",
      "Arm": "4"
    },
    "DisplayableDataIds": {
      "rule_312": ""
    }
  },
  {
    "Id": "statline_701",
    "Name": "Gunnery Team\t",
    "Type": "Statline",
    "Attributes": {
      "At": null,
      "Of": null,
      "St": "4",
      "AP": "1",
      "Ag": "2"
    },
    "DisplayableDataIds": {
      "rule_149": "(3)",
      "rule_48": "",
      "rule_186": "",
      "rule_329": ""
    }
  },
  {
    "Id": "statline_702",
    "Name": "Infernal Artillery",
    "Type": "Statline",
    "Attributes": {
      "Ad": "0",
      "Ma": "4",
      "Di": "9",
      "Hgt": "3"
    },
    "DisplayableDataIds": {
      "rule_310": "(6\", Insignificant)",
      "rule_11": "",
      "rule_196": ""
    }
  },
  {
    "Id": "statline_703",
    "Name": "Infernal Artillery",
    "Type": "Statline",
    "Attributes": {
      "HP": "5",
      "Df": "1",
      "Re": "4",
      "Arm": "3"
    },
    "DisplayableDataIds": {
      "rule_312": ""
    }
  },
  {
    "Id": "statline_704",
    "Name": "Crew",
    "Type": "Statline",
    "Attributes": {
      "At": "3",
      "Of": "4",
      "St": "3",
      "AP": "0",
      "Ag": "2"
    },
    "DisplayableDataIds": {
      "rule_330": "",
      "rule_331": "",
      "rule_329": "(2+)"
    }
  },
  {
    "Id": "statline_705",
    "Name": "Kadim Titan",
    "Type": "Statline",
    "Attributes": {
      "Ad": "7",
      "Ma": "4",
      "Di": "7",
      "Hgt": "5"
    },
    "DisplayableDataIds": {
      "rule_132": "",
      "rule_21": "",
      "rule_33": "",
      "rule_11": "",
      "rule_45": ""
    }
  },
  {
    "Id": "statline_706",
    "Name": "Kadim Titan",
    "Type": "Statline",
    "Attributes": {
      "HP": "7",
      "Df": "3",
      "Re": "6",
      "Arm": "2"
    },
    "DisplayableDataIds": {
      "rule_51": "(5+)"
    }
  },
  {
    "Id": "statline_707",
    "Name": "Kadim Titan",
    "Type": "Statline",
    "Attributes": {
      "At": "6",
      "Of": "4",
      "St": "6",
      "AP": "3",
      "Ag": "3"
    },
    "DisplayableDataIds": {
      "rule_46": "(D6)",
      "rule_288": "(Melee & Shooting)",
      "rule_134": "(Melee & Shooting)"
    }
  },
  {
    "Id": "statline_708",
    "Name": "Infernal Engine",
    "Type": "Statline",
    "Attributes": {
      "Ad": "4",
      "Ma": "5",
      "Di": "9",
      "Hgt": "5"
    },
    "DisplayableDataIds": {
      "rule_310": "(12\", Insignificant)",
      "rule_41": "",
      "rule_45": "",
      "rule_42": "",
      "rule_21": "",
      "rule_333": "",
      "rule_11": ""
    }
  },
  {
    "Id": "statline_709",
    "Name": "Infernal Engine",
    "Type": "Statline",
    "Attributes": {
      "HP": "8",
      "Df": "1",
      "Re": "8",
      "Arm": "4"
    }
  },
  {
    "Id": "statline_710",
    "Name": "Chassis",
    "Type": "Statline",
    "Attributes": {
      "At": null,
      "Of": null,
      "St": "5",
      "AP": "2",
      "Ag": "2"
    },
    "DisplayableDataIds": {
      "rule_9": "(+1 Str, +1 AP, +10 Agi)",
      "rule_149": "(3D3)",
      "rule_329": ""
    }
  },
  {
    "Id": "statline_711",
    "Name": "Citizen Giant",
    "Type": "Statline",
    "Attributes": {
      "Ad": "7",
      "Ma": "7",
      "Di": "8",
      "Hgt": "5"
    },
    "DisplayableDataIds": {
      "rule_334": "",
      "rule_4": "",
      "rule_45": "",
      "rule_11": ""
    }
  },
  {
    "Id": "statline_712",
    "Name": "Citizen Giant",
    "Type": "Statline",
    "Attributes": {
      "HP": "8",
      "Df": "3",
      "Re": "5",
      "Arm": "2"
    }
  },
  {
    "Id": "statline_713",
    "Name": "Citizen Giant",
    "Type": "Statline",
    "Attributes": {
      "At": "5",
      "Of": "3",
      "St": "5",
      "AP": "2",
      "Ag": "3"
    },
    "DisplayableDataIds": {
      "rule_58": "",
      "rule_46": "(D6)",
      "rule_335": ""
    }
  }
]