[
  {
    "Id": "unit_220",
    "Name": "Overlord",
    "Type": "Unit",
    "Attributes": {
      "height": "Standard"
    },
    "BasicProfileIds": [
      "68357f54790d8280c4b21fd3"
    ],
    "DefaultFront": 1,
    "Formation": 1
  },
  {
    "Id": "unit_221",
    "Name": "Overlord on Bull of Shamut",
    "Type": "Unit",
    "Attributes": {
      "height": "Large"
    },
    "BasicProfileIds": [
      "80c85ad6-2293-4b17-a9ac-37023840ce52"
    ],
    "DefaultFront": 1,
    "Formation": 1
  },
  {
    "Id": "unit_222",
    "Name": "Overlord on Great Bull of Shamut",
    "Type": "Unit",
    "Attributes": {
      "height": "Gigantic"
    },
    "BasicProfileIds": [
      "85fd36f7-3d9a-488a-9fc7-c03a2e794923"
    ],
    "DefaultFront": 1,
    "Formation": 1
  },
  {
    "Id": "unit_223",
    "Name": "Prophet",
    "Type": "Unit",
    "Attributes": {
      "height": "Standard"
    },
    "BasicProfileIds": [
      "68357f54790d8280c4b220ed"
    ],
    "DefaultFront": 1,
    "Formation": 1
  },
  {
    "Id": "unit_224",
    "Name": "Prophet on Seat of Authority",
    "Type": "Unit",
    "Attributes": {
      "height": "Standard"
    },
    "BasicProfileIds": [
      "99c40cac-affe-442d-b6e0-1c3634ca0ba7"
    ],
    "DefaultFront": 1,
    "Formation": 1
  },
  {
    "Id": "unit_225",
    "Name": "Prophet on Kadim Chariot",
    "Type": "Unit",
    "Attributes": {
      "height": "Large"
    },
    "BasicProfileIds": [
      "5272868e-879b-4e9b-a190-34311eee413b"
    ],
    "DefaultFront": 1,
    "Formation": 1
  },
  {
    "Id": "unit_226",
    "Name": "Prophet on Bull of Shamut",
    "Type": "Unit",
    "Attributes": {
      "height": "Large"
    },
    "BasicProfileIds": [
      "78bcc17d-0365-4ec9-9101-ce29dd9a197e"
    ],
    "DefaultFront": 1,
    "Formation": 1
  },
  {
    "Id": "unit_227",
    "Name": "Prophet on Infernal Bastion",
    "Type": "Unit",
    "Attributes": {
      "height": "Gigantic"
    },
    "BasicProfileIds": [
      "5eca85fa-e8f0-4dc6-8930-9e5362bede1b"
    ],
    "DefaultFront": 1,
    "Formation": 1
  },
  {
    "Id": "unit_228",
    "Name": "Prophet on Great Bull of Shamut",
    "Type": "Unit",
    "Attributes": {
      "height": "Gigantic"
    },
    "BasicProfileIds": [
      "f00c7d46-8174-404d-a8a2-80d7525e7192"
    ],
    "DefaultFront": 1,
    "Formation": 1
  },
  {
    "Id": "unit_229",
    "Name": "Vizier",
    "Type": "Unit",
    "Attributes": {
      "height": "Standard"
    },
    "BasicProfileIds": [
      "68357f55790d8280c4b2235a"
    ],
    "DefaultFront": 1,
    "Formation": 1
  },
  {
    "Id": "unit_230",
    "Name": "Vizier on Seat of Authority",
    "Type": "Unit",
    "Attributes": {
      "height": "Standard"
    },
    "BasicProfileIds": [
      "2db2ff45-8048-403f-9ad8-614d4d56b959"
    ],
    "DefaultFront": 1,
    "Formation": 1
  },
  {
    "Id": "unit_231",
    "Name": "Vizier on Bull of Shamut",
    "Type": "Unit",
    "Attributes": {
      "height": "Large"
    },
    "BasicProfileIds": [
      "2908d7d1-e131-4320-b253-50faa68c5101"
    ],
    "DefaultFront": 1,
    "Formation": 1
  },
  {
    "Id": "unit_232",
    "Name": "Vizier on Infernal Bastion",
    "Type": "Unit",
    "Attributes": {
      "height": "Gigantic"
    },
    "BasicProfileIds": [
      "079a609a-f23a-4785-8a41-7546afc40f69"
    ],
    "DefaultFront": 1,
    "Formation": 1
  },
  {
    "Id": "unit_233",
    "Name": "Taurukh Commissioner",
    "Type": "Unit",
    "Attributes": {
      "height": "Large"
    },
    "BasicProfileIds": [
      "68357f56790d8280c4b2250f"
    ],
    "DefaultFront": 1,
    "Formation": 1
  },
  {
    "Id": "unit_234",
    "Name": "Vassal Conjurer",
    "Type": "Unit",
    "Attributes": {
      "height": "Standard"
    },
    "BasicProfileIds": [
      "68357f56790d8280c4b22567"
    ],
    "DefaultFront": 1,
    "Formation": 1
  },
  {
    "Id": "unit_235",
    "Name": "Vassal Conjurer on Vassal Steed",
    "Type": "Unit",
    "Attributes": {
      "height": "Standard"
    },
    "BasicProfileIds": [
      "20b14159-c797-4f9e-82b8-cc189c2223e5"
    ],
    "DefaultFront": 1,
    "Formation": 1
  },
  {
    "Id": "unit_236",
    "Name": "Lamassu Scholar",
    "Type": "Unit",
    "Attributes": {
      "height": "Large"
    },
    "BasicProfileIds": [
      "68357f56790d8280c4b225d2"
    ],
    "DefaultFront": 1,
    "Formation": 1
  },
  {
    "Id": "unit_237",
    "Name": "Abazzalem, the Mechanical Lamassu",
    "Type": "Unit",
    "Attributes": {
      "height": "Gigantic"
    },
    "BasicProfileIds": [
      "b4d2a7e3f9c1d6a5b9c4e7d3f"
    ],
    "DefaultFront": 1,
    "Formation": 1
  },
  {
    "Id": "unit_238",
    "Name": "Ibat-Sokavum, the Flying Charioteer",
    "Type": "Unit",
    "Attributes": {
      "height": "Large"
    },
    "BasicProfileIds": [
      "a3f9b7c2e6d1a4f5b8c2d9e7a"
    ],
    "DefaultFront": 1,
    "Formation": 1
  },
  {
    "Id": "unit_239",
    "Name": "Infernal Warriors",
    "Type": "Unit",
    "Attributes": {
      "height": "Standard"
    },
    "BasicProfileIds": [
      "68357f56790d8280c4b225eb"
    ],
    "DefaultFront": 5,
    "Formation": 1
  },
  {
    "Id": "unit_240",
    "Name": "Citadel Guard",
    "Type": "Unit",
    "Attributes": {
      "height": "Standard"
    },
    "BasicProfileIds": [
      "68357f56790d8280c4b2262a"
    ],
    "DefaultFront": 5,
    "Formation": 1
  },
  {
    "Id": "unit_241",
    "Name": "Vassal Levies",
    "Type": "Unit",
    "Attributes": {
      "height": "Standard"
    },
    "BasicProfileIds": [
      "68357f57790d8280c4b22669"
    ],
    "DefaultFront": 5,
    "Formation": 1
  },
  {
    "Id": "unit_242",
    "Name": "Shackled Slaves",
    "Type": "Unit",
    "Attributes": {
      "height": "Standard"
    },
    "BasicProfileIds": [
      "68357f57790d8280c4b226ae"
    ],
    "DefaultFront": 5,
    "Formation": 1
  },
  {
    "Id": "unit_243",
    "Name": "Kadim Chariot",
    "Type": "Unit",
    "Attributes": {
      "height": "Large"
    },
    "BasicProfileIds": [
      "68357f57790d8280c4b226c0"
    ],
    "DefaultFront": 1,
    "Formation": 1
  },
  {
    "Id": "unit_244",
    "Name": "Immortals",
    "Type": "Unit",
    "Attributes": {
      "height": "Standard"
    },
    "BasicProfileIds": [
      "68357f57790d8280c4b226c5"
    ],
    "DefaultFront": 5,
    "Formation": 1
  },
  {
    "Id": "unit_245",
    "Name": "Disciples of Lugar",
    "Type": "Unit",
    "Attributes": {
      "height": "Standard"
    },
    "BasicProfileIds": [
      "68357f58790d8280c4b22704"
    ],
    "DefaultFront": 5,
    "Formation": 1
  },
  {
    "Id": "unit_246",
    "Name": "Kadim Incarnates",
    "Type": "Unit",
    "Attributes": {
      "height": "Large"
    },
    "BasicProfileIds": [
      "68357f58790d8280c4b22740"
    ],
    "DefaultFront": 3,
    "Formation": 1
  },
  {
    "Id": "unit_247",
    "Name": "Taurukh Enforcers",
    "Type": "Unit",
    "Attributes": {
      "height": "Standard"
    },
    "BasicProfileIds": [
      "68357f58790d8280c4b2274e"
    ],
    "DefaultFront": 5,
    "Formation": 1
  },
  {
    "Id": "unit_248",
    "Name": "Taurukh Anointed",
    "Type": "Unit",
    "Attributes": {
      "height": "Large"
    },
    "BasicProfileIds": [
      "68357f58790d8280c4b22796"
    ],
    "DefaultFront": 3,
    "Formation": 1
  },
  {
    "Id": "unit_249",
    "Name": "Vassal Cavalry",
    "Type": "Unit",
    "Attributes": {
      "height": "Standard"
    },
    "BasicProfileIds": [
      "68357f59790d8280c4b227db"
    ],
    "DefaultFront": 5,
    "Formation": 1
  },
  {
    "Id": "unit_250",
    "Name": "Infernal Bastion",
    "Type": "Unit",
    "Attributes": {
      "height": "Gigantic"
    },
    "BasicProfileIds": [
      "68357f59790d8280c4b2280c"
    ],
    "DefaultFront": 1,
    "Formation": 1
  },
  {
    "Id": "unit_251",
    "Name": "Vassal Slingshot",
    "Type": "Unit",
    "Attributes": {
      "height": "Standard"
    },
    "BasicProfileIds": [
      "68357f59790d8280c4b2280d"
    ],
    "DefaultFront": 1,
    "Formation": 1
  },
  {
    "Id": "unit_252",
    "Name": "Gunnery Team",
    "Type": "Unit",
    "Attributes": {
      "height": "Large"
    },
    "BasicProfileIds": [
      "68357f59790d8280c4b2280e"
    ],
    "DefaultFront": 1,
    "Formation": 1
  },
  {
    "Id": "unit_253",
    "Name": "Infernal Artillery",
    "Type": "Unit",
    "Attributes": {
      "height": "Large"
    },
    "BasicProfileIds": [
      "68357f59790d8280c4b22822"
    ],
    "DefaultFront": 1,
    "Formation": 1
  },
  {
    "Id": "unit_254",
    "Name": "Kadim Titan",
    "Type": "Unit",
    "Attributes": {
      "height": "Gigantic"
    },
    "BasicProfileIds": [
      "68357f5a790d8280c4b22836"
    ],
    "DefaultFront": 1,
    "Formation": 1
  },
  {
    "Id": "unit_255",
    "Name": "Infernal Engine",
    "Type": "Unit",
    "Attributes": {
      "height": "Gigantic"
    },
    "BasicProfileIds": [
      "68357f5a790d8280c4b2283c"
    ],
    "DefaultFront": 1,
    "Formation": 1
  },
  {
    "Id": "unit_256",
    "Name": "Citizen Giant",
    "Type": "Unit",
    "Attributes": {
      "height": "Gigantic"
    },
    "BasicProfileIds": [
      "68357f5a790d8280c4b2285a"
    ],
    "DefaultFront": 1,
    "Formation": 1
  }
]