[
  {
    "Id": "7a0e2df4-22ab-4736-8bc2-176643d28a20",
    "Name": "Great Elk",
    "Type": "UnitGlobalChange"
  },
  {
    "Id": "96dbff36-00ab-4d35-bc82-63bd0593e1ce",
    "Name": "Forest Eagle",
    "Type": "UnitGlobalChange"
  },
  {
    "Id": "0da48d63-da7a-486b-83e5-97c30314cad6",
    "Name": "Forest Dragon",
    "Type": "UnitGlobalChange"
  },
  {
    "Id": "45f28e92-86dc-4759-8ae4-3ef15fb93408",
    "Name": "Sylvan Unicorn",
    "Type": "UnitGlobalChange"
  },
  {
    "Id": "0dd6b3fe-9b48-4e6c-b03c-b695c6275e92",
    "Name": "Elven Cloak and Sylvan Blades",
    "Type": "UnitSwapDisplayable"
  },
  {
    "Id": "6e4b9108-ca68-436d-b7e9-1a9c6225cd24",
    "Name": "Elven Horse with Light Troops",
    "Type": "UnitSwapDisplayable"
  },
  {
    "Id": "247fbbe0-3cf6-49a0-9393-213d3f368c60",
    "Name": "Gread Weapon",
    "Type": "UnitSwapDisplayable"
  },
  {
    "Id": "847e17f0-f3bc-4c32-ac55-b10dec5806dc",
    "Name": "Skirmisher and Sylvan Longbow",
    "Type": "UnitSwapDisplayable"
  },
  {
    "Id": "2fd211f9-bbe9-40e7-bf34-4a4accf1a0bf",
    "Name": "Sylvan Blades",
    "Type": "UnitSwapDisplayable",
    "DisplayableDataIdToAdd": {
      "rule_465": ""
    }
  },
  {
    "Id": "b49fe2ee-1856-4b94-8293-bbb179beda0b",
    "Name": "Sylvan Lance",
    "Type": "UnitSwapDisplayable"
  },
  {
    "Id": "3485f373-5f05-4d52-9254-3f2f09f2e187",
    "Name": "Sylvan Longbow",
    "Type": "UnitSwapDisplayable"
  }
]