[
  {
    "Id": "68357f7d790d8280c4b256f8",
    "Name": "Forest Prince",
    "Type": "Profile",
    "BaseId": "5",
    "DisplayableDataIds": {
      "statline_1174": "",
      "statline_1175": "",
      "statline_1176": ""
    }
  },
  {
    "Id": "e0eeac97-e245-4524-8809-6449f4744717",
    "Name": "Elven Horse",
    "Type": "Profile",
    "BaseId": "4",
    "DisplayableDataIds": {
      "statline_1177": "",
      "statline_1178": "",
      "statline_204": ""
    }
  },
  {
    "Id": "4d235dd8-2fdb-4f93-8abc-6d6296f697c4",
    "Name": "Great Elk",
    "Type": "Profile",
    "BaseId": "6",
    "DisplayableDataIds": {
      "statline_1179": "",
      "statline_1180": "",
      "statline_1181": ""
    }
  },
  {
    "Id": "b387e8fc-8ed5-4cf7-a549-3386b3059390",
    "Name": "Forest Eagle",
    "Type": "Profile",
    "BaseId": "6",
    "DisplayableDataIds": {
      "statline_1182": "",
      "statline_1183": "",
      "statline_1184": ""
    }
  },
  {
    "Id": "09388320-b0e0-4310-a584-b876d69a9788",
    "Name": "Forest Dragon",
    "Type": "Profile",
    "BaseId": "2",
    "DisplayableDataIds": {
      "statline_1185": "",
      "statline_1186": "",
      "statline_1187": ""
    }
  },
  {
    "Id": "68357f7e790d8280c4b25907",
    "Name": "Chieftain",
    "Type": "Profile",
    "BaseId": "5",
    "DisplayableDataIds": {
      "statline_1188": "",
      "statline_1189": "",
      "statline_1190": ""
    }
  },
  {
    "Id": "3b533f44-091d-41a9-9700-4635e21cc0f0",
    "Name": "Elven Horse",
    "Type": "Profile",
    "BaseId": "4",
    "DisplayableDataIds": {
      "statline_1191": "",
      "statline_1192": "",
      "statline_204": ""
    }
  },
  {
    "Id": "5dd5eca8-a437-4cdb-8bb2-f5b2270e7387",
    "Name": "Great Elk",
    "Type": "Profile",
    "BaseId": "6",
    "DisplayableDataIds": {
      "statline_1193": "",
      "statline_1194": "",
      "statline_1181": ""
    }
  },
  {
    "Id": "869ac7b9-326b-4fa5-94e7-9172a72193b1",
    "Name": "Forest Eagle",
    "Type": "Profile",
    "BaseId": "6",
    "DisplayableDataIds": {
      "statline_1195": "",
      "statline_1196": "",
      "statline_1184": ""
    }
  },
  {
    "Id": "68357f7e790d8280c4b25ad8",
    "Name": "Druid",
    "Type": "Profile",
    "BaseId": "5",
    "DisplayableDataIds": {
      "statline_1197": "",
      "statline_1198": "",
      "statline_1199": ""
    }
  },
  {
    "Id": "b21fd689-a365-4753-9ee5-4a3665902942",
    "Name": "Elven Horse",
    "Type": "Profile",
    "BaseId": "4",
    "DisplayableDataIds": {
      "statline_1200": "",
      "statline_1201": "",
      "statline_204": ""
    }
  },
  {
    "Id": "ac82d1fb-4a60-487b-98b0-f234b5671ccd",
    "Name": "Forest Eagle",
    "Type": "Profile",
    "BaseId": "6",
    "DisplayableDataIds": {
      "statline_1202": "",
      "statline_1203": "",
      "statline_1184": ""
    }
  },
  {
    "Id": "e8d09249-d3a0-4ffa-b1fe-f19502c7c9c4",
    "Name": "Sylvan Unicorn",
    "Type": "Profile",
    "BaseId": "4",
    "DisplayableDataIds": {
      "statline_1204": "",
      "statline_1205": "",
      "statline_1206": ""
    }
  },
  {
    "Id": "f28b2d0e-3ee4-4e35-a32c-d6b5dc829569",
    "Name": "Forest Dragon",
    "Type": "Profile",
    "BaseId": "2",
    "DisplayableDataIds": {
      "statline_1207": "",
      "statline_1186": "",
      "statline_1187": ""
    }
  },
  {
    "Id": "68357f7f790d8280c4b25c60",
    "Name": "Treefather Ancient",
    "Type": "Profile",
    "BaseId": "20",
    "DisplayableDataIds": {
      "statline_1208": "",
      "statline_1209": "",
      "statline_1210": ""
    }
  },
  {
    "Id": "68357f7f790d8280c4b25c79",
    "Name": "Avatar of Nature",
    "Type": "Profile",
    "BaseId": "20",
    "DisplayableDataIds": {
      "statline_1211": "",
      "statline_1212": "",
      "statline_1213": ""
    }
  },
  {
    "Id": "68357f7f790d8280c4b25c8a",
    "Name": "Dryad Ancient",
    "Type": "Profile",
    "BaseId": "1",
    "DisplayableDataIds": {
      "statline_1214": "",
      "statline_1215": "",
      "statline_1216": ""
    }
  },
  {
    "Id": "68357f80790d8280c4b25ca4",
    "Name": "Thicket Shepherd",
    "Type": "Profile",
    "BaseId": "3",
    "DisplayableDataIds": {
      "statline_1217": "",
      "statline_1218": "",
      "statline_1219": ""
    }
  },
  {
    "Id": "d2f7e1a8b3c9f4d6e2a1c9b7f",
    "Name": "Dwatobel, The World-Wandering Tree",
    "Type": "Profile",
    "BaseId": "20",
    "DisplayableDataIds": {
      "statline_1220": "",
      "statline_1221": "",
      "statline_1222": "",
      "statline_1223": "",
      "statline_1224": "",
      "statline_1225": ""
    }
  },
  {
    "Id": "a3b2e4d8f1c9e7a3b2d1c9a5b",
    "Name": "Domethloc, The Unicorn Shapeshifter",
    "Type": "Profile",
    "BaseId": "5",
    "DisplayableDataIds": {
      "statline_1226": "",
      "statline_1227": "",
      "statline_1228": ""
    }
  },
  {
    "Id": "68357f80790d8280c4b25cb8",
    "Name": "Forest Guard",
    "Type": "Profile",
    "BaseId": "5",
    "DisplayableDataIds": {
      "statline_1229": "",
      "statline_1230": "",
      "statline_1231": ""
    }
  },
  {
    "Id": "68357f80790d8280c4b25ceb",
    "Name": "Sylvan Archers",
    "Type": "Profile",
    "BaseId": "5",
    "DisplayableDataIds": {
      "statline_1232": "",
      "statline_1233": "",
      "statline_1234": ""
    }
  },
  {
    "Id": "68357f80790d8280c4b25d1b",
    "Name": "Heath Riders",
    "Type": "Profile",
    "BaseId": "4",
    "DisplayableDataIds": {
      "statline_1235": "",
      "statline_1236": "",
      "statline_1237": "",
      "statline_204": ""
    }
  },
  {
    "Id": "68357f81790d8280c4b25d57",
    "Name": "Dryads",
    "Type": "Profile",
    "BaseId": "1",
    "DisplayableDataIds": {
      "statline_1238": "",
      "statline_1239": "",
      "statline_1240": ""
    }
  },
  {
    "Id": "68357f81790d8280c4b25d75",
    "Name": "Forest Rangers",
    "Type": "Profile",
    "BaseId": "5",
    "DisplayableDataIds": {
      "statline_1241": "",
      "statline_1242": "",
      "statline_1243": ""
    }
  },
  {
    "Id": "68357f81790d8280c4b25dab",
    "Name": "Thicket Beasts",
    "Type": "Profile",
    "BaseId": "3",
    "DisplayableDataIds": {
      "statline_1244": "",
      "statline_1245": "",
      "statline_1246": ""
    }
  },
  {
    "Id": "68357f81790d8280c4b25dc3",
    "Name": "Forest Eagles",
    "Type": "Profile",
    "BaseId": "6",
    "DisplayableDataIds": {
      "statline_1247": "",
      "statline_1248": "",
      "statline_1184": ""
    }
  },
  {
    "Id": "68357f81790d8280c4b25dc8",
    "Name": "Blade Dancers",
    "Type": "Profile",
    "BaseId": "5",
    "DisplayableDataIds": {
      "statline_1249": "",
      "statline_1250": "",
      "statline_1251": ""
    }
  },
  {
    "Id": "68357f82790d8280c4b25df6",
    "Name": "Treefather",
    "Type": "Profile",
    "BaseId": "20",
    "DisplayableDataIds": {
      "statline_1252": "",
      "statline_1253": "",
      "statline_1254": ""
    }
  },
  {
    "Id": "68357f82790d8280c4b25df9",
    "Name": "Wild Huntsmen",
    "Type": "Profile",
    "BaseId": "4",
    "DisplayableDataIds": {
      "statline_1255": "",
      "statline_1256": "",
      "statline_1257": "",
      "statline_1258": ""
    }
  },
  {
    "Id": "68357f82790d8280c4b25e38",
    "Name": "Kestrel Knights",
    "Type": "Profile",
    "BaseId": "3",
    "DisplayableDataIds": {
      "statline_1259": "",
      "statline_1260": "",
      "statline_1261": "",
      "statline_1262": ""
    }
  },
  {
    "Id": "68357f82790d8280c4b25e71",
    "Name": "Briar Maidens",
    "Type": "Profile",
    "BaseId": "4",
    "DisplayableDataIds": {
      "statline_1263": "",
      "statline_1264": "",
      "statline_1265": "",
      "statline_1258": ""
    }
  },
  {
    "Id": "68357f83790d8280c4b25e8f",
    "Name": "Sylvan Sentinels",
    "Type": "Profile",
    "BaseId": "5",
    "DisplayableDataIds": {
      "statline_1266": "",
      "statline_1267": "",
      "statline_1268": ""
    }
  },
  {
    "Id": "68357f83790d8280c4b25e97",
    "Name": "Pathfinders",
    "Type": "Profile",
    "BaseId": "5",
    "DisplayableDataIds": {
      "statline_1269": "",
      "statline_1270": "",
      "statline_1271": ""
    }
  }
]