[
  {
    "Id": "statline_1174",
    "Name": "Forest Prince",
    "Type": "Statline",
    "Attributes": {
      "Ad": "5",
      "Ma": "5",
      "Di": "10",
      "Hgt": "1"
    },
    "DisplayableDataIds": {
      "rule_3": "",
      "rule_2": "(Forest)",
      "rule_4": ""
    }
  },
  {
    "Id": "statline_1175",
    "Name": "Forest Prince",
    "Type": "Statline",
    "Attributes": {
      "HP": "3",
      "Df": "8",
      "Re": "3",
      "Arm": "1"
    }
  },
  {
    "Id": "statline_1176",
    "Name": "Forest Prince",
    "Type": "Statline",
    "Attributes": {
      "At": "4",
      "Of": "8",
      "St": "4",
      "AP": "1",
      "Ag": "8"
    }
  },
  {
    "Id": "statline_1177",
    "Name": "Elven Horse",
    "Type": "Statline",
    "Attributes": {
      "Ad": "9",
      "Ma": "9",
      "Di": "10",
      "Hgt": "2"
    },
    "DisplayableDataIds": {
      "rule_3": "",
      "rule_2": "(Forest)",
      "rule_4": "",
      "rule_5": ""
    }
  },
  {
    "Id": "statline_1178",
    "Name": "Elven Horse",
    "Type": "Statline",
    "Attributes": {
      "HP": "3",
      "Df": "8",
      "Re": "3",
      "Arm": "2"
    }
  },
  {
    "Id": "statline_1179",
    "Name": "Great Elk",
    "Type": "Statline",
    "Attributes": {
      "Ad": "8",
      "Ma": "8",
      "Di": "10",
      "Hgt": "2"
    },
    "DisplayableDataIds": {
      "rule_3": "",
      "rule_2": "(Forest)",
      "rule_4": "",
      "rule_5": ""
    }
  },
  {
    "Id": "statline_1180",
    "Name": "Great Elk",
    "Type": "Statline",
    "Attributes": {
      "HP": "3",
      "Df": "8",
      "Re": "5",
      "Arm": "2"
    }
  },
  {
    "Id": "statline_1181",
    "Name": "Great Elk",
    "Type": "Statline",
    "Attributes": {
      "At": "2",
      "Of": "4",
      "St": "4",
      "AP": "1",
      "Ag": "4"
    },
    "DisplayableDataIds": {
      "rule_10": "(1)"
    }
  },
  {
    "Id": "statline_1182",
    "Name": "Forest Eagle",
    "Type": "Statline",
    "Attributes": {
      "Ad": "9",
      "Ma": "9",
      "Di": "10",
      "Hgt": "3"
    },
    "DisplayableDataIds": {
      "rule_3": "",
      "rule_2": "(Forest)",
      "rule_44": "",
      "rule_29": "(1)",
      "rule_4": "",
      "rule_5": ""
    }
  },
  {
    "Id": "statline_1183",
    "Name": "Forest Eagle",
    "Type": "Statline",
    "Attributes": {
      "HP": "4",
      "Df": "8",
      "Re": "4",
      "Arm": "2"
    }
  },
  {
    "Id": "statline_1184",
    "Name": "Forest Eagle",
    "Type": "Statline",
    "Attributes": {
      "At": "3",
      "Of": "5",
      "St": "5",
      "AP": "1",
      "Ag": "4"
    }
  },
  {
    "Id": "statline_1185",
    "Name": "Forest Dragon",
    "Type": "Statline",
    "Attributes": {
      "Ad": "7",
      "Ma": "7",
      "Di": "10",
      "Hgt": "5"
    },
    "DisplayableDataIds": {
      "rule_3": "",
      "rule_2": "(Forest)",
      "rule_11": "",
      "rule_44": "",
      "rule_459": "",
      "rule_460": "(2)",
      "rule_5": "",
      "rule_45": "",
      "rule_4": ""
    }
  },
  {
    "Id": "statline_1186",
    "Name": "Forest Dragon",
    "Type": "Statline",
    "Attributes": {
      "HP": "7",
      "Df": "5",
      "Re": "6",
      "Arm": "4"
    }
  },
  {
    "Id": "statline_1187",
    "Name": "Forest Dragon",
    "Type": "Statline",
    "Attributes": {
      "At": "6",
      "Of": "5",
      "St": "6",
      "AP": "3",
      "Ag": "3"
    },
    "DisplayableDataIds": {
      "rule_56": "(Str 4, AP 1, Flaming Attacks)",
      "rule_46": "(D6)"
    }
  },
  {
    "Id": "statline_1188",
    "Name": "Chieftain",
    "Type": "Statline",
    "Attributes": {
      "Ad": "5",
      "Ma": "5",
      "Di": "9",
      "Hgt": "1"
    },
    "DisplayableDataIds": {
      "rule_3": "",
      "rule_2": "(Forest)",
      "rule_17": "",
      "rule_18": "",
      "rule_4": ""
    }
  },
  {
    "Id": "statline_1189",
    "Name": "Chieftain",
    "Type": "Statline",
    "Attributes": {
      "HP": "3",
      "Df": "7",
      "Re": "3",
      "Arm": "1"
    }
  },
  {
    "Id": "statline_1190",
    "Name": "Chieftain",
    "Type": "Statline",
    "Attributes": {
      "At": "3",
      "Of": "7",
      "St": "4",
      "AP": "1",
      "Ag": "7"
    }
  },
  {
    "Id": "statline_1191",
    "Name": "Elven Horse",
    "Type": "Statline",
    "Attributes": {
      "Ad": "9",
      "Ma": "9",
      "Di": "9",
      "Hgt": "2"
    },
    "DisplayableDataIds": {
      "rule_3": "",
      "rule_2": "(Forest)",
      "rule_4": "",
      "rule_5": "",
      "rule_17": "",
      "rule_18": ""
    }
  },
  {
    "Id": "statline_1192",
    "Name": "Elven Horse",
    "Type": "Statline",
    "Attributes": {
      "HP": "3",
      "Df": "7",
      "Re": "3",
      "Arm": "2"
    }
  },
  {
    "Id": "statline_1193",
    "Name": "Great Elk",
    "Type": "Statline",
    "Attributes": {
      "Ad": "8",
      "Ma": "8",
      "Di": "9",
      "Hgt": "2"
    },
    "DisplayableDataIds": {
      "rule_3": "",
      "rule_2": "(Forest)",
      "rule_4": "",
      "rule_5": "",
      "rule_17": "",
      "rule_18": ""
    }
  },
  {
    "Id": "statline_1194",
    "Name": "Great Elk",
    "Type": "Statline",
    "Attributes": {
      "HP": "3",
      "Df": "7",
      "Re": "5",
      "Arm": "2"
    }
  },
  {
    "Id": "statline_1195",
    "Name": "Forest Eagle",
    "Type": "Statline",
    "Attributes": {
      "Ad": "9",
      "Ma": "9",
      "Di": "9",
      "Hgt": "3"
    },
    "DisplayableDataIds": {
      "rule_3": "",
      "rule_2": "(Forest)",
      "rule_44": "",
      "rule_29": "(1)",
      "rule_4": "",
      "rule_5": "",
      "rule_17": "",
      "rule_18": ""
    }
  },
  {
    "Id": "statline_1196",
    "Name": "Forest Eagle",
    "Type": "Statline",
    "Attributes": {
      "HP": "4",
      "Df": "7",
      "Re": "4",
      "Arm": "2"
    }
  },
  {
    "Id": "statline_1197",
    "Name": "Druid",
    "Type": "Statline",
    "Attributes": {
      "Ad": "5",
      "Ma": "5",
      "Di": "9",
      "Hgt": "1"
    },
    "DisplayableDataIds": {
      "rule_2": "(Forest)",
      "rule_461": "",
      "rule_4": "",
      "rule_20": ""
    }
  },
  {
    "Id": "statline_1198",
    "Name": "Druid",
    "Type": "Statline",
    "Attributes": {
      "HP": "3",
      "Df": "5",
      "Re": "3",
      "Arm": "0"
    }
  },
  {
    "Id": "statline_1199",
    "Name": "Druid",
    "Type": "Statline",
    "Attributes": {
      "At": "1",
      "Of": "5",
      "St": "3",
      "AP": "0",
      "Ag": "5"
    }
  },
  {
    "Id": "statline_1200",
    "Name": "Elven Horse",
    "Type": "Statline",
    "Attributes": {
      "Ad": "9",
      "Ma": "9",
      "Di": "9",
      "Hgt": "2"
    },
    "DisplayableDataIds": {
      "rule_2": "(Forest)",
      "rule_461": "",
      "rule_4": "",
      "rule_5": "",
      "rule_20": ""
    }
  },
  {
    "Id": "statline_1201",
    "Name": "Elven Horse",
    "Type": "Statline",
    "Attributes": {
      "HP": "3",
      "Df": "5",
      "Re": "3",
      "Arm": "1"
    }
  },
  {
    "Id": "statline_1202",
    "Name": "Forest Eagle",
    "Type": "Statline",
    "Attributes": {
      "Ad": "9",
      "Ma": "9",
      "Di": "9",
      "Hgt": "3"
    },
    "DisplayableDataIds": {
      "rule_2": "(Forest)",
      "rule_461": "",
      "rule_44": "",
      "rule_29": "(1)",
      "rule_4": "",
      "rule_5": "",
      "rule_20": ""
    }
  },
  {
    "Id": "statline_1203",
    "Name": "Forest Eagle",
    "Type": "Statline",
    "Attributes": {
      "HP": "4",
      "Df": "5",
      "Re": "4",
      "Arm": "1"
    }
  },
  {
    "Id": "statline_1204",
    "Name": "Sylvan Unicorn",
    "Type": "Statline",
    "Attributes": {
      "Ad": "10",
      "Ma": "10",
      "Di": "9",
      "Hgt": "2"
    },
    "DisplayableDataIds": {
      "rule_2": "",
      "rule_461": "",
      "rule_462": "",
      "rule_339": "",
      "rule_4": "",
      "rule_50": "(1)",
      "rule_5": "",
      "rule_20": ""
    }
  },
  {
    "Id": "statline_1205",
    "Name": "Sylvan Unicorn",
    "Type": "Statline",
    "Attributes": {
      "HP": "3",
      "Df": "5",
      "Re": "4",
      "Arm": "1"
    }
  },
  {
    "Id": "statline_1206",
    "Name": "Sylvan Unicorn",
    "Type": "Statline",
    "Attributes": {
      "At": "2",
      "Of": "5",
      "St": "4",
      "AP": "1",
      "Ag": "5"
    },
    "DisplayableDataIds": {
      "rule_134": ""
    }
  },
  {
    "Id": "statline_1207",
    "Name": "Forest Dragon",
    "Type": "Statline",
    "Attributes": {
      "Ad": "7",
      "Ma": "7",
      "Di": "9",
      "Hgt": "5"
    },
    "DisplayableDataIds": {
      "rule_2": "(Forest)",
      "rule_461": "",
      "rule_11": "",
      "rule_44": "",
      "rule_459": "",
      "rule_460": "(2)",
      "rule_5": "",
      "rule_45": "",
      "rule_4": "",
      "rule_20": ""
    }
  },
  {
    "Id": "statline_1208",
    "Name": "Treefather Ancient",
    "Type": "Statline",
    "Attributes": {
      "Ad": "5",
      "Ma": "5",
      "Di": "9",
      "Hgt": "5"
    },
    "DisplayableDataIds": {
      "rule_11": "",
      "rule_463": "",
      "rule_21": "",
      "rule_2": "(Forest)",
      "rule_41": "",
      "rule_460": "(1)",
      "rule_45": "",
      "rule_461": ""
    }
  },
  {
    "Id": "statline_1209",
    "Name": "Treefather Ancient",
    "Type": "Statline",
    "Attributes": {
      "HP": "6",
      "Df": "4",
      "Re": "7",
      "Arm": "4"
    },
    "DisplayableDataIds": {
      "rule_51": "(5+)",
      "rule_321": "(Flaming Attacks)"
    }
  },
  {
    "Id": "statline_1210",
    "Name": "Treefather Ancient",
    "Type": "Statline",
    "Attributes": {
      "At": "3",
      "Of": "4",
      "St": "5",
      "AP": "2",
      "Ag": "2"
    },
    "DisplayableDataIds": {
      "rule_318": "",
      "rule_464": "",
      "rule_46": "(D6)",
      "rule_134": ""
    }
  },
  {
    "Id": "statline_1211",
    "Name": "Avatar of Nature",
    "Type": "Statline",
    "Attributes": {
      "Ad": "5",
      "Ma": "5",
      "Di": "9",
      "Hgt": "5"
    },
    "DisplayableDataIds": {
      "rule_11": "",
      "rule_463": "",
      "rule_21": "",
      "rule_2": "(Forest)",
      "rule_41": "",
      "rule_460": "(2)",
      "rule_45": "",
      "rule_461": ""
    }
  },
  {
    "Id": "statline_1212",
    "Name": "Avatar of Nature",
    "Type": "Statline",
    "Attributes": {
      "HP": "6",
      "Df": "6",
      "Re": "7",
      "Arm": "4"
    },
    "DisplayableDataIds": {
      "rule_51": "(5+)",
      "rule_321": "(Flaming Attacks)"
    }
  },
  {
    "Id": "statline_1213",
    "Name": "Avatar of Nature",
    "Type": "Statline",
    "Attributes": {
      "At": "6",
      "Of": "6",
      "St": "7",
      "AP": "4",
      "Ag": "3"
    },
    "DisplayableDataIds": {
      "rule_318": "",
      "rule_464": "",
      "rule_46": "(D6)",
      "rule_134": ""
    }
  },
  {
    "Id": "statline_1214",
    "Name": "Dryad Ancient",
    "Type": "Statline",
    "Attributes": {
      "Ad": "5",
      "Ma": "5",
      "Di": "9",
      "Hgt": "1"
    },
    "DisplayableDataIds": {
      "rule_6": "(Sylvan Spirit)",
      "rule_21": "",
      "rule_463": "",
      "rule_4": "",
      "rule_2": "(Forest)",
      "rule_461": "",
      "rule_17": "",
      "rule_18": ""
    }
  },
  {
    "Id": "statline_1215",
    "Name": "Dryad Ancient",
    "Type": "Statline",
    "Attributes": {
      "HP": "3",
      "Df": "6",
      "Re": "4",
      "Arm": "1"
    },
    "DisplayableDataIds": {
      "rule_51": "(5+)",
      "rule_321": "(Flaming Attacks)"
    }
  },
  {
    "Id": "statline_1216",
    "Name": "Dryad Ancient",
    "Type": "Statline",
    "Attributes": {
      "At": "3",
      "Of": "6",
      "St": "4",
      "AP": "1",
      "Ag": "7"
    },
    "DisplayableDataIds": {
      "rule_111": "",
      "rule_134": ""
    }
  },
  {
    "Id": "statline_1217",
    "Name": "Thicket Shepherd",
    "Type": "Statline",
    "Attributes": {
      "Ad": "5",
      "Ma": "5",
      "Di": "9",
      "Hgt": "3"
    },
    "DisplayableDataIds": {
      "rule_6": "(Sylvan Spirit)",
      "rule_21": "",
      "rule_463": "",
      "rule_4": "",
      "rule_2": "(Forest)",
      "rule_461": ""
    }
  },
  {
    "Id": "statline_1218",
    "Name": "Thicket Shepherd",
    "Type": "Statline",
    "Attributes": {
      "HP": "4",
      "Df": "5",
      "Re": "5",
      "Arm": "3"
    },
    "DisplayableDataIds": {
      "rule_51": "(5+)",
      "rule_321": "(Flaming Attacks)"
    }
  },
  {
    "Id": "statline_1219",
    "Name": "Thicket Shepherd",
    "Type": "Statline",
    "Attributes": {
      "At": "4",
      "Of": "5",
      "St": "5",
      "AP": "2",
      "Ag": "4"
    },
    "DisplayableDataIds": {
      "rule_134": ""
    }
  },
  {
    "Id": "statline_1220",
    "Name": "Dwatobel, The World-Wandering Tree",
    "Type": "Statline",
    "Attributes": {
      "Ad": "5",
      "Ma": "5",
      "Di": "9",
      "Hgt": "5"
    },
    "DisplayableDataIds": {
      "rule_21": "",
      "rule_463": "",
      "rule_11": "",
      "rule_2": "(Forest)",
      "rule_41": "",
      "rule_460": "(1)",
      "rule_45": "",
      "rule_1005": "",
      "rule_1006": "",
      "rule_461": "",
      "rule_20": ""
    }
  },
  {
    "Id": "statline_1221",
    "Name": "Dwatobel, The World-Wandering Tree",
    "Type": "Statline",
    "Attributes": {
      "HP": "6",
      "Df": "4",
      "Re": "7",
      "Arm": "4"
    },
    "DisplayableDataIds": {
      "rule_51": "(5+)",
      "rule_321": "(Flaming Attacks)"
    }
  },
  {
    "Id": "statline_1222",
    "Name": "Dwatobel",
    "Type": "Statline",
    "Attributes": {
      "At": "3",
      "Of": "4",
      "St": "5",
      "AP": "2",
      "Ag": "2"
    },
    "DisplayableDataIds": {
      "rule_318": "",
      "rule_464": "",
      "rule_134": "",
      "rule_46": "(D6 hits)"
    }
  },
  {
    "Id": "statline_1223",
    "Name": "Colony of Frogs (6)",
    "Type": "Statline",
    "Attributes": {
      "At": "1",
      "Of": "2",
      "St": "2",
      "AP": "0",
      "Ag": "4"
    },
    "DisplayableDataIds": {
      "rule_1553": ""
    }
  },
  {
    "Id": "statline_1224",
    "Name": "Murder of Crows (6)",
    "Type": "Statline",
    "Attributes": {
      "At": "1",
      "Of": "2",
      "St": "2",
      "AP": "0",
      "Ag": "4"
    },
    "DisplayableDataIds": {
      "rule_188": "(-1 Combat Resolution)"
    }
  },
  {
    "Id": "statline_1225",
    "Name": "Nest of Vipers (6)",
    "Type": "Statline",
    "Attributes": {
      "At": "1",
      "Of": "2",
      "St": "2",
      "AP": "0",
      "Ag": "4"
    },
    "DisplayableDataIds": {
      "rule_55": ""
    }
  },
  {
    "Id": "statline_1226",
    "Name": "Domethloc, The Unicorn Shapeshifter",
    "Type": "Statline",
    "Attributes": {
      "Ad": "8",
      "Ma": "8",
      "Di": "9",
      "Hgt": "1"
    },
    "DisplayableDataIds": {
      "rule_4": "",
      "rule_11": "",
      "rule_2": "",
      "rule_1009": "",
      "rule_35": ""
    }
  },
  {
    "Id": "statline_1227",
    "Name": "Domethloc, The Unicorn Shapeshifter",
    "Type": "Statline",
    "Attributes": {
      "HP": "3",
      "Df": "8",
      "Re": "4",
      "Arm": "0"
    },
    "DisplayableDataIds": {
      "rule_51": "(5+)",
      "rule_50": "(3)",
      "rule_142": "(against Magical Attacks)"
    }
  },
  {
    "Id": "statline_1228",
    "Name": "Domethloc",
    "Type": "Statline",
    "Attributes": {
      "At": "4",
      "Of": "8",
      "St": "4",
      "AP": "1",
      "Ag": "8"
    },
    "DisplayableDataIds": {
      "rule_232": "",
      "rule_1007": "",
      "rule_1008": ""
    }
  },
  {
    "Id": "statline_1229",
    "Name": "Forest Guard",
    "Type": "Statline",
    "Attributes": {
      "Ad": "5",
      "Ma": "5",
      "Di": "8",
      "Hgt": "1"
    },
    "DisplayableDataIds": {
      "rule_2": "(Forest)"
    }
  },
  {
    "Id": "statline_1230",
    "Name": "Forest Guard",
    "Type": "Statline",
    "Attributes": {
      "HP": "1",
      "Df": "5",
      "Re": "3",
      "Arm": "1"
    },
    "DisplayableDataIds": {
      "rule_466": ""
    }
  },
  {
    "Id": "statline_1231",
    "Name": "Forest Guard",
    "Type": "Statline",
    "Attributes": {
      "At": "1",
      "Of": "5",
      "St": "3",
      "AP": "0",
      "Ag": "5"
    },
    "DisplayableDataIds": {
      "rule_116": "",
      "rule_465": "",
      "rule_232": ""
    }
  },
  {
    "Id": "statline_1232",
    "Name": "Sylvan Archers",
    "Type": "Statline",
    "Attributes": {
      "Ad": "5",
      "Ma": "5",
      "Di": "8",
      "Hgt": "1"
    },
    "DisplayableDataIds": {
      "rule_2": "(Forest)"
    }
  },
  {
    "Id": "statline_1233",
    "Name": "Sylvan Archers",
    "Type": "Statline",
    "Attributes": {
      "HP": "1",
      "Df": "5",
      "Re": "3",
      "Arm": "0"
    },
    "DisplayableDataIds": {
      "rule_466": ""
    }
  },
  {
    "Id": "statline_1234",
    "Name": "Sylvan Archer",
    "Type": "Statline",
    "Attributes": {
      "At": "1",
      "Of": "5",
      "St": "3",
      "AP": "0",
      "Ag": "5"
    },
    "DisplayableDataIds": {
      "rule_467": "(3+)"
    }
  },
  {
    "Id": "statline_1235",
    "Name": "Heath Riders",
    "Type": "Statline",
    "Attributes": {
      "Ad": "9",
      "Ma": "9",
      "Di": "8",
      "Hgt": "2"
    },
    "DisplayableDataIds": {
      "rule_2": "(Forest)",
      "rule_5": ""
    }
  },
  {
    "Id": "statline_1236",
    "Name": "Heath Riders",
    "Type": "Statline",
    "Attributes": {
      "HP": "1",
      "Df": "5",
      "Re": "3",
      "Arm": "2"
    },
    "DisplayableDataIds": {
      "rule_466": ""
    }
  },
  {
    "Id": "statline_1237",
    "Name": "Heath Rider",
    "Type": "Statline",
    "Attributes": {
      "At": "1",
      "Of": "5",
      "St": "3",
      "AP": "0",
      "Ag": "5"
    },
    "DisplayableDataIds": {
      "rule_9": "(Fury)",
      "rule_468": ""
    }
  },
  {
    "Id": "statline_1238",
    "Name": "Dryads",
    "Type": "Statline",
    "Attributes": {
      "Ad": "5",
      "Ma": "5",
      "Di": "8",
      "Hgt": "1"
    },
    "DisplayableDataIds": {
      "rule_21": "",
      "rule_463": "",
      "rule_2": "(Forest)",
      "rule_6": "(Sylvan Spirit)"
    }
  },
  {
    "Id": "statline_1239",
    "Name": "Dryads",
    "Type": "Statline",
    "Attributes": {
      "HP": "1",
      "Df": "4",
      "Re": "4",
      "Arm": "1"
    },
    "DisplayableDataIds": {
      "rule_51": "(5+)",
      "rule_321": "(Flaming Attacks)"
    }
  },
  {
    "Id": "statline_1240",
    "Name": "Dryad",
    "Type": "Statline",
    "Attributes": {
      "At": "2",
      "Of": "4",
      "St": "4",
      "AP": "1",
      "Ag": "5"
    },
    "DisplayableDataIds": {
      "rule_134": ""
    }
  },
  {
    "Id": "statline_1241",
    "Name": "Forest Rangers",
    "Type": "Statline",
    "Attributes": {
      "Ad": "5",
      "Ma": "5",
      "Di": "8",
      "Hgt": "1"
    },
    "DisplayableDataIds": {
      "rule_3": "",
      "rule_2": "(Forest)"
    }
  },
  {
    "Id": "statline_1242",
    "Name": "Forest Rangers",
    "Type": "Statline",
    "Attributes": {
      "HP": "1",
      "Df": "6",
      "Re": "3",
      "Arm": "1"
    },
    "DisplayableDataIds": {
      "rule_466": ""
    }
  },
  {
    "Id": "statline_1243",
    "Name": "Forest Ranger",
    "Type": "Statline",
    "Attributes": {
      "At": "2",
      "Of": "6",
      "St": "3",
      "AP": "1",
      "Ag": "6",
      "Agi": "0"
    },
    "DisplayableDataIds": {
      "rule_193": "",
      "rule_39": ""
    }
  },
  {
    "Id": "statline_1244",
    "Name": "Thicket Beasts",
    "Type": "Statline",
    "Attributes": {
      "Ad": "5",
      "Ma": "5",
      "Di": "8",
      "Hgt": "3"
    },
    "DisplayableDataIds": {
      "rule_36": "(Thicket Shepherd)",
      "rule_21": "",
      "rule_463": "",
      "rule_2": "(Forest)",
      "rule_6": "(Sylvan Spirit)"
    }
  },
  {
    "Id": "statline_1245",
    "Name": "Thicket Beasts",
    "Type": "Statline",
    "Attributes": {
      "HP": "3",
      "Df": "4",
      "Re": "5",
      "Arm": "3"
    },
    "DisplayableDataIds": {
      "rule_51": "(5+)",
      "rule_321": "(Flaming Attacks)"
    }
  },
  {
    "Id": "statline_1246",
    "Name": "Thicket Beast",
    "Type": "Statline",
    "Attributes": {
      "At": "3",
      "Of": "4",
      "St": "5",
      "AP": "2",
      "Ag": "3"
    },
    "DisplayableDataIds": {
      "rule_134": ""
    }
  },
  {
    "Id": "statline_1247",
    "Name": "Forest Eagles",
    "Type": "Statline",
    "Attributes": {
      "Ad": "9",
      "Ma": "9",
      "Di": "8",
      "Hgt": "3"
    },
    "DisplayableDataIds": {
      "rule_44": "",
      "rule_4": "",
      "rule_2": "(Forest)",
      "rule_5": "",
      "rule_24": ""
    }
  },
  {
    "Id": "statline_1248",
    "Name": "Forest Eagles",
    "Type": "Statline",
    "Attributes": {
      "HP": "4",
      "Df": "5",
      "Re": "4",
      "Arm": "2"
    },
    "DisplayableDataIds": {
      "rule_29": "(1)"
    }
  },
  {
    "Id": "statline_1249",
    "Name": "Blade Dancers",
    "Type": "Statline",
    "Attributes": {
      "Ad": "5",
      "Ma": "5",
      "Di": "9",
      "Hgt": "1"
    },
    "DisplayableDataIds": {
      "rule_21": "",
      "rule_4": "",
      "rule_50": "(1)",
      "rule_2": "(Forest)",
      "rule_6": "(Blade Dancer Kindred)"
    }
  },
  {
    "Id": "statline_1250",
    "Name": "Blade Dancers",
    "Type": "Statline",
    "Attributes": {
      "HP": "1",
      "Df": "6",
      "Re": "3",
      "Arm": "0"
    },
    "DisplayableDataIds": {
      "rule_51": "(6+)"
    }
  },
  {
    "Id": "statline_1251",
    "Name": "Blade Dancer",
    "Type": "Statline",
    "Attributes": {
      "At": "1",
      "Of": "6",
      "St": "4",
      "AP": "1",
      "Ag": "6"
    },
    "DisplayableDataIds": {
      "rule_469": "",
      "rule_465": ""
    }
  },
  {
    "Id": "statline_1252",
    "Name": "Treefather",
    "Type": "Statline",
    "Attributes": {
      "Ad": "5",
      "Ma": "5",
      "Di": "8",
      "Hgt": "5"
    },
    "DisplayableDataIds": {
      "rule_11": "",
      "rule_463": "",
      "rule_21": "",
      "rule_2": "(Forest)",
      "rule_41": "",
      "rule_460": "(1)",
      "rule_45": "",
      "rule_461": ""
    }
  },
  {
    "Id": "statline_1253",
    "Name": "Treefather",
    "Type": "Statline",
    "Attributes": {
      "HP": "5",
      "Df": "5",
      "Re": "7",
      "Arm": "4"
    },
    "DisplayableDataIds": {
      "rule_51": "(5+)",
      "rule_321": "(Flaming Attacks)"
    }
  },
  {
    "Id": "statline_1254",
    "Name": "Treefather",
    "Type": "Statline",
    "Attributes": {
      "At": "5",
      "Of": "5",
      "St": "6",
      "AP": "3",
      "Ag": "2"
    },
    "DisplayableDataIds": {
      "rule_318": "",
      "rule_464": "",
      "rule_46": "(D6)",
      "rule_134": ""
    }
  },
  {
    "Id": "statline_1255",
    "Name": "Wild Huntsmen",
    "Type": "Statline",
    "Attributes": {
      "Ad": "9",
      "Ma": "9",
      "Di": "8",
      "Hgt": "2"
    },
    "DisplayableDataIds": {
      "rule_466": "",
      "rule_22": "",
      "rule_4": "",
      "rule_2": "(Forest)",
      "rule_5": "",
      "rule_24": "",
      "rule_21": ""
    }
  },
  {
    "Id": "statline_1256",
    "Name": "Wild Huntsmen",
    "Type": "Statline",
    "Attributes": {
      "HP": "1",
      "Df": "6",
      "Re": "3",
      "Arm": "2"
    },
    "DisplayableDataIds": {
      "rule_51": "(6+)"
    }
  },
  {
    "Id": "statline_1257",
    "Name": "Wild Huntsman",
    "Type": "Statline",
    "Attributes": {
      "At": "2",
      "Of": "6",
      "St": "3",
      "AP": "1",
      "Ag": "6"
    },
    "DisplayableDataIds": {
      "rule_9": "(+1 Att)",
      "rule_23": "",
      "rule_52": "",
      "rule_465": ""
    }
  },
  {
    "Id": "statline_1258",
    "Name": "Elven Deer",
    "Type": "Statline",
    "Attributes": {
      "At": "1",
      "Of": "3",
      "St": "3",
      "AP": "0",
      "Ag": "4"
    },
    "DisplayableDataIds": {
      "rule_10": "(1)"
    }
  },
  {
    "Id": "statline_1259",
    "Name": "Kestrel Knights",
    "Type": "Statline",
    "Attributes": {
      "Ad": "9",
      "Ma": "9",
      "Di": "9",
      "Hgt": "3"
    },
    "DisplayableDataIds": {
      "rule_3": "",
      "rule_133": "",
      "rule_44": "",
      "rule_4": "",
      "rule_2": "(Forest)",
      "rule_5": "",
      "rule_35": "",
      "rule_28": ""
    }
  },
  {
    "Id": "statline_1260",
    "Name": "Kestrel Knights",
    "Type": "Statline",
    "Attributes": {
      "HP": "2",
      "Df": "6",
      "Re": "4",
      "Arm": "2"
    },
    "DisplayableDataIds": {
      "rule_466": "",
      "rule_29": "(1)"
    }
  },
  {
    "Id": "statline_1261",
    "Name": "Kestrel Knight",
    "Type": "Statline",
    "Attributes": {
      "At": "1",
      "Of": "6",
      "St": "4",
      "AP": "1",
      "Ag": "6"
    },
    "DisplayableDataIds": {
      "rule_9": "(+1 Att)",
      "rule_38": "",
      "rule_467": "(3+)"
    }
  },
  {
    "Id": "statline_1262",
    "Name": "Kestrel",
    "Type": "Statline",
    "Attributes": {
      "At": "2",
      "Of": "4",
      "St": "4",
      "AP": "2",
      "Ag": "4"
    }
  },
  {
    "Id": "statline_1263",
    "Name": "Briar Maidens",
    "Type": "Statline",
    "Attributes": {
      "Ad": "9",
      "Ma": "9",
      "Di": "8",
      "Hgt": "2"
    },
    "DisplayableDataIds": {
      "rule_11": "",
      "rule_4": "",
      "rule_2": "(Forest)",
      "rule_5": ""
    }
  },
  {
    "Id": "statline_1264",
    "Name": "Briar Maidens",
    "Type": "Statline",
    "Attributes": {
      "HP": "1",
      "Df": "5",
      "Re": "3",
      "Arm": "1"
    },
    "DisplayableDataIds": {
      "rule_51": "(4+)"
    }
  },
  {
    "Id": "statline_1265",
    "Name": "Briar Maiden",
    "Type": "Statline",
    "Attributes": {
      "At": "1",
      "Of": "5",
      "St": "3",
      "AP": "0",
      "Ag": "5"
    },
    "DisplayableDataIds": {
      "rule_55": "",
      "rule_470": ""
    }
  },
  {
    "Id": "statline_1266",
    "Name": "Sylvan Sentinels",
    "Type": "Statline",
    "Attributes": {
      "Ad": "5",
      "Ma": "5",
      "Di": "8",
      "Hgt": "1"
    },
    "DisplayableDataIds": {
      "rule_4": "",
      "rule_28": "",
      "rule_2": "(Forest)"
    }
  },
  {
    "Id": "statline_1267",
    "Name": "Sylvan Sentinels",
    "Type": "Statline",
    "Attributes": {
      "HP": "1",
      "Df": "5",
      "Re": "3",
      "Arm": "0"
    },
    "DisplayableDataIds": {
      "rule_466": "",
      "rule_29": "(1)"
    }
  },
  {
    "Id": "statline_1268",
    "Name": "Sylvan Sentinel",
    "Type": "Statline",
    "Attributes": {
      "At": "1",
      "Of": "5",
      "St": "3",
      "AP": "0",
      "Ag": "5"
    },
    "DisplayableDataIds": {
      "rule_471": "(Shooting)",
      "rule_467": "(3+)"
    }
  },
  {
    "Id": "statline_1269",
    "Name": "Pathfinders",
    "Type": "Statline",
    "Attributes": {
      "Ad": "5",
      "Ma": "5",
      "Di": "8",
      "Hgt": "1"
    },
    "DisplayableDataIds": {
      "rule_4": "",
      "rule_30": "",
      "rule_28": "",
      "rule_2": "(Forest)",
      "rule_35": ""
    }
  },
  {
    "Id": "statline_1270",
    "Name": "Pathfinders",
    "Type": "Statline",
    "Attributes": {
      "HP": "1",
      "Df": "5",
      "Re": "3",
      "Arm": "0"
    },
    "DisplayableDataIds": {
      "rule_466": "",
      "rule_29": "(1)"
    }
  },
  {
    "Id": "statline_1271",
    "Name": "Pathfinder",
    "Type": "Statline",
    "Attributes": {
      "At": "1",
      "Of": "5",
      "St": "3",
      "AP": "0",
      "Ag": "5"
    },
    "DisplayableDataIds": {
      "rule_472": "",
      "rule_152": "",
      "rule_467": "(2+)",
      "rule_465": ""
    }
  }
]