[
  {
    "Id": "unit_420",
    "Name": "Forest Prince",
    "Type": "Unit",
    "Attributes": {
      "height": "Standard"
    },
    "BasicProfileIds": [
      "68357f7d790d8280c4b256f8"
    ],
    "DefaultFront": 1,
    "Formation": 1
  },
  {
    "Id": "unit_421",
    "Name": "Forest Prince on Elven Horse",
    "Type": "Unit",
    "Attributes": {
      "height": "Standard"
    },
    "BasicProfileIds": [
      "e0eeac97-e245-4524-8809-6449f4744717"
    ],
    "DefaultFront": 1,
    "Formation": 1
  },
  {
    "Id": "unit_422",
    "Name": "Forest Prince on Great Elk",
    "Type": "Unit",
    "Attributes": {
      "height": "Standard"
    },
    "BasicProfileIds": [
      "4d235dd8-2fdb-4f93-8abc-6d6296f697c4"
    ],
    "DefaultFront": 1,
    "Formation": 1
  },
  {
    "Id": "unit_423",
    "Name": "Forest Prince on Forest Eagle",
    "Type": "Unit",
    "Attributes": {
      "height": "Large"
    },
    "BasicProfileIds": [
      "b387e8fc-8ed5-4cf7-a549-3386b3059390"
    ],
    "DefaultFront": 1,
    "Formation": 1
  },
  {
    "Id": "unit_424",
    "Name": "Forest Prince on Forest Dragon",
    "Type": "Unit",
    "Attributes": {
      "height": "Gigantic"
    },
    "BasicProfileIds": [
      "09388320-b0e0-4310-a584-b876d69a9788"
    ],
    "DefaultFront": 1,
    "Formation": 1
  },
  {
    "Id": "unit_425",
    "Name": "Chieftain",
    "Type": "Unit",
    "Attributes": {
      "height": "Standard"
    },
    "BasicProfileIds": [
      "68357f7e790d8280c4b25907"
    ],
    "DefaultFront": 1,
    "Formation": 1
  },
  {
    "Id": "unit_426",
    "Name": "Chieftain on Elven Horse",
    "Type": "Unit",
    "Attributes": {
      "height": "Standard"
    },
    "BasicProfileIds": [
      "3b533f44-091d-41a9-9700-4635e21cc0f0"
    ],
    "DefaultFront": 1,
    "Formation": 1
  },
  {
    "Id": "unit_427",
    "Name": "Chieftain on Great Elk",
    "Type": "Unit",
    "Attributes": {
      "height": "Standard"
    },
    "BasicProfileIds": [
      "5dd5eca8-a437-4cdb-8bb2-f5b2270e7387"
    ],
    "DefaultFront": 1,
    "Formation": 1
  },
  {
    "Id": "unit_428",
    "Name": "Chieftain on Forest Eagle",
    "Type": "Unit",
    "Attributes": {
      "height": "Large"
    },
    "BasicProfileIds": [
      "869ac7b9-326b-4fa5-94e7-9172a72193b1"
    ],
    "DefaultFront": 1,
    "Formation": 1
  },
  {
    "Id": "unit_429",
    "Name": "Druid",
    "Type": "Unit",
    "Attributes": {
      "height": "Standard"
    },
    "BasicProfileIds": [
      "68357f7e790d8280c4b25ad8"
    ],
    "DefaultFront": 1,
    "Formation": 1
  },
  {
    "Id": "unit_430",
    "Name": "Druid on Elven Horse",
    "Type": "Unit",
    "Attributes": {
      "height": "Standard"
    },
    "BasicProfileIds": [
      "b21fd689-a365-4753-9ee5-4a3665902942"
    ],
    "DefaultFront": 1,
    "Formation": 1
  },
  {
    "Id": "unit_431",
    "Name": "Druid on Forest Eagle",
    "Type": "Unit",
    "Attributes": {
      "height": "Large"
    },
    "BasicProfileIds": [
      "ac82d1fb-4a60-487b-98b0-f234b5671ccd"
    ],
    "DefaultFront": 1,
    "Formation": 1
  },
  {
    "Id": "unit_432",
    "Name": "Druid on Sylvan Unicorn",
    "Type": "Unit",
    "Attributes": {
      "height": "Standard"
    },
    "BasicProfileIds": [
      "e8d09249-d3a0-4ffa-b1fe-f19502c7c9c4"
    ],
    "DefaultFront": 1,
    "Formation": 1
  },
  {
    "Id": "unit_433",
    "Name": "Druid on Forest Dragon",
    "Type": "Unit",
    "Attributes": {
      "height": "Gigantic"
    },
    "BasicProfileIds": [
      "f28b2d0e-3ee4-4e35-a32c-d6b5dc829569"
    ],
    "DefaultFront": 1,
    "Formation": 1
  },
  {
    "Id": "unit_434",
    "Name": "Treefather Ancient",
    "Type": "Unit",
    "Attributes": {
      "height": "Gigantic"
    },
    "BasicProfileIds": [
      "68357f7f790d8280c4b25c60"
    ],
    "DefaultFront": 1,
    "Formation": 1
  },
  {
    "Id": "unit_435",
    "Name": "Avatar of Nature",
    "Type": "Unit",
    "Attributes": {
      "height": "Gigantic"
    },
    "BasicProfileIds": [
      "68357f7f790d8280c4b25c79"
    ],
    "DefaultFront": 1,
    "Formation": 1
  },
  {
    "Id": "unit_436",
    "Name": "Dryad Ancient",
    "Type": "Unit",
    "Attributes": {
      "height": "Standard"
    },
    "BasicProfileIds": [
      "68357f7f790d8280c4b25c8a"
    ],
    "DefaultFront": 1,
    "Formation": 1
  },
  {
    "Id": "unit_437",
    "Name": "Thicket Shepherd",
    "Type": "Unit",
    "Attributes": {
      "height": "Large"
    },
    "BasicProfileIds": [
      "68357f80790d8280c4b25ca4"
    ],
    "DefaultFront": 1,
    "Formation": 1
  },
  {
    "Id": "unit_438",
    "Name": "Dwatobel, The World-Wandering Tree",
    "Type": "Unit",
    "Attributes": {
      "height": "Gigantic"
    },
    "BasicProfileIds": [
      "d2f7e1a8b3c9f4d6e2a1c9b7f"
    ],
    "DefaultFront": 1,
    "Formation": 1
  },
  {
    "Id": "unit_439",
    "Name": "Domethloc, The Unicorn Shapeshifter",
    "Type": "Unit",
    "Attributes": {
      "height": "Standard"
    },
    "BasicProfileIds": [
      "a3b2e4d8f1c9e7a3b2d1c9a5b"
    ],
    "DefaultFront": 1,
    "Formation": 1
  },
  {
    "Id": "unit_440",
    "Name": "Forest Guard",
    "Type": "Unit",
    "Attributes": {
      "height": "Standard"
    },
    "BasicProfileIds": [
      "68357f80790d8280c4b25cb8"
    ],
    "DefaultFront": 5,
    "Formation": 1
  },
  {
    "Id": "unit_441",
    "Name": "Sylvan Archers",
    "Type": "Unit",
    "Attributes": {
      "height": "Standard"
    },
    "BasicProfileIds": [
      "68357f80790d8280c4b25ceb"
    ],
    "DefaultFront": 5,
    "Formation": 1
  },
  {
    "Id": "unit_442",
    "Name": "Heath Riders",
    "Type": "Unit",
    "Attributes": {
      "height": "Standard"
    },
    "BasicProfileIds": [
      "68357f80790d8280c4b25d1b"
    ],
    "DefaultFront": 5,
    "Formation": 1
  },
  {
    "Id": "unit_443",
    "Name": "Dryads",
    "Type": "Unit",
    "Attributes": {
      "height": "Standard"
    },
    "BasicProfileIds": [
      "68357f81790d8280c4b25d57"
    ],
    "DefaultFront": 5,
    "Formation": 1
  },
  {
    "Id": "unit_444",
    "Name": "Forest Rangers",
    "Type": "Unit",
    "Attributes": {
      "height": "Standard"
    },
    "BasicProfileIds": [
      "68357f81790d8280c4b25d75"
    ],
    "DefaultFront": 5,
    "Formation": 1
  },
  {
    "Id": "unit_445",
    "Name": "Thicket Beasts",
    "Type": "Unit",
    "Attributes": {
      "height": "Large"
    },
    "BasicProfileIds": [
      "68357f81790d8280c4b25dab"
    ],
    "DefaultFront": 3,
    "Formation": 1
  },
  {
    "Id": "unit_446",
    "Name": "Forest Eagles",
    "Type": "Unit",
    "Attributes": {
      "height": "Large"
    },
    "BasicProfileIds": [
      "68357f81790d8280c4b25dc3"
    ],
    "DefaultFront": 1,
    "Formation": 1
  },
  {
    "Id": "unit_447",
    "Name": "Blade Dancers",
    "Type": "Unit",
    "Attributes": {
      "height": "Standard"
    },
    "BasicProfileIds": [
      "68357f81790d8280c4b25dc8"
    ],
    "DefaultFront": 5,
    "Formation": 1
  },
  {
    "Id": "unit_448",
    "Name": "Treefather",
    "Type": "Unit",
    "Attributes": {
      "height": "Gigantic"
    },
    "BasicProfileIds": [
      "68357f82790d8280c4b25df6"
    ],
    "DefaultFront": 1,
    "Formation": 1
  },
  {
    "Id": "unit_449",
    "Name": "Wild Huntsmen",
    "Type": "Unit",
    "Attributes": {
      "height": "Standard"
    },
    "BasicProfileIds": [
      "68357f82790d8280c4b25df9"
    ],
    "DefaultFront": 5,
    "Formation": 1
  },
  {
    "Id": "unit_450",
    "Name": "Kestrel Knights",
    "Type": "Unit",
    "Attributes": {
      "height": "Large"
    },
    "BasicProfileIds": [
      "68357f82790d8280c4b25e38"
    ],
    "DefaultFront": 3,
    "Formation": 1
  },
  {
    "Id": "unit_451",
    "Name": "Briar Maidens",
    "Type": "Unit",
    "Attributes": {
      "height": "Standard"
    },
    "BasicProfileIds": [
      "68357f82790d8280c4b25e71"
    ],
    "DefaultFront": 5,
    "Formation": 1
  },
  {
    "Id": "unit_452",
    "Name": "Sylvan Sentinels",
    "Type": "Unit",
    "Attributes": {
      "height": "Standard"
    },
    "BasicProfileIds": [
      "68357f83790d8280c4b25e8f"
    ],
    "DefaultFront": 5,
    "Formation": 1
  },
  {
    "Id": "unit_453",
    "Name": "Pathfinders",
    "Type": "Unit",
    "Attributes": {
      "height": "Standard"
    },
    "BasicProfileIds": [
      "68357f83790d8280c4b25e97"
    ],
    "DefaultFront": 5,
    "Formation": 1
  }
]