[
  {
    "OptionId": "8c3953a8-f297-4ea5-aebf-5983fff4f53a",
    "UnitId": "unit_67",
    "NewUnitId": "unit_68"
  },
  {
    "OptionId": "e0875364-9ca1-4d1c-b7f7-c61ad558d8d8",
    "UnitId": "unit_67",
    "NewUnitId": "unit_69"
  },
  {
    "OptionId": "d3218025-a32c-476e-878f-1d40b31d606c",
    "UnitId": "unit_67",
    "NewUnitId": "unit_70"
  },
  {
    "OptionId": "bbe9c4e9-872d-4d2a-b1a5-65488366b7d1",
    "UnitId": "unit_67",
    "NewUnitId": "unit_71"
  },
  {
    "OptionId": "0aba87c2-0773-47c7-ba5e-2637c502d9d6",
    "UnitId": "unit_67",
    "NewUnitId": "unit_72"
  },
  {
    "OptionId": "d3983233-b1fd-42d5-a43a-2af47dc81f96",
    "UnitId": "unit_67",
    "NewUnitId": "unit_73"
  },
  {
    "OptionId": "8c3953a8-f297-4ea5-aebf-5983fff4f53a",
    "UnitId": "unit_74",
    "NewUnitId": "unit_75"
  },
  {
    "OptionId": "e0875364-9ca1-4d1c-b7f7-c61ad558d8d8",
    "UnitId": "unit_74",
    "NewUnitId": "unit_76"
  },
  {
    "OptionId": "d3218025-a32c-476e-878f-1d40b31d606c",
    "UnitId": "unit_74",
    "NewUnitId": "unit_77"
  },
  {
    "OptionId": "bbe9c4e9-872d-4d2a-b1a5-65488366b7d1",
    "UnitId": "unit_74",
    "NewUnitId": "unit_78"
  },
  {
    "OptionId": "0aba87c2-0773-47c7-ba5e-2637c502d9d6",
    "UnitId": "unit_74",
    "NewUnitId": "unit_79"
  },
  {
    "OptionId": "8c3953a8-f297-4ea5-aebf-5983fff4f53a",
    "UnitId": "unit_82",
    "NewUnitId": "unit_83"
  },
  {
    "OptionId": "e0875364-9ca1-4d1c-b7f7-c61ad558d8d8",
    "UnitId": "unit_82",
    "NewUnitId": "unit_84"
  },
  {
    "OptionId": "d3218025-a32c-476e-878f-1d40b31d606c",
    "UnitId": "unit_82",
    "NewUnitId": "unit_85"
  },
  {
    "OptionId": "0aba87c2-0773-47c7-ba5e-2637c502d9d6",
    "UnitId": "unit_82",
    "NewUnitId": "unit_86"
  },
  {
    "OptionId": "d3983233-b1fd-42d5-a43a-2af47dc81f96",
    "UnitId": "unit_82",
    "NewUnitId": "unit_87"
  },
  {
    "OptionId": "a3e7b2f8-c3f6-4d2b-9e1d-76b8c5e2d4f3",
    "UnitId": "unit_88"
  },
  {
    "OptionId": "3a074005-878f-422e-a475-42dd13ce86ce",
    "UnitId": "unit_90"
  },
  {
    "OptionId": "c9519cd5-2b08-4a2e-9017-51463bfb9821",
    "UnitId": "unit_90"
  },
  {
    "OptionId": "3a074005-878f-422e-a475-42dd13ce86ce",
    "UnitId": "unit_91"
  },
  {
    "OptionId": "c9519cd5-2b08-4a2e-9017-51463bfb9821",
    "UnitId": "unit_91"
  },
  {
    "OptionId": "3a074005-878f-422e-a475-42dd13ce86ce",
    "UnitId": "unit_92"
  },
  {
    "OptionId": "c9519cd5-2b08-4a2e-9017-51463bfb9821",
    "UnitId": "unit_92"
  },
  {
    "OptionId": "3a074005-878f-422e-a475-42dd13ce86ce",
    "UnitId": "unit_93"
  },
  {
    "OptionId": "c9519cd5-2b08-4a2e-9017-51463bfb9821",
    "UnitId": "unit_93"
  },
  {
    "OptionId": "3a074005-878f-422e-a475-42dd13ce86ce",
    "UnitId": "unit_94"
  },
  {
    "OptionId": "c9519cd5-2b08-4a2e-9017-51463bfb9821",
    "UnitId": "unit_94"
  },
  {
    "OptionId": "3a074005-878f-422e-a475-42dd13ce86ce",
    "UnitId": "unit_97"
  },
  {
    "OptionId": "c9519cd5-2b08-4a2e-9017-51463bfb9821",
    "UnitId": "unit_97"
  },
  {
    "OptionId": "3a074005-878f-422e-a475-42dd13ce86ce",
    "UnitId": "unit_100"
  },
  {
    "OptionId": "c9519cd5-2b08-4a2e-9017-51463bfb9821",
    "UnitId": "unit_100"
  },
  {
    "OptionId": "3a074005-878f-422e-a475-42dd13ce86ce",
    "UnitId": "unit_101"
  },
  {
    "OptionId": "c9519cd5-2b08-4a2e-9017-51463bfb9821",
    "UnitId": "unit_101"
  },
  {
    "OptionId": "3a074005-878f-422e-a475-42dd13ce86ce",
    "UnitId": "unit_103"
  },
  {
    "OptionId": "c9519cd5-2b08-4a2e-9017-51463bfb9821",
    "UnitId": "unit_103"
  },
  {
    "OptionId": "49b14783-f068-4917-b9b3-c9203093950a",
    "UnitId": "unit_106"
  },
  {
    "OptionId": "3a074005-878f-422e-a475-42dd13ce86ce",
    "UnitId": "unit_106"
  },
  {
    "OptionId": "29998dd2-41cc-45d7-879b-fa3562f30c00",
    "UnitId": "unit_106"
  },
  {
    "OptionId": "c9fa181f-594a-42c1-8269-539858f18198",
    "UnitId": "unit_106"
  },
  {
    "OptionId": "29998dd2-41cc-45d7-879b-fa3562f30c00",
    "UnitId": "unit_92"
  },
  {
    "OptionId": "93152ab7-131f-4c01-afac-467dd63d9f67",
    "UnitId": "unit_92"
  },
  {
    "OptionId": "29998dd2-41cc-45d7-879b-fa3562f30c00",
    "UnitId": "unit_97"
  },
  {
    "OptionId": "7a3edb9d-e1d1-472e-a3da-c050f36537e6",
    "UnitId": "unit_97"
  },
  {
    "OptionId": "497126bb-8c98-4d2c-9bca-969a356bf329",
    "UnitId": "unit_97"
  },
  {
    "OptionId": "7b7c7a16-373e-4ef6-847f-bbb34948df7c",
    "UnitId": "unit_67"
  },
  {
    "OptionId": "7a3edb9d-e1d1-472e-a3da-c050f36537e6",
    "UnitId": "unit_67"
  },
  {
    "OptionId": "a974648b-3a89-4c94-8f5c-ad3db30084ce",
    "UnitId": "unit_67"
  },
  {
    "OptionId": "497126bb-8c98-4d2c-9bca-969a356bf329",
    "UnitId": "unit_67"
  },
  {
    "OptionId": "656ba8fb-8d84-4ac0-a847-e11af02d92b1",
    "UnitId": "unit_67"
  },
  {
    "OptionId": "33baffbf-4728-4144-beba-f8c8dc093d73",
    "UnitId": "unit_67"
  },
  {
    "OptionId": "a974648b-3a89-4c94-8f5c-ad3db30084ce",
    "UnitId": "unit_99"
  },
  {
    "OptionId": "656ba8fb-8d84-4ac0-a847-e11af02d92b1",
    "UnitId": "unit_99"
  },
  {
    "OptionId": "29998dd2-41cc-45d7-879b-fa3562f30c00",
    "UnitId": "unit_100"
  },
  {
    "OptionId": "29998dd2-41cc-45d7-879b-fa3562f30c00",
    "UnitId": "unit_101"
  },
  {
    "OptionId": "497126bb-8c98-4d2c-9bca-969a356bf329",
    "UnitId": "unit_95"
  },
  {
    "OptionId": "29998dd2-41cc-45d7-879b-fa3562f30c00",
    "UnitId": "unit_94"
  },
  {
    "OptionId": "ff659d8c-ea91-49bc-be04-19114bf0fe0b",
    "UnitId": "unit_94"
  },
  {
    "OptionId": "29998dd2-41cc-45d7-879b-fa3562f30c00",
    "UnitId": "unit_91"
  },
  {
    "OptionId": "d35a8cfd-ab6e-4b41-ac88-4138e78b207b",
    "UnitId": "unit_74"
  },
  {
    "OptionId": "7b7c7a16-373e-4ef6-847f-bbb34948df7c",
    "UnitId": "unit_74"
  },
  {
    "OptionId": "7a3edb9d-e1d1-472e-a3da-c050f36537e6",
    "UnitId": "unit_74"
  },
  {
    "OptionId": "a974648b-3a89-4c94-8f5c-ad3db30084ce",
    "UnitId": "unit_74"
  },
  {
    "OptionId": "497126bb-8c98-4d2c-9bca-969a356bf329",
    "UnitId": "unit_74"
  },
  {
    "OptionId": "656ba8fb-8d84-4ac0-a847-e11af02d92b1",
    "UnitId": "unit_74"
  },
  {
    "OptionId": "33baffbf-4728-4144-beba-f8c8dc093d73",
    "UnitId": "unit_74"
  },
  {
    "OptionId": "b4241335-9b4a-4be0-be3b-2dc01b85c72f",
    "UnitId": "unit_74"
  },
  {
    "OptionId": "29998dd2-41cc-45d7-879b-fa3562f30c00",
    "UnitId": "unit_90"
  },
  {
    "OptionId": "d35a8cfd-ab6e-4b41-ac88-4138e78b207b",
    "UnitId": "unit_81"
  },
  {
    "OptionId": "7a3edb9d-e1d1-472e-a3da-c050f36537e6",
    "UnitId": "unit_81"
  },
  {
    "OptionId": "a974648b-3a89-4c94-8f5c-ad3db30084ce",
    "UnitId": "unit_81"
  },
  {
    "OptionId": "b4241335-9b4a-4be0-be3b-2dc01b85c72f",
    "UnitId": "unit_81"
  },
  {
    "OptionId": "29998dd2-41cc-45d7-879b-fa3562f30c00",
    "UnitId": "unit_93"
  }
]