[
  {
    "Id": "e0875364-9ca1-4d1c-b7f7-c61ad558d8d8",
    "Name": "Raptor",
    "Type": "UnitGlobalChange"
  },
  {
    "Id": "d3218025-a32c-476e-878f-1d40b31d606c",
    "Name": "Blackmane Pegasus",
    "Type": "UnitGlobalChange"
  },
  {
    "Id": "bbe9c4e9-872d-4d2a-b1a5-65488366b7d1",
    "Name": "Raptor Chariot",
    "Type": "UnitGlobalChange"
  },
  {
    "Id": "0aba87c2-0773-47c7-ba5e-2637c502d9d6",
    "Name": "Manticore",
    "Type": "UnitGlobalChange"
  },
  {
    "Id": "d3983233-b1fd-42d5-a43a-2af47dc81f96",
    "Name": "Imperious Dragon",
    "Type": "UnitGlobalChange"
  },
  {
    "Id": "a3e7b2f8-c3f6-4d2b-9e1d-76b8c5e2d4f3",
    "Name": "Blaishoi",
    "Type": "UnitGlobalChange"
  },
  {
    "Id": "49b14783-f068-4917-b9b3-c9203093950a",
    "Name": "Covert Operatives",
    "Type": "UnitSwapDisplayable",
    "DisplayableDataIdToAdd": {
      "rule_198": ""
    }
  },
  {
    "Id": "c9fa181f-594a-42c1-8269-539858f18198",
    "Name": "Black Cloaks",
    "Type": "UnitSwapDisplayable"
  },
  {
    "Id": "e1e89d21-67be-4b98-8668-e32c1ed39804",
    "Name": "Blades of Darag",
    "Type": "UnitSwapDisplayable"
  },
  {
    "Id": "7b7c7a16-373e-4ef6-847f-bbb34948df7c",
    "Name": "Daeb Raptor",
    "Type": "UnitSwapDisplayable"
  },
  {
    "Id": "ff659d8c-ea91-49bc-be04-19114bf0fe0b",
    "Name": "Repeater Crossbow",
    "Type": "UnitSwapDisplayable",
    "DisplayableDataIdToAdd": {
      "rule_187": ""
    }
  },
  {
    "Id": "93152ab7-131f-4c01-afac-467dd63d9f67",
    "Name": "Repeater Handbow",
    "Type": "UnitSwapDisplayable",
    "DisplayableDataIdToAdd": {
      "rule_208": ""
    }
  }
]