[
  {
    "Id": "68357f34790d8280c4b1f29f",
    "Name": "Dread Prince",
    "Type": "Profile",
    "BaseId": "5",
    "DisplayableDataIds": {
      "statline_199": "",
      "statline_200": "",
      "statline_201": ""
    }
  },
  {
    "Id": "24a131fd-2693-4bb1-bcc6-6c71778b306f",
    "Name": "Elven Horse",
    "Type": "Profile",
    "BaseId": "4",
    "DisplayableDataIds": {
      "statline_202": "",
      "statline_203": "",
      "statline_204": ""
    }
  },
  {
    "Id": "5791888a-5807-4a4b-8a4b-b435125b3058",
    "Name": "Raptor",
    "Type": "Profile",
    "BaseId": "4",
    "DisplayableDataIds": {
      "statline_205": "",
      "statline_206": "",
      "statline_207": ""
    }
  },
  {
    "Id": "4464f45d-2919-4694-bc98-c923fa77d49c",
    "Name": "Blackmane Pegasus",
    "Type": "Profile",
    "BaseId": "3",
    "DisplayableDataIds": {
      "statline_208": "",
      "statline_209": "",
      "statline_210": ""
    }
  },
  {
    "Id": "f8bb37a7-0034-431e-9f0b-7f00a09c568d",
    "Name": "Chassis",
    "Type": "Profile",
    "BaseId": "2",
    "DisplayableDataIds": {
      "statline_211": "",
      "statline_212": "",
      "statline_213": "",
      "statline_7": ""
    }
  },
  {
    "Id": "0066d85f-e91c-4797-a6d5-2ed186a7cd30",
    "Name": "Manticore",
    "Type": "Profile",
    "BaseId": "6",
    "DisplayableDataIds": {
      "statline_214": "",
      "statline_215": "",
      "statline_216": ""
    }
  },
  {
    "Id": "7e30d4e8-80b0-4cc7-a3b3-90d12f7feffd",
    "Name": "Imperious Dragon",
    "Type": "Profile",
    "BaseId": "2",
    "DisplayableDataIds": {
      "statline_217": "",
      "statline_218": "",
      "statline_219": ""
    }
  },
  {
    "Id": "68357f35790d8280c4b1f585",
    "Name": "Silexian Officer",
    "Type": "Profile",
    "BaseId": "5",
    "DisplayableDataIds": {
      "statline_220": "",
      "statline_221": "",
      "statline_222": ""
    }
  },
  {
    "Id": "c3c0b50c-41f1-430f-a0dd-3664abc2ea74",
    "Name": "Elven Horse",
    "Type": "Profile",
    "BaseId": "4",
    "DisplayableDataIds": {
      "statline_223": "",
      "statline_224": "",
      "statline_204": ""
    }
  },
  {
    "Id": "b0c1f253-740c-4440-8008-f7366c468b00",
    "Name": "Raptor",
    "Type": "Profile",
    "BaseId": "4",
    "DisplayableDataIds": {
      "statline_225": "",
      "statline_226": "",
      "statline_207": ""
    }
  },
  {
    "Id": "d17510b0-4e88-4724-9e63-dddc31197283",
    "Name": "Blackmane Pegasus",
    "Type": "Profile",
    "BaseId": "3",
    "DisplayableDataIds": {
      "statline_227": "",
      "statline_228": "",
      "statline_210": ""
    }
  },
  {
    "Id": "1cc0abae-72e7-49cf-b1cf-498b42643103",
    "Name": "Chassis",
    "Type": "Profile",
    "BaseId": "2",
    "DisplayableDataIds": {
      "statline_229": "",
      "statline_230": "",
      "statline_213": "",
      "statline_7": ""
    }
  },
  {
    "Id": "29c58cb1-860c-4d7c-95a9-b5b35d78b0e1",
    "Name": "Manticore",
    "Type": "Profile",
    "BaseId": "6",
    "DisplayableDataIds": {
      "statline_231": "",
      "statline_232": "",
      "statline_216": ""
    }
  },
  {
    "Id": "68357f35790d8280c4b1f84f",
    "Name": "Silent Assassin",
    "Type": "Profile",
    "BaseId": "5",
    "DisplayableDataIds": {
      "statline_233": "",
      "statline_234": "",
      "statline_235": ""
    }
  },
  {
    "Id": "68357f35790d8280c4b1f858",
    "Name": "Temple Exarch",
    "Type": "Profile",
    "BaseId": "5",
    "DisplayableDataIds": {
      "statline_236": "",
      "statline_237": "",
      "statline_238": ""
    }
  },
  {
    "Id": "68357f35790d8280c4b1f8ba",
    "Name": "Sanctioned Warlock",
    "Type": "Profile",
    "BaseId": "5",
    "DisplayableDataIds": {
      "statline_239": "",
      "statline_240": "",
      "statline_241": ""
    }
  },
  {
    "Id": "6226c787-b9da-442a-b315-a0b86d19e627",
    "Name": "Elven Horse",
    "Type": "Profile",
    "BaseId": "4",
    "DisplayableDataIds": {
      "statline_242": "",
      "statline_243": "",
      "statline_204": ""
    }
  },
  {
    "Id": "2388658f-4aa9-4a11-97af-8bf43d8b71b5",
    "Name": "Raptor",
    "Type": "Profile",
    "BaseId": "4",
    "DisplayableDataIds": {
      "statline_244": "",
      "statline_245": "",
      "statline_207": ""
    }
  },
  {
    "Id": "2d928d87-90ae-4b0f-9e6e-5c256f8d602a",
    "Name": "Blackmane Pegasus",
    "Type": "Profile",
    "BaseId": "3",
    "DisplayableDataIds": {
      "statline_246": "",
      "statline_247": "",
      "statline_210": ""
    }
  },
  {
    "Id": "8be0d7a7-5501-4ebb-9d77-3a5ba71f98b9",
    "Name": "Manticore",
    "Type": "Profile",
    "BaseId": "6",
    "DisplayableDataIds": {
      "statline_248": "",
      "statline_249": "",
      "statline_216": ""
    }
  },
  {
    "Id": "4cd8651f-7fca-48b1-b7b3-f703b1fb7f5b",
    "Name": "Imperious Dragon",
    "Type": "Profile",
    "BaseId": "2",
    "DisplayableDataIds": {
      "statline_250": "",
      "statline_218": "",
      "statline_219": ""
    }
  },
  {
    "Id": "b1c3d8a7e9f4c5a2b6d3e8f9a",
    "Name": "Techainin and Blaishoi",
    "Type": "Profile",
    "BaseId": "7",
    "DisplayableDataIds": {
      "statline_251": "",
      "statline_252": "",
      "statline_253": "",
      "statline_254": ""
    }
  },
  {
    "Id": "b1d4e8a9237c5f2a9d8b1c3d4b",
    "Name": "The Black Rose",
    "Type": "Profile",
    "BaseId": "5",
    "DisplayableDataIds": {
      "statline_255": "",
      "statline_256": "",
      "statline_257": ""
    }
  },
  {
    "Id": "68357f36790d8280c4b1fa7e",
    "Name": "Silexian Spears",
    "Type": "Profile",
    "BaseId": "5",
    "DisplayableDataIds": {
      "statline_258": "",
      "statline_259": "",
      "statline_260": ""
    }
  },
  {
    "Id": "68357f36790d8280c4b1fab1",
    "Name": "Silexian Auxiliaries",
    "Type": "Profile",
    "BaseId": "5",
    "DisplayableDataIds": {
      "statline_261": "",
      "statline_262": "",
      "statline_263": ""
    }
  },
  {
    "Id": "68357f36790d8280c4b1fae4",
    "Name": "Corsairs",
    "Type": "Profile",
    "BaseId": "5",
    "DisplayableDataIds": {
      "statline_264": "",
      "statline_265": "",
      "statline_266": ""
    }
  },
  {
    "Id": "68357f36790d8280c4b1fb1d",
    "Name": "Temple Militants",
    "Type": "Profile",
    "BaseId": "5",
    "DisplayableDataIds": {
      "statline_267": "",
      "statline_268": "",
      "statline_269": ""
    }
  },
  {
    "Id": "68357f37790d8280c4b1fb53",
    "Name": "Shadow Riders",
    "Type": "Profile",
    "BaseId": "4",
    "DisplayableDataIds": {
      "statline_270": "",
      "statline_271": "",
      "statline_272": "",
      "statline_204": ""
    }
  },
  {
    "Id": "68357f37790d8280c4b1fb72",
    "Name": "Raptor Chariot",
    "Type": "Profile",
    "BaseId": "2",
    "DisplayableDataIds": {
      "statline_273": "",
      "statline_274": "",
      "statline_275": "",
      "statline_213": "",
      "statline_7": ""
    }
  },
  {
    "Id": "68357f37790d8280c4b1fb75",
    "Name": "Divine Altar",
    "Type": "Profile",
    "BaseId": "9",
    "DisplayableDataIds": {
      "statline_276": "",
      "statline_277": "",
      "statline_278": "",
      "statline_279": ""
    }
  },
  {
    "Id": "68357f37790d8280c4b1fb7b",
    "Name": "Dread Knights",
    "Type": "Profile",
    "BaseId": "4",
    "DisplayableDataIds": {
      "statline_280": "",
      "statline_281": "",
      "statline_282": "",
      "statline_207": ""
    }
  },
  {
    "Id": "68357f37790d8280c4b1fbba",
    "Name": "Harpies",
    "Type": "Profile",
    "BaseId": "5",
    "DisplayableDataIds": {
      "statline_283": "",
      "statline_284": "",
      "statline_285": ""
    }
  },
  {
    "Id": "68357f38790d8280c4b1fbbf",
    "Name": "Gorgons",
    "Type": "Profile",
    "BaseId": "3",
    "DisplayableDataIds": {
      "statline_286": "",
      "statline_287": "",
      "statline_288": ""
    }
  },
  {
    "Id": "68357f38790d8280c4b1fbc7",
    "Name": "Judicators",
    "Type": "Profile",
    "BaseId": "5",
    "DisplayableDataIds": {
      "statline_289": "",
      "statline_290": "",
      "statline_291": ""
    }
  },
  {
    "Id": "68357f38790d8280c4b1fbfa",
    "Name": "Obsidian Guard",
    "Type": "Profile",
    "BaseId": "5",
    "DisplayableDataIds": {
      "statline_292": "",
      "statline_293": "",
      "statline_294": ""
    }
  },
  {
    "Id": "68357f38790d8280c4b1fc2d",
    "Name": "Thunder Pack",
    "Type": "Profile",
    "BaseId": "10",
    "DisplayableDataIds": {
      "statline_295": "",
      "statline_296": "",
      "statline_297": "",
      "statline_298": ""
    }
  },
  {
    "Id": "68357f38790d8280c4b1fc32",
    "Name": "Dread Acolytes",
    "Type": "Profile",
    "BaseId": "4",
    "DisplayableDataIds": {
      "statline_299": "",
      "statline_300": "",
      "statline_301": "",
      "statline_204": ""
    }
  },
  {
    "Id": "68357f39790d8280c4b1fc69",
    "Name": "Hunting Chariot",
    "Type": "Profile",
    "BaseId": "2",
    "DisplayableDataIds": {
      "statline_302": "",
      "statline_303": "",
      "statline_304": "",
      "statline_305": "",
      "statline_306": ""
    }
  },
  {
    "Id": "68357f39790d8280c4b1fc6a",
    "Name": "Repeater Battery",
    "Type": "Profile",
    "BaseId": "11",
    "DisplayableDataIds": {
      "statline_307": "",
      "statline_308": "",
      "statline_309": ""
    }
  },
  {
    "Id": "68357f39790d8280c4b1fc6d",
    "Name": "Black Cloaks",
    "Type": "Profile",
    "BaseId": "5",
    "DisplayableDataIds": {
      "statline_310": "",
      "statline_311": "",
      "statline_312": ""
    }
  },
  {
    "Id": "68357f39790d8280c4b1fc86",
    "Name": "Kraken",
    "Type": "Profile",
    "BaseId": "2",
    "DisplayableDataIds": {
      "statline_313": "",
      "statline_314": "",
      "statline_315": "",
      "statline_298": ""
    }
  },
  {
    "Id": "68357f39790d8280c4b1fc88",
    "Name": "Hydra",
    "Type": "Profile",
    "BaseId": "2",
    "DisplayableDataIds": {
      "statline_316": "",
      "statline_317": "",
      "statline_318": "",
      "statline_298": ""
    }
  },
  {
    "Id": "68357f39790d8280c4b1fc89",
    "Name": "Mist Leviathan",
    "Type": "Profile",
    "BaseId": "12",
    "DisplayableDataIds": {
      "statline_319": "",
      "statline_320": "",
      "statline_321": "",
      "statline_322": ""
    }
  }
]