[
  {
    "Id": "statline_199",
    "Name": "Dread Prince",
    "Type": "Statline",
    "Attributes": {
      "Ad": "5",
      "Ma": "5",
      "Di": "10",
      "Hgt": "1"
    },
    "DisplayableDataIds": {
      "rule_3": "",
      "rule_4": ""
    }
  },
  {
    "Id": "statline_200",
    "Name": "Dread Prince",
    "Type": "Statline",
    "Attributes": {
      "HP": "3",
      "Df": "8",
      "Re": "3",
      "Arm": "2"
    }
  },
  {
    "Id": "statline_201",
    "Name": "Dread Prince",
    "Type": "Statline",
    "Attributes": {
      "At": "4",
      "Of": "8",
      "St": "4",
      "AP": "1",
      "Ag": "8"
    },
    "DisplayableDataIds": {
      "rule_172": ""
    }
  },
  {
    "Id": "statline_202",
    "Name": "Elven Horse",
    "Type": "Statline",
    "Attributes": {
      "Ad": "9",
      "Ma": "9",
      "Di": "10",
      "Hgt": "2"
    },
    "DisplayableDataIds": {
      "rule_3": "",
      "rule_5": "",
      "rule_4": ""
    }
  },
  {
    "Id": "statline_203",
    "Name": "Elven Horse",
    "Type": "Statline",
    "Attributes": {
      "HP": "3",
      "Df": "8",
      "Re": "3",
      "Arm": "4"
    }
  },
  {
    "Id": "statline_204",
    "Name": "Elven Horse",
    "Type": "Statline",
    "Attributes": {
      "At": "1",
      "Of": "3",
      "St": "3",
      "AP": "0",
      "Ag": "4"
    }
  },
  {
    "Id": "statline_205",
    "Name": "Raptor",
    "Type": "Statline",
    "Attributes": {
      "Ad": "7",
      "Ma": "7",
      "Di": "10",
      "Hgt": "2"
    },
    "DisplayableDataIds": {
      "rule_3": "",
      "rule_170": "",
      "rule_5": ""
    }
  },
  {
    "Id": "statline_206",
    "Name": "Raptor",
    "Type": "Statline",
    "Attributes": {
      "HP": "3",
      "Df": "8",
      "Re": "4",
      "Arm": "4"
    }
  },
  {
    "Id": "statline_207",
    "Name": "Raptor",
    "Type": "Statline",
    "Attributes": {
      "At": "2",
      "Of": "3",
      "St": "4",
      "AP": "2",
      "Ag": "4"
    }
  },
  {
    "Id": "statline_208",
    "Name": "Blackmane Pegasus",
    "Type": "Statline",
    "Attributes": {
      "Ad": "8",
      "Ma": "8",
      "Di": "10",
      "Hgt": "3"
    },
    "DisplayableDataIds": {
      "rule_3": "",
      "rule_44": "",
      "rule_29": "(1)",
      "rule_4": "",
      "rule_5": ""
    }
  },
  {
    "Id": "statline_209",
    "Name": "Blackmane Pegasus",
    "Type": "Statline",
    "Attributes": {
      "HP": "3",
      "Df": "8",
      "Re": "4",
      "Arm": "3"
    }
  },
  {
    "Id": "statline_210",
    "Name": "Blackmane Pegasus",
    "Type": "Statline",
    "Attributes": {
      "At": "2",
      "Of": "4",
      "St": "4",
      "AP": "1",
      "Ag": "4"
    },
    "DisplayableDataIds": {
      "rule_9": "(+1 Str, +1 AP)"
    }
  },
  {
    "Id": "statline_211",
    "Name": "Chassis",
    "Type": "Statline",
    "Attributes": {
      "Ad": "7",
      "Ma": "4",
      "Di": "10",
      "Hgt": "4"
    },
    "DisplayableDataIds": {
      "rule_3": "",
      "rule_5": "",
      "rule_4": "",
      "rule_11": "",
      "rule_170": ""
    }
  },
  {
    "Id": "statline_212",
    "Name": "Chassis",
    "Type": "Statline",
    "Attributes": {
      "HP": "4",
      "Df": "8",
      "Re": "5",
      "Arm": "4"
    }
  },
  {
    "Id": "statline_213",
    "Name": "Raptor (2)",
    "Type": "Statline",
    "Attributes": {
      "At": "2",
      "Of": "3",
      "St": "4",
      "AP": "2",
      "Ag": "4"
    }
  },
  {
    "Id": "statline_214",
    "Name": "Manticore",
    "Type": "Statline",
    "Attributes": {
      "Ad": "8",
      "Ma": "8",
      "Di": "10",
      "Hgt": "4"
    },
    "DisplayableDataIds": {
      "rule_3": "",
      "rule_44": "",
      "rule_4": "",
      "rule_170": "",
      "rule_11": "",
      "rule_5": ""
    }
  },
  {
    "Id": "statline_215",
    "Name": "Manticore",
    "Type": "Statline",
    "Attributes": {
      "HP": "5",
      "Df": "8",
      "Re": "5",
      "Arm": "4"
    }
  },
  {
    "Id": "statline_216",
    "Name": "Manticore",
    "Type": "Statline",
    "Attributes": {
      "At": "4",
      "Of": "5",
      "St": "5",
      "AP": "2",
      "Ag": "5"
    },
    "DisplayableDataIds": {
      "rule_52": "",
      "rule_46": "(1)"
    }
  },
  {
    "Id": "statline_217",
    "Name": "Imperious Dragon",
    "Type": "Statline",
    "Attributes": {
      "Ad": "7",
      "Ma": "7",
      "Di": "10",
      "Hgt": "5"
    },
    "DisplayableDataIds": {
      "rule_3": "",
      "rule_44": "",
      "rule_171": "",
      "rule_45": "",
      "rule_11": "",
      "rule_5": ""
    }
  },
  {
    "Id": "statline_218",
    "Name": "Imperious Dragon",
    "Type": "Statline",
    "Attributes": {
      "HP": "7",
      "Df": "5",
      "Re": "6",
      "Arm": "4"
    }
  },
  {
    "Id": "statline_219",
    "Name": "Imperious Dragon",
    "Type": "Statline",
    "Attributes": {
      "At": "6",
      "Of": "5",
      "St": "6",
      "AP": "3",
      "Ag": "3"
    },
    "DisplayableDataIds": {
      "rule_56": "(Str 4, AP 1, Flaming Attacks)",
      "rule_46": "(D6)"
    }
  },
  {
    "Id": "statline_220",
    "Name": "Silexian Officer",
    "Type": "Statline",
    "Attributes": {
      "Ad": "5",
      "Ma": "5",
      "Di": "9",
      "Hgt": "1"
    },
    "DisplayableDataIds": {
      "rule_3": "",
      "rule_17": "",
      "rule_18": "",
      "rule_4": ""
    }
  },
  {
    "Id": "statline_221",
    "Name": "Silexian Officer",
    "Type": "Statline",
    "Attributes": {
      "HP": "3",
      "Df": "7",
      "Re": "3",
      "Arm": "2"
    }
  },
  {
    "Id": "statline_222",
    "Name": "Silexian Officer",
    "Type": "Statline",
    "Attributes": {
      "At": "3",
      "Of": "7",
      "St": "4",
      "AP": "1",
      "Ag": "7"
    },
    "DisplayableDataIds": {
      "rule_180": "(Artistry of Death)"
    }
  },
  {
    "Id": "statline_223",
    "Name": "Elven Horse",
    "Type": "Statline",
    "Attributes": {
      "Ad": "9",
      "Ma": "9",
      "Di": "9",
      "Hgt": "2"
    },
    "DisplayableDataIds": {
      "rule_3": "",
      "rule_5": "",
      "rule_17": "",
      "rule_18": "",
      "rule_4": ""
    }
  },
  {
    "Id": "statline_224",
    "Name": "Elven Horse",
    "Type": "Statline",
    "Attributes": {
      "HP": "3",
      "Df": "7",
      "Re": "3",
      "Arm": "4"
    }
  },
  {
    "Id": "statline_225",
    "Name": "Raptor",
    "Type": "Statline",
    "Attributes": {
      "Ad": "7",
      "Ma": "7",
      "Di": "9",
      "Hgt": "2"
    },
    "DisplayableDataIds": {
      "rule_3": "",
      "rule_170": "",
      "rule_5": "",
      "rule_17": "",
      "rule_18": ""
    }
  },
  {
    "Id": "statline_226",
    "Name": "Raptor",
    "Type": "Statline",
    "Attributes": {
      "HP": "3",
      "Df": "7",
      "Re": "4",
      "Arm": "4"
    }
  },
  {
    "Id": "statline_227",
    "Name": "Blackmane Pegasus",
    "Type": "Statline",
    "Attributes": {
      "Ad": "8",
      "Ma": "8",
      "Di": "9",
      "Hgt": "3"
    },
    "DisplayableDataIds": {
      "rule_3": "",
      "rule_44": "",
      "rule_29": "(1)",
      "rule_4": "",
      "rule_5": "",
      "rule_17": "",
      "rule_18": ""
    }
  },
  {
    "Id": "statline_228",
    "Name": "Blackmane Pegasus",
    "Type": "Statline",
    "Attributes": {
      "HP": "3",
      "Df": "7",
      "Re": "4",
      "Arm": "3"
    }
  },
  {
    "Id": "statline_229",
    "Name": "Chassis",
    "Type": "Statline",
    "Attributes": {
      "Ad": "7",
      "Ma": "4",
      "Di": "9",
      "Hgt": "4"
    },
    "DisplayableDataIds": {
      "rule_3": "",
      "rule_5": "",
      "rule_4": "",
      "rule_11": "",
      "rule_170": "",
      "rule_17": "",
      "rule_18": ""
    }
  },
  {
    "Id": "statline_230",
    "Name": "Chassis",
    "Type": "Statline",
    "Attributes": {
      "HP": "4",
      "Df": "7",
      "Re": "5",
      "Arm": "4"
    }
  },
  {
    "Id": "statline_231",
    "Name": "Manticore",
    "Type": "Statline",
    "Attributes": {
      "Ad": "8",
      "Ma": "8",
      "Di": "9",
      "Hgt": "4"
    },
    "DisplayableDataIds": {
      "rule_3": "",
      "rule_44": "",
      "rule_4": "",
      "rule_170": "",
      "rule_11": "",
      "rule_5": "",
      "rule_17": "",
      "rule_18": ""
    }
  },
  {
    "Id": "statline_232",
    "Name": "Manticore",
    "Type": "Statline",
    "Attributes": {
      "HP": "5",
      "Df": "7",
      "Re": "5",
      "Arm": "4"
    }
  },
  {
    "Id": "statline_233",
    "Name": "Silent Assassin",
    "Type": "Statline",
    "Attributes": {
      "Ad": "5",
      "Ma": "5",
      "Di": "9",
      "Hgt": "1"
    },
    "DisplayableDataIds": {
      "rule_18": "",
      "rule_6": "(Unit without Silent Assassin)",
      "rule_181": "",
      "rule_4": ""
    }
  },
  {
    "Id": "statline_234",
    "Name": "Silent Assassin",
    "Type": "Statline",
    "Attributes": {
      "HP": "3",
      "Df": "8",
      "Re": "3",
      "Arm": "0"
    },
    "DisplayableDataIds": {
      "rule_121": "(1)"
    }
  },
  {
    "Id": "statline_235",
    "Name": "Silent Assassin",
    "Type": "Statline",
    "Attributes": {
      "At": "4",
      "Of": "8",
      "St": "4",
      "AP": "3",
      "Ag": "9"
    },
    "DisplayableDataIds": {
      "rule_180": "(Artistry of Death)",
      "rule_55": "",
      "rule_182": "(towards Characters)",
      "rule_32": "",
      "rule_183": "(2+)"
    }
  },
  {
    "Id": "statline_236",
    "Name": "Temple Exarch",
    "Type": "Statline",
    "Attributes": {
      "Ad": "5",
      "Ma": "5",
      "Di": "9",
      "Hgt": "1"
    },
    "DisplayableDataIds": {
      "rule_4": "",
      "rule_184": "",
      "rule_112": ""
    }
  },
  {
    "Id": "statline_237",
    "Name": "Temple Exarch",
    "Type": "Statline",
    "Attributes": {
      "HP": "3",
      "Df": "7",
      "Re": "3",
      "Arm": "2"
    },
    "DisplayableDataIds": {
      "rule_51": "(5+ against Melee Attacks)"
    }
  },
  {
    "Id": "statline_238",
    "Name": "Temple Exarch",
    "Type": "Statline",
    "Attributes": {
      "At": "3",
      "Of": "7",
      "St": "4",
      "AP": "1",
      "Ag": "7"
    },
    "DisplayableDataIds": {
      "rule_180": "(Artistry of Death)"
    }
  },
  {
    "Id": "statline_239",
    "Name": "Sanctioned Warlock",
    "Type": "Statline",
    "Attributes": {
      "Ad": "5",
      "Ma": "5",
      "Di": "9",
      "Hgt": "1"
    },
    "DisplayableDataIds": {
      "rule_184": "",
      "rule_4": "",
      "rule_20": ""
    }
  },
  {
    "Id": "statline_240",
    "Name": "Sanctioned Warlock",
    "Type": "Statline",
    "Attributes": {
      "HP": "3",
      "Df": "5",
      "Re": "3",
      "Arm": "0"
    }
  },
  {
    "Id": "statline_241",
    "Name": "Sanctioned Warlock",
    "Type": "Statline",
    "Attributes": {
      "At": "1",
      "Of": "5",
      "St": "3",
      "AP": "0",
      "Ag": "5"
    },
    "DisplayableDataIds": {
      "rule_180": "(Artistry of Death)"
    }
  },
  {
    "Id": "statline_242",
    "Name": "Elven Horse",
    "Type": "Statline",
    "Attributes": {
      "Ad": "9",
      "Ma": "9",
      "Di": "9",
      "Hgt": "2"
    },
    "DisplayableDataIds": {
      "rule_184": "",
      "rule_5": "",
      "rule_4": "",
      "rule_20": ""
    }
  },
  {
    "Id": "statline_243",
    "Name": "Elven Horse",
    "Type": "Statline",
    "Attributes": {
      "HP": "3",
      "Df": "5",
      "Re": "3",
      "Arm": "2"
    }
  },
  {
    "Id": "statline_244",
    "Name": "Raptor",
    "Type": "Statline",
    "Attributes": {
      "Ad": "7",
      "Ma": "7",
      "Di": "9",
      "Hgt": "2"
    },
    "DisplayableDataIds": {
      "rule_184": "",
      "rule_170": "",
      "rule_5": "",
      "rule_20": ""
    }
  },
  {
    "Id": "statline_245",
    "Name": "Raptor",
    "Type": "Statline",
    "Attributes": {
      "HP": "3",
      "Df": "5",
      "Re": "4",
      "Arm": "2"
    }
  },
  {
    "Id": "statline_246",
    "Name": "Blackmane Pegasus",
    "Type": "Statline",
    "Attributes": {
      "Ad": "8",
      "Ma": "8",
      "Di": "9",
      "Hgt": "3"
    },
    "DisplayableDataIds": {
      "rule_184": "",
      "rule_44": "",
      "rule_29": "(1)",
      "rule_4": "",
      "rule_5": "",
      "rule_20": ""
    }
  },
  {
    "Id": "statline_247",
    "Name": "Blackmane Pegasus",
    "Type": "Statline",
    "Attributes": {
      "HP": "3",
      "Df": "5",
      "Re": "4",
      "Arm": "1"
    }
  },
  {
    "Id": "statline_248",
    "Name": "Manticore",
    "Type": "Statline",
    "Attributes": {
      "Ad": "8",
      "Ma": "8",
      "Di": "9",
      "Hgt": "4"
    },
    "DisplayableDataIds": {
      "rule_184": "",
      "rule_44": "",
      "rule_4": "",
      "rule_170": "",
      "rule_11": "",
      "rule_5": "",
      "rule_20": ""
    }
  },
  {
    "Id": "statline_249",
    "Name": "Manticore",
    "Type": "Statline",
    "Attributes": {
      "HP": "5",
      "Df": "5",
      "Re": "5",
      "Arm": "4"
    }
  },
  {
    "Id": "statline_250",
    "Name": "Imperious Dragon",
    "Type": "Statline",
    "Attributes": {
      "Ad": "7",
      "Ma": "7",
      "Di": "9",
      "Hgt": "5"
    },
    "DisplayableDataIds": {
      "rule_184": "",
      "rule_44": "",
      "rule_171": "",
      "rule_45": "",
      "rule_11": "",
      "rule_5": "",
      "rule_20": ""
    }
  },
  {
    "Id": "statline_251",
    "Name": "Techainin and Blaishoi",
    "Type": "Statline",
    "Attributes": {
      "Ad": "8",
      "Ma": "8",
      "Di": "10",
      "Hgt": "4"
    },
    "DisplayableDataIds": {
      "rule_34": "(Battlefield Edge, Water Terrain)",
      "rule_173": "",
      "rule_174": "",
      "rule_3": "",
      "rule_154": "",
      "rule_4": "",
      "rule_2": "(Water Terrain)"
    }
  },
  {
    "Id": "statline_252",
    "Name": "Techainin",
    "Type": "Statline",
    "Attributes": {
      "HP": "5",
      "Df": "8",
      "Re": "5",
      "Arm": "4"
    },
    "DisplayableDataIds": {
      "rule_175": ""
    }
  },
  {
    "Id": "statline_253",
    "Name": "Techainin",
    "Type": "Statline",
    "Attributes": {
      "At": "4",
      "Of": "8",
      "St": "4",
      "AP": "1",
      "Ag": "8"
    },
    "DisplayableDataIds": {
      "rule_172": "",
      "rule_193": "",
      "rule_176": ""
    }
  },
  {
    "Id": "statline_254",
    "Name": "Blaishoi",
    "Type": "Statline",
    "Attributes": {
      "At": "4",
      "Of": "4",
      "St": "6",
      "AP": "3",
      "Ag": "4"
    },
    "DisplayableDataIds": {
      "rule_9": "(Distracting)",
      "rule_55": "",
      "rule_46": "(1 hit)"
    }
  },
  {
    "Id": "statline_255",
    "Name": "The Black Rose",
    "Type": "Statline",
    "Attributes": {
      "Ad": "5",
      "Ma": "5",
      "Di": "10",
      "Hgt": "1"
    },
    "DisplayableDataIds": {
      "rule_3": "",
      "rule_430": "",
      "rule_4": "",
      "rule_179": ""
    }
  },
  {
    "Id": "statline_256",
    "Name": "The Black Rose",
    "Type": "Statline",
    "Attributes": {
      "HP": "3",
      "Df": "8",
      "Re": "3",
      "Arm": "4"
    },
    "DisplayableDataIds": {
      "rule_51": "(5+)"
    }
  },
  {
    "Id": "statline_257",
    "Name": "The Black Rose",
    "Type": "Statline",
    "Attributes": {
      "At": "4",
      "Of": "8",
      "St": "4",
      "AP": "1",
      "Ag": "8"
    },
    "DisplayableDataIds": {
      "rule_177": "",
      "rule_172": "",
      "rule_178": ""
    }
  },
  {
    "Id": "statline_258",
    "Name": "Silexian Spears",
    "Type": "Statline",
    "Attributes": {
      "Ad": "5",
      "Ma": "5",
      "Di": "8",
      "Hgt": "1"
    },
    "DisplayableDataIds": {
      "rule_185": ""
    }
  },
  {
    "Id": "statline_259",
    "Name": "Silexian Spears",
    "Type": "Statline",
    "Attributes": {
      "HP": "1",
      "Df": "5",
      "Re": "3",
      "Arm": "1"
    },
    "DisplayableDataIds": {
      "rule_27": ""
    }
  },
  {
    "Id": "statline_260",
    "Name": "Silexian Spear",
    "Type": "Statline",
    "Attributes": {
      "At": "1",
      "Of": "5",
      "St": "3",
      "AP": "0",
      "Ag": "5"
    },
    "DisplayableDataIds": {
      "rule_180": "(Artistry of Death)",
      "rule_116": ""
    }
  },
  {
    "Id": "statline_261",
    "Name": "Silexian Auxiliaries",
    "Type": "Statline",
    "Attributes": {
      "Ad": "5",
      "Ma": "5",
      "Di": "8",
      "Hgt": "1"
    },
    "DisplayableDataIds": {
      "rule_185": ""
    }
  },
  {
    "Id": "statline_262",
    "Name": "Silexian Auxiliaries",
    "Type": "Statline",
    "Attributes": {
      "HP": "1",
      "Df": "5",
      "Re": "3",
      "Arm": "1"
    },
    "DisplayableDataIds": {
      "rule_27": ""
    }
  },
  {
    "Id": "statline_263",
    "Name": "Silexian Auxiliary",
    "Type": "Statline",
    "Attributes": {
      "At": "1",
      "Of": "5",
      "St": "3",
      "AP": "0",
      "Ag": "5"
    },
    "DisplayableDataIds": {
      "rule_180": "(Artistry of Death)",
      "rule_186": "",
      "rule_187": "(3+)"
    }
  },
  {
    "Id": "statline_264",
    "Name": "Corsairs",
    "Type": "Statline",
    "Attributes": {
      "Ad": "5",
      "Ma": "5",
      "Di": "8",
      "Hgt": "1"
    },
    "DisplayableDataIds": {
      "rule_185": "",
      "rule_4": "",
      "rule_188": "(-1 Dis)"
    }
  },
  {
    "Id": "statline_265",
    "Name": "Corsairs",
    "Type": "Statline",
    "Attributes": {
      "HP": "1",
      "Df": "5",
      "Re": "3",
      "Arm": "1"
    },
    "DisplayableDataIds": {
      "rule_189": ""
    }
  },
  {
    "Id": "statline_266",
    "Name": "Corsair",
    "Type": "Statline",
    "Attributes": {
      "At": "1",
      "Of": "5",
      "St": "3",
      "AP": "0",
      "Ag": "5"
    },
    "DisplayableDataIds": {
      "rule_180": "(Artistry of Death)",
      "rule_32": ""
    }
  },
  {
    "Id": "statline_267",
    "Name": "Temple Militants",
    "Type": "Statline",
    "Attributes": {
      "Ad": "5",
      "Ma": "5",
      "Di": "8",
      "Hgt": "1"
    },
    "DisplayableDataIds": {
      "rule_188": "(-2 Def)",
      "rule_185": ""
    }
  },
  {
    "Id": "statline_268",
    "Name": "Temple Militants",
    "Type": "Statline",
    "Attributes": {
      "HP": "1",
      "Df": "5",
      "Re": "3",
      "Arm": "1"
    },
    "DisplayableDataIds": {
      "rule_51": "(6+ against Melee Attacks)"
    }
  },
  {
    "Id": "statline_269",
    "Name": "Temple Militant",
    "Type": "Statline",
    "Attributes": {
      "At": "1",
      "Of": "5",
      "St": "3",
      "AP": "0",
      "Ag": "5"
    },
    "DisplayableDataIds": {
      "rule_180": "(Artistry of Death)",
      "rule_32": ""
    }
  },
  {
    "Id": "statline_270",
    "Name": "Shadow Riders",
    "Type": "Statline",
    "Attributes": {
      "Ad": "9",
      "Ma": "9",
      "Di": "8",
      "Hgt": "2"
    },
    "DisplayableDataIds": {
      "rule_185": "",
      "rule_133": "",
      "rule_4": "",
      "rule_35": "",
      "rule_5": ""
    }
  },
  {
    "Id": "statline_271",
    "Name": "Shadow Riders",
    "Type": "Statline",
    "Attributes": {
      "HP": "1",
      "Df": "5",
      "Re": "3",
      "Arm": "2"
    },
    "DisplayableDataIds": {
      "rule_27": ""
    }
  },
  {
    "Id": "statline_272",
    "Name": "Shadow Rider",
    "Type": "Statline",
    "Attributes": {
      "At": "1",
      "Of": "5",
      "St": "3",
      "AP": "0",
      "Ag": "5"
    },
    "DisplayableDataIds": {
      "rule_180": "(Artistry of Death)",
      "rule_38": "",
      "rule_187": "(3+)"
    }
  },
  {
    "Id": "statline_273",
    "Name": "Raptor Chariot",
    "Type": "Statline",
    "Attributes": {
      "Ad": "7",
      "Ma": "4",
      "Di": "9",
      "Hgt": "4"
    },
    "DisplayableDataIds": {
      "rule_185": "",
      "rule_11": "",
      "rule_170": "",
      "rule_5": "",
      "rule_4": ""
    }
  },
  {
    "Id": "statline_274",
    "Name": "Raptor Chariot",
    "Type": "Statline",
    "Attributes": {
      "HP": "4",
      "Df": "6",
      "Re": "5",
      "Arm": "4"
    }
  },
  {
    "Id": "statline_275",
    "Name": "Crew (2)",
    "Type": "Statline",
    "Attributes": {
      "At": "1",
      "Of": "6",
      "St": "4",
      "AP": "1",
      "Ag": "6"
    },
    "DisplayableDataIds": {
      "rule_180": "(Artistry of Death)",
      "rule_37": ""
    }
  },
  {
    "Id": "statline_276",
    "Name": "Divine Altar",
    "Type": "Statline",
    "Attributes": {
      "Ad": "0",
      "Ma": "5",
      "Di": "8",
      "Hgt": "5"
    },
    "DisplayableDataIds": {
      "rule_45": "",
      "rule_190": ""
    }
  },
  {
    "Id": "statline_277",
    "Name": "Divine Altar",
    "Type": "Statline",
    "Attributes": {
      "HP": "5",
      "Df": "6",
      "Re": "5",
      "Arm": "2"
    },
    "DisplayableDataIds": {
      "rule_51": "(5+)"
    }
  },
  {
    "Id": "statline_278",
    "Name": "Attendant (3)",
    "Type": "Statline",
    "Attributes": {
      "At": "2",
      "Of": "6",
      "St": "3",
      "AP": "1",
      "Ag": "6"
    },
    "DisplayableDataIds": {
      "rule_172": "",
      "rule_32": ""
    }
  },
  {
    "Id": "statline_279",
    "Name": "Chassis",
    "Type": "Statline",
    "Attributes": {
      "At": null,
      "Of": null,
      "St": "5",
      "AP": "2",
      "Ag": null
    }
  },
  {
    "Id": "statline_280",
    "Name": "Dread Knights",
    "Type": "Statline",
    "Attributes": {
      "Ad": "7",
      "Ma": "7",
      "Di": "9",
      "Hgt": "2"
    },
    "DisplayableDataIds": {
      "rule_185": "",
      "rule_3": "",
      "rule_170": "",
      "rule_5": ""
    }
  },
  {
    "Id": "statline_281",
    "Name": "Dread Knights",
    "Type": "Statline",
    "Attributes": {
      "HP": "1",
      "Df": "6",
      "Re": "4",
      "Arm": "4"
    },
    "DisplayableDataIds": {
      "rule_27": ""
    }
  },
  {
    "Id": "statline_282",
    "Name": "Dread Knight",
    "Type": "Statline",
    "Attributes": {
      "At": "1",
      "Of": "6",
      "St": "4",
      "AP": "1",
      "Ag": "6"
    },
    "DisplayableDataIds": {
      "rule_180": "(Artistry of Death)"
    }
  },
  {
    "Id": "statline_283",
    "Name": "Harpies",
    "Type": "Statline",
    "Attributes": {
      "Ad": "8",
      "Ma": "8",
      "Di": "6",
      "Hgt": "1"
    },
    "DisplayableDataIds": {
      "rule_44": "",
      "rule_11": "",
      "rule_4": "",
      "rule_33": "",
      "rule_28": "",
      "rule_24": "",
      "rule_170": ""
    }
  },
  {
    "Id": "statline_284",
    "Name": "Harpies",
    "Type": "Statline",
    "Attributes": {
      "HP": "1",
      "Df": "3",
      "Re": "3",
      "Arm": "0"
    },
    "DisplayableDataIds": {
      "rule_29": "(1)"
    }
  },
  {
    "Id": "statline_285",
    "Name": "Harpy",
    "Type": "Statline",
    "Attributes": {
      "At": "1",
      "Of": "3",
      "St": "4",
      "AP": "0",
      "Ag": "4"
    },
    "DisplayableDataIds": {
      "rule_9": "(+1 Att)",
      "rule_191": "(1)"
    }
  },
  {
    "Id": "statline_286",
    "Name": "Gorgons",
    "Type": "Statline",
    "Attributes": {
      "Ad": "7",
      "Ma": "7",
      "Di": "8",
      "Hgt": "3"
    },
    "DisplayableDataIds": {
      "rule_11": "",
      "rule_21": "",
      "rule_2": "",
      "rule_132": "",
      "rule_5": ""
    }
  },
  {
    "Id": "statline_287",
    "Name": "Gorgons",
    "Type": "Statline",
    "Attributes": {
      "HP": "3",
      "Df": "6",
      "Re": "4",
      "Arm": "0"
    },
    "DisplayableDataIds": {
      "rule_51": "(5+)"
    }
  },
  {
    "Id": "statline_288",
    "Name": "Gorgon",
    "Type": "Statline",
    "Attributes": {
      "At": "4",
      "Of": "6",
      "St": "4",
      "AP": "1",
      "Ag": "5"
    },
    "DisplayableDataIds": {
      "rule_180": "(Artistry of Death)",
      "rule_134": "",
      "rule_192": ""
    }
  },
  {
    "Id": "statline_289",
    "Name": "Judicators",
    "Type": "Statline",
    "Attributes": {
      "Ad": "5",
      "Ma": "5",
      "Di": "8",
      "Hgt": "1"
    },
    "DisplayableDataIds": {
      "rule_185": ""
    }
  },
  {
    "Id": "statline_290",
    "Name": "Judicators",
    "Type": "Statline",
    "Attributes": {
      "HP": "1",
      "Df": "6",
      "Re": "3",
      "Arm": "2"
    }
  },
  {
    "Id": "statline_291",
    "Name": "Judicator",
    "Type": "Statline",
    "Attributes": {
      "At": "2",
      "Of": "6",
      "St": "3",
      "AP": "1",
      "Ag": "6",
      "Agi": "0"
    },
    "DisplayableDataIds": {
      "rule_193": "",
      "rule_180": "(Artistry of Death)",
      "rule_52": "",
      "rule_39": ""
    }
  },
  {
    "Id": "statline_292",
    "Name": "Obsidian Guard",
    "Type": "Statline",
    "Attributes": {
      "Ad": "5",
      "Ma": "5",
      "Di": "8",
      "Hgt": "1"
    },
    "DisplayableDataIds": {
      "rule_185": "",
      "rule_3": "",
      "rule_107": "(6\")"
    }
  },
  {
    "Id": "statline_293",
    "Name": "Obsidian Guard",
    "Type": "Statline",
    "Attributes": {
      "HP": "1",
      "Df": "6",
      "Re": "3",
      "Arm": "2"
    }
  },
  {
    "Id": "statline_294",
    "Name": "Obsidian Guard",
    "Type": "Statline",
    "Attributes": {
      "At": "2",
      "Of": "6",
      "St": "3",
      "AP": "1",
      "Ag": "6"
    },
    "DisplayableDataIds": {
      "rule_180": "(Artistry of Death)",
      "rule_37": ""
    }
  },
  {
    "Id": "statline_295",
    "Name": "Thunder Pack",
    "Type": "Statline",
    "Attributes": {
      "Ad": "7",
      "Ma": "7",
      "Di": "8",
      "Hgt": "3"
    },
    "DisplayableDataIds": {
      "rule_170": "",
      "rule_5": ""
    }
  },
  {
    "Id": "statline_296",
    "Name": "Thunder Pack",
    "Type": "Statline",
    "Attributes": {
      "HP": "3",
      "Df": "3",
      "Re": "5",
      "Arm": "2"
    }
  },
  {
    "Id": "statline_297",
    "Name": "Thunder Beast",
    "Type": "Statline",
    "Attributes": {
      "At": "4",
      "Of": "3",
      "St": "5",
      "AP": "1",
      "Ag": "3"
    },
    "DisplayableDataIds": {
      "rule_180": "(Hatred)"
    }
  },
  {
    "Id": "statline_298",
    "Name": "Lashmaster (2)",
    "Type": "Statline",
    "Attributes": {
      "At": "1",
      "Of": "5",
      "St": "3",
      "AP": "0",
      "Ag": "5"
    },
    "DisplayableDataIds": {
      "rule_180": "(Artistry of Death)"
    }
  },
  {
    "Id": "statline_299",
    "Name": "Dread Acolytes",
    "Type": "Statline",
    "Attributes": {
      "Ad": "9",
      "Ma": "9",
      "Di": "8",
      "Hgt": "2"
    },
    "DisplayableDataIds": {
      "rule_4": "",
      "rule_5": "",
      "rule_194": ""
    }
  },
  {
    "Id": "statline_300",
    "Name": "Dread Acolytes",
    "Type": "Statline",
    "Attributes": {
      "HP": "1",
      "Df": "6",
      "Re": "3",
      "Arm": "2"
    },
    "DisplayableDataIds": {
      "rule_51": "(5+)"
    }
  },
  {
    "Id": "statline_301",
    "Name": "Dread Acolyte",
    "Type": "Statline",
    "Attributes": {
      "At": "2",
      "Of": "6",
      "St": "3",
      "AP": "1",
      "Ag": "6"
    },
    "DisplayableDataIds": {
      "rule_180": "(Artistry of Death)"
    }
  },
  {
    "Id": "statline_302",
    "Name": "Hunting Chariot",
    "Type": "Statline",
    "Attributes": {
      "Ad": "9",
      "Ma": "5",
      "Di": "8",
      "Hgt": "4"
    },
    "DisplayableDataIds": {
      "rule_11": "",
      "rule_5": "",
      "rule_4": ""
    }
  },
  {
    "Id": "statline_303",
    "Name": "Hunting Chariot",
    "Type": "Statline",
    "Attributes": {
      "HP": "4",
      "Df": "5",
      "Re": "4",
      "Arm": "3"
    }
  },
  {
    "Id": "statline_304",
    "Name": "Crew (2)",
    "Type": "Statline",
    "Attributes": {
      "At": "1",
      "Of": "5",
      "St": "3",
      "AP": "0",
      "Ag": "5"
    },
    "DisplayableDataIds": {
      "rule_180": "(Artistry of Death)",
      "rule_38": ""
    }
  },
  {
    "Id": "statline_305",
    "Name": "Elven Horse (2)",
    "Type": "Statline",
    "Attributes": {
      "At": "1",
      "Of": "3",
      "St": "3",
      "AP": "0",
      "Ag": "4"
    }
  },
  {
    "Id": "statline_306",
    "Name": "Chassis",
    "Type": "Statline",
    "Attributes": {
      "At": null,
      "Of": null,
      "St": "5",
      "AP": "2",
      "Ag": null
    },
    "DisplayableDataIds": {
      "rule_10": "(D6)",
      "rule_195": "(3+)"
    }
  },
  {
    "Id": "statline_307",
    "Name": "Repeater Battery",
    "Type": "Statline",
    "Attributes": {
      "Ad": "0",
      "Ma": "5",
      "Di": "8",
      "Hgt": "2"
    },
    "DisplayableDataIds": {
      "rule_196": "",
      "rule_11": ""
    }
  },
  {
    "Id": "statline_308",
    "Name": "Repeater Battery",
    "Type": "Statline",
    "Attributes": {
      "HP": "4",
      "Df": "1",
      "Re": "4",
      "Arm": "1"
    }
  },
  {
    "Id": "statline_309",
    "Name": "Crew",
    "Type": "Statline",
    "Attributes": {
      "At": "2",
      "Of": "5",
      "St": "3",
      "AP": "0",
      "Ag": "5"
    },
    "DisplayableDataIds": {
      "rule_180": "(Artistry of Death)",
      "rule_197": "(3+)"
    }
  },
  {
    "Id": "statline_310",
    "Name": "Black Cloaks",
    "Type": "Statline",
    "Attributes": {
      "Ad": "5",
      "Ma": "5",
      "Di": "9",
      "Hgt": "1"
    },
    "DisplayableDataIds": {
      "rule_185": "",
      "rule_4": "",
      "rule_30": "",
      "rule_35": ""
    }
  },
  {
    "Id": "statline_311",
    "Name": "Black Cloaks",
    "Type": "Statline",
    "Attributes": {
      "HP": "1",
      "Df": "6",
      "Re": "3",
      "Arm": "1"
    }
  },
  {
    "Id": "statline_312",
    "Name": "Black Cloak",
    "Type": "Statline",
    "Attributes": {
      "At": "1",
      "Of": "6",
      "St": "4",
      "AP": "1",
      "Ag": "6"
    },
    "DisplayableDataIds": {
      "rule_180": "(Artistry of Death)",
      "rule_9": "(Distracting)",
      "rule_55": "(Melee)",
      "rule_32": ""
    }
  },
  {
    "Id": "statline_313",
    "Name": "Kraken",
    "Type": "Statline",
    "Attributes": {
      "Ad": "6",
      "Ma": "6",
      "Di": "8",
      "Hgt": "5"
    },
    "DisplayableDataIds": {
      "rule_11": "",
      "rule_5": "",
      "rule_45": "",
      "rule_2": "(Water Terrain)",
      "rule_170": ""
    }
  },
  {
    "Id": "statline_314",
    "Name": "Kraken",
    "Type": "Statline",
    "Attributes": {
      "HP": "6",
      "Df": "5",
      "Re": "5",
      "Arm": "3"
    },
    "DisplayableDataIds": {
      "rule_121": "(1)",
      "rule_29": "(1)",
      "rule_199": ""
    }
  },
  {
    "Id": "statline_315",
    "Name": "Kraken",
    "Type": "Statline",
    "Attributes": {
      "At": "4",
      "Of": "5",
      "St": "7",
      "AP": "3",
      "Ag": "3",
      "undefined": "0"
    },
    "DisplayableDataIds": {
      "rule_111": "(towards Height 3-5)",
      "rule_146": "(D3, towards Height 3-5)",
      "rule_46": "(D6)"
    }
  },
  {
    "Id": "statline_316",
    "Name": "Hydra",
    "Type": "Statline",
    "Attributes": {
      "Ad": "6",
      "Ma": "6",
      "Di": "8",
      "Hgt": "5"
    },
    "DisplayableDataIds": {
      "rule_11": "",
      "rule_5": "",
      "rule_45": "",
      "rule_170": ""
    }
  },
  {
    "Id": "statline_317",
    "Name": "Hydra",
    "Type": "Statline",
    "Attributes": {
      "HP": "6",
      "Df": "4",
      "Re": "6",
      "Arm": "3"
    },
    "DisplayableDataIds": {
      "rule_109": "(4+)"
    }
  },
  {
    "Id": "statline_318",
    "Name": "Hydra",
    "Type": "Statline",
    "Attributes": {
      "At": "5",
      "Of": "4",
      "St": "5",
      "AP": "2",
      "Ag": "2"
    },
    "DisplayableDataIds": {
      "rule_56": "(Str 3, AP 1)",
      "rule_55": "",
      "rule_58": "",
      "rule_46": "(D6)"
    }
  },
  {
    "Id": "statline_319",
    "Name": "Mist Leviathan",
    "Type": "Statline",
    "Attributes": {
      "Ad": "7",
      "Ma": "7",
      "Di": "8",
      "Hgt": "5"
    },
    "DisplayableDataIds": {
      "rule_4": "",
      "rule_11": "",
      "rule_44": "",
      "rule_5": "",
      "rule_45": "",
      "rule_170": "",
      "rule_200": ""
    }
  },
  {
    "Id": "statline_320",
    "Name": "Mist Leviathan",
    "Type": "Statline",
    "Attributes": {
      "HP": "9",
      "Df": "3",
      "Re": "5",
      "Arm": "0"
    },
    "DisplayableDataIds": {
      "rule_121": "(1)"
    }
  },
  {
    "Id": "statline_321",
    "Name": "Mist Leviathan",
    "Type": "Statline",
    "Attributes": {
      "At": "4",
      "Of": "3",
      "St": "4",
      "AP": "3",
      "Ag": "3"
    },
    "DisplayableDataIds": {
      "rule_46": "(D6)"
    }
  },
  {
    "Id": "statline_322",
    "Name": "Lashmaster (4)",
    "Type": "Statline",
    "Attributes": {
      "At": "1",
      "Of": "5",
      "St": "3",
      "AP": "0",
      "Ag": "5"
    },
    "DisplayableDataIds": {
      "rule_180": "(Artistry of Death)"
    }
  }
]