[
  {
    "Id": "unit_67",
    "Name": "Dread Prince",
    "Type": "Unit",
    "Attributes": {
      "height": "Standard"
    },
    "BasicProfileIds": [
      "68357f34790d8280c4b1f29f"
    ],
    "DefaultFront": 1,
    "Formation": 1
  },
  {
    "Id": "unit_68",
    "Name": "Dread Prince on Elven Horse",
    "Type": "Unit",
    "Attributes": {
      "height": "Standard"
    },
    "BasicProfileIds": [
      "24a131fd-2693-4bb1-bcc6-6c71778b306f"
    ],
    "DefaultFront": 1,
    "Formation": 1
  },
  {
    "Id": "unit_69",
    "Name": "Dread Prince on Raptor",
    "Type": "Unit",
    "Attributes": {
      "height": "Standard"
    },
    "BasicProfileIds": [
      "5791888a-5807-4a4b-8a4b-b435125b3058"
    ],
    "DefaultFront": 1,
    "Formation": 1
  },
  {
    "Id": "unit_70",
    "Name": "Dread Prince on Blackmane Pegasus",
    "Type": "Unit",
    "Attributes": {
      "height": "Large"
    },
    "BasicProfileIds": [
      "4464f45d-2919-4694-bc98-c923fa77d49c"
    ],
    "DefaultFront": 1,
    "Formation": 1
  },
  {
    "Id": "unit_71",
    "Name": "Dread Prince on Raptor Chariot",
    "Type": "Unit",
    "Attributes": {
      "height": "Large"
    },
    "BasicProfileIds": [
      "f8bb37a7-0034-431e-9f0b-7f00a09c568d"
    ],
    "DefaultFront": 1,
    "Formation": 1
  },
  {
    "Id": "unit_72",
    "Name": "Dread Prince on Manticore",
    "Type": "Unit",
    "Attributes": {
      "height": "Large"
    },
    "BasicProfileIds": [
      "0066d85f-e91c-4797-a6d5-2ed186a7cd30"
    ],
    "DefaultFront": 1,
    "Formation": 1
  },
  {
    "Id": "unit_73",
    "Name": "Dread Prince on Imperious Dragon",
    "Type": "Unit",
    "Attributes": {
      "height": "Gigantic"
    },
    "BasicProfileIds": [
      "7e30d4e8-80b0-4cc7-a3b3-90d12f7feffd"
    ],
    "DefaultFront": 1,
    "Formation": 1
  },
  {
    "Id": "unit_74",
    "Name": "Silexian Officer",
    "Type": "Unit",
    "Attributes": {
      "height": "Standard"
    },
    "BasicProfileIds": [
      "68357f35790d8280c4b1f585"
    ],
    "DefaultFront": 1,
    "Formation": 1
  },
  {
    "Id": "unit_75",
    "Name": "Silexian Officer on Elven Horse",
    "Type": "Unit",
    "Attributes": {
      "height": "Standard"
    },
    "BasicProfileIds": [
      "c3c0b50c-41f1-430f-a0dd-3664abc2ea74"
    ],
    "DefaultFront": 1,
    "Formation": 1
  },
  {
    "Id": "unit_76",
    "Name": "Silexian Officer on Raptor",
    "Type": "Unit",
    "Attributes": {
      "height": "Standard"
    },
    "BasicProfileIds": [
      "b0c1f253-740c-4440-8008-f7366c468b00"
    ],
    "DefaultFront": 1,
    "Formation": 1
  },
  {
    "Id": "unit_77",
    "Name": "Silexian Officer on Blackmane Pegasus",
    "Type": "Unit",
    "Attributes": {
      "height": "Large"
    },
    "BasicProfileIds": [
      "d17510b0-4e88-4724-9e63-dddc31197283"
    ],
    "DefaultFront": 1,
    "Formation": 1
  },
  {
    "Id": "unit_78",
    "Name": "Silexian Officer on Raptor Chariot",
    "Type": "Unit",
    "Attributes": {
      "height": "Large"
    },
    "BasicProfileIds": [
      "1cc0abae-72e7-49cf-b1cf-498b42643103"
    ],
    "DefaultFront": 1,
    "Formation": 1
  },
  {
    "Id": "unit_79",
    "Name": "Silexian Officer on Manticore",
    "Type": "Unit",
    "Attributes": {
      "height": "Large"
    },
    "BasicProfileIds": [
      "29c58cb1-860c-4d7c-95a9-b5b35d78b0e1"
    ],
    "DefaultFront": 1,
    "Formation": 1
  },
  {
    "Id": "unit_80",
    "Name": "Silent Assassin",
    "Type": "Unit",
    "Attributes": {
      "height": "Standard"
    },
    "BasicProfileIds": [
      "68357f35790d8280c4b1f84f"
    ],
    "DefaultFront": 1,
    "Formation": 1
  },
  {
    "Id": "unit_81",
    "Name": "Temple Exarch",
    "Type": "Unit",
    "Attributes": {
      "height": "Standard"
    },
    "BasicProfileIds": [
      "68357f35790d8280c4b1f858"
    ],
    "DefaultFront": 1,
    "Formation": 1
  },
  {
    "Id": "unit_82",
    "Name": "Sanctioned Warlock",
    "Type": "Unit",
    "Attributes": {
      "height": "Standard"
    },
    "BasicProfileIds": [
      "68357f35790d8280c4b1f8ba"
    ],
    "DefaultFront": 1,
    "Formation": 1
  },
  {
    "Id": "unit_83",
    "Name": "Sanctioned Warlock on Elven Horse",
    "Type": "Unit",
    "Attributes": {
      "height": "Standard"
    },
    "BasicProfileIds": [
      "6226c787-b9da-442a-b315-a0b86d19e627"
    ],
    "DefaultFront": 1,
    "Formation": 1
  },
  {
    "Id": "unit_84",
    "Name": "Sanctioned Warlock on Raptor",
    "Type": "Unit",
    "Attributes": {
      "height": "Standard"
    },
    "BasicProfileIds": [
      "2388658f-4aa9-4a11-97af-8bf43d8b71b5"
    ],
    "DefaultFront": 1,
    "Formation": 1
  },
  {
    "Id": "unit_85",
    "Name": "Sanctioned Warlock on Blackmane Pegasus",
    "Type": "Unit",
    "Attributes": {
      "height": "Large"
    },
    "BasicProfileIds": [
      "2d928d87-90ae-4b0f-9e6e-5c256f8d602a"
    ],
    "DefaultFront": 1,
    "Formation": 1
  },
  {
    "Id": "unit_86",
    "Name": "Sanctioned Warlock on Manticore",
    "Type": "Unit",
    "Attributes": {
      "height": "Large"
    },
    "BasicProfileIds": [
      "8be0d7a7-5501-4ebb-9d77-3a5ba71f98b9"
    ],
    "DefaultFront": 1,
    "Formation": 1
  },
  {
    "Id": "unit_87",
    "Name": "Sanctioned Warlock on Imperious Dragon",
    "Type": "Unit",
    "Attributes": {
      "height": "Gigantic"
    },
    "BasicProfileIds": [
      "4cd8651f-7fca-48b1-b7b3-f703b1fb7f5b"
    ],
    "DefaultFront": 1,
    "Formation": 1
  },
  {
    "Id": "unit_88",
    "Name": "Techainin and Blaishoi",
    "Type": "Unit",
    "Attributes": {
      "height": "Large"
    },
    "BasicProfileIds": [
      "b1c3d8a7e9f4c5a2b6d3e8f9a"
    ],
    "DefaultFront": 1,
    "Formation": 1
  },
  {
    "Id": "unit_89",
    "Name": "The Black Rose",
    "Type": "Unit",
    "Attributes": {
      "height": "Standard"
    },
    "BasicProfileIds": [
      "b1d4e8a9237c5f2a9d8b1c3d4b"
    ],
    "DefaultFront": 1,
    "Formation": 1
  },
  {
    "Id": "unit_90",
    "Name": "Silexian Spears",
    "Type": "Unit",
    "Attributes": {
      "height": "Standard"
    },
    "BasicProfileIds": [
      "68357f36790d8280c4b1fa7e"
    ],
    "DefaultFront": 5,
    "Formation": 1
  },
  {
    "Id": "unit_91",
    "Name": "Silexian Auxiliaries",
    "Type": "Unit",
    "Attributes": {
      "height": "Standard"
    },
    "BasicProfileIds": [
      "68357f36790d8280c4b1fab1"
    ],
    "DefaultFront": 5,
    "Formation": 1
  },
  {
    "Id": "unit_92",
    "Name": "Corsairs",
    "Type": "Unit",
    "Attributes": {
      "height": "Standard"
    },
    "BasicProfileIds": [
      "68357f36790d8280c4b1fae4"
    ],
    "DefaultFront": 5,
    "Formation": 1
  },
  {
    "Id": "unit_93",
    "Name": "Temple Militants",
    "Type": "Unit",
    "Attributes": {
      "height": "Standard"
    },
    "BasicProfileIds": [
      "68357f36790d8280c4b1fb1d"
    ],
    "DefaultFront": 5,
    "Formation": 1
  },
  {
    "Id": "unit_94",
    "Name": "Shadow Riders",
    "Type": "Unit",
    "Attributes": {
      "height": "Standard"
    },
    "BasicProfileIds": [
      "68357f37790d8280c4b1fb53"
    ],
    "DefaultFront": 5,
    "Formation": 1
  },
  {
    "Id": "unit_95",
    "Name": "Raptor Chariot",
    "Type": "Unit",
    "Attributes": {
      "height": "Large"
    },
    "BasicProfileIds": [
      "68357f37790d8280c4b1fb72"
    ],
    "DefaultFront": 1,
    "Formation": 1
  },
  {
    "Id": "unit_96",
    "Name": "Divine Altar",
    "Type": "Unit",
    "Attributes": {
      "height": "Gigantic"
    },
    "BasicProfileIds": [
      "68357f37790d8280c4b1fb75"
    ],
    "DefaultFront": 1,
    "Formation": 1
  },
  {
    "Id": "unit_97",
    "Name": "Dread Knights",
    "Type": "Unit",
    "Attributes": {
      "height": "Standard"
    },
    "BasicProfileIds": [
      "68357f37790d8280c4b1fb7b"
    ],
    "DefaultFront": 5,
    "Formation": 1
  },
  {
    "Id": "unit_98",
    "Name": "Harpies",
    "Type": "Unit",
    "Attributes": {
      "height": "Standard"
    },
    "BasicProfileIds": [
      "68357f37790d8280c4b1fbba"
    ],
    "DefaultFront": 5,
    "Formation": 1
  },
  {
    "Id": "unit_99",
    "Name": "Gorgons",
    "Type": "Unit",
    "Attributes": {
      "height": "Large"
    },
    "BasicProfileIds": [
      "68357f38790d8280c4b1fbbf"
    ],
    "DefaultFront": 3,
    "Formation": 1
  },
  {
    "Id": "unit_100",
    "Name": "Judicators",
    "Type": "Unit",
    "Attributes": {
      "height": "Standard"
    },
    "BasicProfileIds": [
      "68357f38790d8280c4b1fbc7"
    ],
    "DefaultFront": 5,
    "Formation": 1
  },
  {
    "Id": "unit_101",
    "Name": "Obsidian Guard",
    "Type": "Unit",
    "Attributes": {
      "height": "Standard"
    },
    "BasicProfileIds": [
      "68357f38790d8280c4b1fbfa"
    ],
    "DefaultFront": 5,
    "Formation": 1
  },
  {
    "Id": "unit_102",
    "Name": "Thunder Pack",
    "Type": "Unit",
    "Attributes": {
      "height": "Large"
    },
    "BasicProfileIds": [
      "68357f38790d8280c4b1fc2d"
    ],
    "DefaultFront": 3,
    "Formation": 1
  },
  {
    "Id": "unit_103",
    "Name": "Dread Acolytes",
    "Type": "Unit",
    "Attributes": {
      "height": "Standard"
    },
    "BasicProfileIds": [
      "68357f38790d8280c4b1fc32"
    ],
    "DefaultFront": 5,
    "Formation": 1
  },
  {
    "Id": "unit_104",
    "Name": "Hunting Chariot",
    "Type": "Unit",
    "Attributes": {
      "height": "Large"
    },
    "BasicProfileIds": [
      "68357f39790d8280c4b1fc69"
    ],
    "DefaultFront": 1,
    "Formation": 1
  },
  {
    "Id": "unit_105",
    "Name": "Repeater Battery",
    "Type": "Unit",
    "Attributes": {
      "height": "Standard"
    },
    "BasicProfileIds": [
      "68357f39790d8280c4b1fc6a"
    ],
    "DefaultFront": 1,
    "Formation": 1
  },
  {
    "Id": "unit_106",
    "Name": "Black Cloaks",
    "Type": "Unit",
    "Attributes": {
      "height": "Standard"
    },
    "BasicProfileIds": [
      "68357f39790d8280c4b1fc6d"
    ],
    "DefaultFront": 5,
    "Formation": 1
  },
  {
    "Id": "unit_107",
    "Name": "Kraken",
    "Type": "Unit",
    "Attributes": {
      "height": "Gigantic"
    },
    "BasicProfileIds": [
      "68357f39790d8280c4b1fc86"
    ],
    "DefaultFront": 1,
    "Formation": 1
  },
  {
    "Id": "unit_108",
    "Name": "Hydra",
    "Type": "Unit",
    "Attributes": {
      "height": "Gigantic"
    },
    "BasicProfileIds": [
      "68357f39790d8280c4b1fc88"
    ],
    "DefaultFront": 1,
    "Formation": 1
  },
  {
    "Id": "unit_109",
    "Name": "Mist Leviathan",
    "Type": "Unit",
    "Attributes": {
      "height": "Gigantic"
    },
    "BasicProfileIds": [
      "68357f39790d8280c4b1fc89"
    ],
    "DefaultFront": 1,
    "Formation": 1
  }
]