[
  {
    "Id": "ba56e51b-834f-46cd-8ecb-ec54dfaeee6c",
    "Name": "Shield Bearers",
    "Type": "UnitGlobalChange"
  },
  {
    "Id": "8bd8e4bf-30b5-458a-afab-a99b2f43545f",
    "Name": "War Throne",
    "Type": "UnitGlobalChange"
  },
  {
    "Id": "472f5e73-f607-4d3e-972c-749073557325",
    "Name": "Dwarf Ballista",
    "Type": "UnitSwapDisplayable",
    "DisplayableDataIdToAdd": {
      "rule_1855": ""
    }
  },
  {
    "Id": "8be84392-df21-4335-9b88-6a6807ca1e2d",
    "Name": "Flame Cannon",
    "Type": "UnitSwapDisplayable",
    "DisplayableDataIdToAdd": {
      "rule_1856": ""
    }
  },
  {
    "Id": "58cb9147-4e43-4e05-b4f1-fc316c28a7e5",
    "Name": "Dwarf Catapult",
    "Type": "UnitSwapDisplayable",
    "DisplayableDataIdToAdd": {
      "rule_1857": ""
    }
  },
  {
    "Id": "8858a367-9828-40f5-b362-cc1ed59273c5",
    "Name": "Dwarf Cannon",
    "Type": "UnitSwapDisplayable",
    "DisplayableDataIdToAdd": {
      "rule_1858": ""
    }
  },
  {
    "Id": "3d47e20a-d152-48e7-9149-8957cbe5859b",
    "Name": "Organ Gun",
    "Type": "UnitSwapDisplayable",
    "DisplayableDataIdToAdd": {
      "rule_1859": ""
    }
  },
  {
    "Id": "a51434cb-75f7-4fd5-8457-695d539137b5",
    "Name": "Crossbow and Great Weapon",
    "Type": "UnitSwapDisplayable"
  },
  {
    "Id": "93b1bb0e-34fa-46be-94e1-643d7fd586d5",
    "Name": "Forge Repeater",
    "Type": "UnitSwapDisplayable",
    "DisplayableDataIdToAdd": {
      "rule_241": ""
    }
  },
  {
    "Id": "e3b4f9d8-dbc2-458b-a028-ec4beaa66603",
    "Name": "Guild-Crafted Handgun",
    "Type": "UnitSwapDisplayable",
    "DisplayableDataIdToAdd": {
      "rule_1146": ""
    }
  },
  {
    "Id": "154c1d63-0aed-433c-be54-a62d6005538e",
    "Name": "Shrapnel Bombs",
    "Type": "UnitSwapDisplayable",
    "DisplayableDataIdToAdd": {
      "rule_1144": ""
    }
  },
  {
    "Id": "f98dbb05-6dd1-45ad-8f67-4e82294862f4",
    "Name": "Wyrm-Slayer Rocket",
    "Type": "UnitSwapDisplayable",
    "DisplayableDataIdToAdd": {
      "rule_244": ""
    }
  }
]