[
  {
    "Id": "68357f3e790d8280c4b20006",
    "Name": "King",
    "Type": "Profile",
    "BaseId": "5",
    "DisplayableDataIds": {
      "statline_323": "",
      "statline_324": "",
      "statline_325": ""
    }
  },
  {
    "Id": "ae8b8657-432d-4387-8eb8-ac492b856eb6",
    "Name": "Shield Bearer (2)",
    "Type": "Profile",
    "BaseId": "13",
    "DisplayableDataIds": {
      "statline_326": "",
      "statline_327": "",
      "statline_328": ""
    }
  },
  {
    "Id": "da4bc9e1-5418-48d9-a7d6-a11644d236d1",
    "Name": "Throne Bearer (4)",
    "Type": "Profile",
    "BaseId": "10",
    "DisplayableDataIds": {
      "statline_329": "",
      "statline_330": "",
      "statline_331": ""
    }
  },
  {
    "Id": "68357f3e790d8280c4b200b7",
    "Name": "Thane",
    "Type": "Profile",
    "BaseId": "5",
    "DisplayableDataIds": {
      "statline_332": "",
      "statline_333": "",
      "statline_334": ""
    }
  },
  {
    "Id": "dd537738-5c32-4a1c-9880-eeb3a4d7555b",
    "Name": "Shield Bearer (2)",
    "Type": "Profile",
    "BaseId": "13",
    "DisplayableDataIds": {
      "statline_335": "",
      "statline_336": "",
      "statline_328": ""
    }
  },
  {
    "Id": "68357f3f790d8280c4b20150",
    "Name": "Dragon Seeker",
    "Type": "Profile",
    "BaseId": "5",
    "DisplayableDataIds": {
      "statline_337": "",
      "statline_338": "",
      "statline_339": ""
    }
  },
  {
    "Id": "68357f3f790d8280c4b20169",
    "Name": "Runic Smith",
    "Type": "Profile",
    "BaseId": "5",
    "DisplayableDataIds": {
      "statline_340": "",
      "statline_341": "",
      "statline_342": ""
    }
  },
  {
    "Id": "68357f3f790d8280c4b2019a",
    "Name": "Engineer",
    "Type": "Profile",
    "BaseId": "5",
    "DisplayableDataIds": {
      "statline_343": "",
      "statline_344": "",
      "statline_345": ""
    }
  },
  {
    "Id": "f3e9b1a8d2c4e7b5f9a2d6b1f3d",
    "Name": "Dinaz Betegoz, Master of the Guild of Lorekeepers",
    "Type": "Profile",
    "BaseId": "1",
    "DisplayableDataIds": {
      "statline_346": "",
      "statline_347": "",
      "statline_348": "",
      "statline_349": ""
    }
  },
  {
    "Id": "f2d8c1b9a6e3f7a4c2d1b9f5d7b",
    "Name": "Tador Berafrig",
    "Type": "Profile",
    "BaseId": "5",
    "DisplayableDataIds": {
      "statline_350": "",
      "statline_351": "",
      "statline_352": ""
    }
  },
  {
    "Id": "68357f3f790d8280c4b201d3",
    "Name": "Clan Warriors",
    "Type": "Profile",
    "BaseId": "5",
    "DisplayableDataIds": {
      "statline_353": "",
      "statline_354": "",
      "statline_355": ""
    }
  },
  {
    "Id": "68357f3f790d8280c4b20236",
    "Name": "Greybeards",
    "Type": "Profile",
    "BaseId": "5",
    "DisplayableDataIds": {
      "statline_356": "",
      "statline_357": "",
      "statline_358": ""
    }
  },
  {
    "Id": "68357f40790d8280c4b20293",
    "Name": "Clan Marksmen",
    "Type": "Profile",
    "BaseId": "5",
    "DisplayableDataIds": {
      "statline_359": "",
      "statline_360": "",
      "statline_361": ""
    }
  },
  {
    "Id": "68357f40790d8280c4b202f0",
    "Name": "Deep Watch",
    "Type": "Profile",
    "BaseId": "5",
    "DisplayableDataIds": {
      "statline_362": "",
      "statline_363": "",
      "statline_364": ""
    }
  },
  {
    "Id": "68357f40790d8280c4b20339",
    "Name": "Anvil of Power",
    "Type": "Profile",
    "BaseId": "11",
    "DisplayableDataIds": {
      "statline_365": "",
      "statline_366": "",
      "statline_367": ""
    }
  },
  {
    "Id": "68357f40790d8280c4b2033d",
    "Name": "King's Guard",
    "Type": "Profile",
    "BaseId": "5",
    "DisplayableDataIds": {
      "statline_368": "",
      "statline_369": "",
      "statline_370": ""
    }
  },
  {
    "Id": "68357f41790d8280c4b20388",
    "Name": "Miners",
    "Type": "Profile",
    "BaseId": "5",
    "DisplayableDataIds": {
      "statline_371": "",
      "statline_372": "",
      "statline_373": ""
    }
  },
  {
    "Id": "68357f41790d8280c4b203b2",
    "Name": "Seekers",
    "Type": "Profile",
    "BaseId": "5",
    "DisplayableDataIds": {
      "statline_374": "",
      "statline_375": "",
      "statline_376": ""
    }
  },
  {
    "Id": "68357f41790d8280c4b203d0",
    "Name": "Seekers",
    "Type": "Profile",
    "BaseId": "5",
    "DisplayableDataIds": {
      "statline_374": "",
      "statline_375": "",
      "statline_376": ""
    }
  },
  {
    "Id": "68357f41790d8280c4b203ec",
    "Name": "Vengeance Seeker",
    "Type": "Profile",
    "BaseId": "5",
    "DisplayableDataIds": {
      "statline_377": "",
      "statline_378": "",
      "statline_379": ""
    }
  },
  {
    "Id": "68357f41790d8280c4b203ef",
    "Name": "Hold Guardians",
    "Type": "Profile",
    "BaseId": "3",
    "DisplayableDataIds": {
      "statline_380": "",
      "statline_381": "",
      "statline_382": ""
    }
  },
  {
    "Id": "68357f42790d8280c4b20438",
    "Name": "Grudge Buster",
    "Type": "Profile",
    "BaseId": "2",
    "DisplayableDataIds": {
      "statline_383": "",
      "statline_384": "",
      "statline_385": "",
      "statline_386": ""
    }
  },
  {
    "Id": "68357f42790d8280c4b20439",
    "Name": "Field Artillery",
    "Type": "Profile",
    "BaseId": "11",
    "DisplayableDataIds": {
      "statline_387": "",
      "statline_388": "",
      "statline_389": ""
    }
  },
  {
    "Id": "68357f42790d8280c4b204c6",
    "Name": "Rangers",
    "Type": "Profile",
    "BaseId": "5",
    "DisplayableDataIds": {
      "statline_390": "",
      "statline_391": "",
      "statline_392": ""
    }
  },
  {
    "Id": "68357f42790d8280c4b204f9",
    "Name": "Forge Wardens",
    "Type": "Profile",
    "BaseId": "5",
    "DisplayableDataIds": {
      "statline_393": "",
      "statline_394": "",
      "statline_395": ""
    }
  },
  {
    "Id": "68357f43790d8280c4b20544",
    "Name": "Steam Copters",
    "Type": "Profile",
    "BaseId": "3",
    "DisplayableDataIds": {
      "statline_396": "",
      "statline_397": "",
      "statline_398": ""
    }
  }
]