[
  {
    "Id": "statline_323",
    "Name": "King",
    "Type": "Statline",
    "Attributes": {
      "Ad": "3",
      "Ma": "4",
      "Di": "10",
      "Hgt": "1"
    },
    "DisplayableDataIds": {
      "rule_3": "",
      "rule_230": "(1)",
      "rule_4": ""
    }
  },
  {
    "Id": "statline_324",
    "Name": "King",
    "Type": "Statline",
    "Attributes": {
      "HP": "3",
      "Df": "7",
      "Re": "5",
      "Arm": "3"
    },
    "DisplayableDataIds": {
      "rule_27": ""
    }
  },
  {
    "Id": "statline_325",
    "Name": "King",
    "Type": "Statline",
    "Attributes": {
      "At": "4",
      "Of": "7",
      "St": "4",
      "AP": "1",
      "Ag": "4"
    },
    "DisplayableDataIds": {
      "rule_9": "(+1 Str, +1 AP)"
    }
  },
  {
    "Id": "statline_326",
    "Name": "Shield Bearer (2)",
    "Type": "Statline",
    "Attributes": {
      "Ad": "3",
      "Ma": "4",
      "Di": "10",
      "Hgt": "1"
    },
    "DisplayableDataIds": {
      "rule_3": "",
      "rule_230": "(1)",
      "rule_4": ""
    }
  },
  {
    "Id": "statline_327",
    "Name": "Shield Bearer (2)",
    "Type": "Statline",
    "Attributes": {
      "HP": "4",
      "Df": "7",
      "Re": "5",
      "Arm": "5"
    },
    "DisplayableDataIds": {
      "rule_27": ""
    }
  },
  {
    "Id": "statline_328",
    "Name": "Shield Bearer (2)",
    "Type": "Statline",
    "Attributes": {
      "At": "1",
      "Of": "5",
      "St": "4",
      "AP": "1",
      "Ag": "2"
    },
    "DisplayableDataIds": {
      "rule_9": "(+1 Str, +1 AP)"
    }
  },
  {
    "Id": "statline_329",
    "Name": "Throne Bearer (4)",
    "Type": "Statline",
    "Attributes": {
      "Ad": "3",
      "Ma": "4",
      "Di": "10",
      "Hgt": "3"
    },
    "DisplayableDataIds": {
      "rule_3": "",
      "rule_230": "(1)",
      "rule_6": "(Height 1)",
      "rule_18": "",
      "rule_105": "",
      "rule_4": ""
    }
  },
  {
    "Id": "statline_330",
    "Name": "Throne Bearer (4)",
    "Type": "Statline",
    "Attributes": {
      "HP": "6",
      "Df": "7",
      "Re": "5",
      "Arm": "5"
    },
    "DisplayableDataIds": {
      "rule_27": ""
    }
  },
  {
    "Id": "statline_331",
    "Name": "Throne Bearer (4)",
    "Type": "Statline",
    "Attributes": {
      "At": "1",
      "Of": "5",
      "St": "4",
      "AP": "1",
      "Ag": "2"
    },
    "DisplayableDataIds": {
      "rule_9": "(+1 Str, +1 AP)"
    }
  },
  {
    "Id": "statline_332",
    "Name": "Thane",
    "Type": "Statline",
    "Attributes": {
      "Ad": "3",
      "Ma": "4",
      "Di": "9",
      "Hgt": "1"
    },
    "DisplayableDataIds": {
      "rule_3": "",
      "rule_17": "",
      "rule_18": "",
      "rule_4": ""
    }
  },
  {
    "Id": "statline_333",
    "Name": "Thane",
    "Type": "Statline",
    "Attributes": {
      "HP": "3",
      "Df": "6",
      "Re": "5",
      "Arm": "3"
    },
    "DisplayableDataIds": {
      "rule_27": ""
    }
  },
  {
    "Id": "statline_334",
    "Name": "Thane",
    "Type": "Statline",
    "Attributes": {
      "At": "3",
      "Of": "6",
      "St": "4",
      "AP": "1",
      "Ag": "3"
    },
    "DisplayableDataIds": {
      "rule_9": "(+1 Str, +1 AP)"
    }
  },
  {
    "Id": "statline_335",
    "Name": "Shield Bearer (2)",
    "Type": "Statline",
    "Attributes": {
      "Ad": "3",
      "Ma": "4",
      "Di": "9",
      "Hgt": "1"
    },
    "DisplayableDataIds": {
      "rule_3": "",
      "rule_17": "",
      "rule_18": "",
      "rule_4": ""
    }
  },
  {
    "Id": "statline_336",
    "Name": "Shield Bearer (2)",
    "Type": "Statline",
    "Attributes": {
      "HP": "4",
      "Df": "6",
      "Re": "5",
      "Arm": "5"
    },
    "DisplayableDataIds": {
      "rule_27": ""
    }
  },
  {
    "Id": "statline_337",
    "Name": "Dragon Seeker",
    "Type": "Statline",
    "Attributes": {
      "Ad": "3",
      "Ma": "4",
      "Di": "10",
      "Hgt": "1"
    },
    "DisplayableDataIds": {
      "rule_4": "",
      "rule_231": "",
      "rule_42": "",
      "rule_41": "",
      "rule_21": "",
      "rule_35": ""
    }
  },
  {
    "Id": "statline_338",
    "Name": "Dragon Seeker",
    "Type": "Statline",
    "Attributes": {
      "HP": "3",
      "Df": "7",
      "Re": "5",
      "Arm": "0"
    },
    "DisplayableDataIds": {
      "rule_51": "(6+)"
    }
  },
  {
    "Id": "statline_339",
    "Name": "Dragon Seeker",
    "Type": "Statline",
    "Attributes": {
      "At": "4",
      "Of": "7",
      "St": "5",
      "AP": "2",
      "Ag": "5"
    },
    "DisplayableDataIds": {
      "rule_9": "(+1 Str, +1 AP)",
      "rule_232": "",
      "rule_182": "",
      "rule_39": "",
      "rule_32": ""
    }
  },
  {
    "Id": "statline_340",
    "Name": "Runic Smith",
    "Type": "Statline",
    "Attributes": {
      "Ad": "3",
      "Ma": "4",
      "Di": "9",
      "Hgt": "1"
    },
    "DisplayableDataIds": {
      "rule_4": "",
      "rule_114": "(1)",
      "rule_50": "(1)",
      "rule_233": ""
    }
  },
  {
    "Id": "statline_341",
    "Name": "Runic Smith",
    "Type": "Statline",
    "Attributes": {
      "HP": "3",
      "Df": "4",
      "Re": "5",
      "Arm": "3"
    },
    "DisplayableDataIds": {
      "rule_27": ""
    }
  },
  {
    "Id": "statline_342",
    "Name": "Runic Smith",
    "Type": "Statline",
    "Attributes": {
      "At": "2",
      "Of": "4",
      "St": "4",
      "AP": "1",
      "Ag": "2"
    },
    "DisplayableDataIds": {
      "rule_9": "(+1 Str, +1 AP)"
    }
  },
  {
    "Id": "statline_343",
    "Name": "Engineer",
    "Type": "Statline",
    "Attributes": {
      "Ad": "3",
      "Ma": "4",
      "Di": "9",
      "Hgt": "1"
    },
    "DisplayableDataIds": {
      "rule_4": "",
      "rule_234": "(Field Artillery)"
    }
  },
  {
    "Id": "statline_344",
    "Name": "Engineer",
    "Type": "Statline",
    "Attributes": {
      "HP": "3",
      "Df": "4",
      "Re": "5",
      "Arm": "3"
    },
    "DisplayableDataIds": {
      "rule_27": ""
    }
  },
  {
    "Id": "statline_345",
    "Name": "Engineer",
    "Type": "Statline",
    "Attributes": {
      "At": "3",
      "Of": "4",
      "St": "4",
      "AP": "1",
      "Ag": "2"
    },
    "DisplayableDataIds": {
      "rule_9": "(+1 Str, +1 AP)"
    }
  },
  {
    "Id": "statline_346",
    "Name": "Dinaz Betegoz",
    "Type": "Statline",
    "Attributes": {
      "Ad": "3",
      "Ma": "4",
      "Di": "9",
      "Hgt": "1"
    },
    "DisplayableDataIds": {
      "rule_3": "",
      "rule_1188": "",
      "rule_1189": ""
    }
  },
  {
    "Id": "statline_347",
    "Name": "Dinaz Betegoz",
    "Type": "Statline",
    "Attributes": {
      "HP": "4",
      "Df": "4",
      "Re": "5",
      "Arm": "5"
    },
    "DisplayableDataIds": {
      "rule_51": "(5+)"
    }
  },
  {
    "Id": "statline_348",
    "Name": "Dinaz Betegoz",
    "Type": "Statline",
    "Attributes": {
      "At": "2",
      "Of": "4",
      "St": "4",
      "AP": "1",
      "Ag": "2"
    },
    "DisplayableDataIds": {
      "rule_9": "(+1 Str, +1 AP)",
      "rule_32": ""
    }
  },
  {
    "Id": "statline_349",
    "Name": "Shield Bearers (2)",
    "Type": "Statline",
    "Attributes": {
      "At": "1",
      "Of": "5",
      "St": "4",
      "AP": "1",
      "Ag": "2"
    },
    "DisplayableDataIds": {
      "rule_9": "(+1 Str, +1 AP)"
    }
  },
  {
    "Id": "statline_350",
    "Name": "Tador Berafrig",
    "Type": "Statline",
    "Attributes": {
      "Ad": "3",
      "Ma": "4",
      "Di": "9",
      "Hgt": "1"
    },
    "DisplayableDataIds": {
      "rule_34": "(Battlefield Edge)",
      "rule_18": "",
      "rule_17": "",
      "rule_6": "(Miners)",
      "rule_357": "",
      "rule_4": "",
      "rule_1190": ""
    }
  },
  {
    "Id": "statline_351",
    "Name": "Tador Berafrig",
    "Type": "Statline",
    "Attributes": {
      "HP": "3",
      "Df": "4",
      "Re": "5",
      "Arm": "4"
    },
    "DisplayableDataIds": {
      "rule_27": "",
      "rule_1191": ""
    }
  },
  {
    "Id": "statline_352",
    "Name": "Tador Berafrig",
    "Type": "Statline",
    "Attributes": {
      "At": "3",
      "Of": "4",
      "St": "4",
      "AP": "1",
      "Ag": "2"
    },
    "DisplayableDataIds": {
      "rule_9": "(+1 Str, +1 AP)",
      "rule_39": ""
    }
  },
  {
    "Id": "statline_353",
    "Name": "Clan Warriors",
    "Type": "Statline",
    "Attributes": {
      "Ad": "3",
      "Ma": "4",
      "Di": "9",
      "Hgt": "1"
    }
  },
  {
    "Id": "statline_354",
    "Name": "Clan Warriors",
    "Type": "Statline",
    "Attributes": {
      "HP": "1",
      "Df": "4",
      "Re": "4",
      "Arm": "2"
    },
    "DisplayableDataIds": {
      "rule_27": ""
    }
  },
  {
    "Id": "statline_355",
    "Name": "Clan Warrior",
    "Type": "Statline",
    "Attributes": {
      "At": "1",
      "Of": "4",
      "St": "3",
      "AP": "0",
      "Ag": "2"
    },
    "DisplayableDataIds": {
      "rule_9": "(+1 Str, +1 AP)"
    }
  },
  {
    "Id": "statline_356",
    "Name": "Greybeards",
    "Type": "Statline",
    "Attributes": {
      "Ad": "3",
      "Ma": "4",
      "Di": "9",
      "Hgt": "1"
    },
    "DisplayableDataIds": {
      "rule_21": "",
      "rule_107": "(6\")"
    }
  },
  {
    "Id": "statline_357",
    "Name": "Greybeards",
    "Type": "Statline",
    "Attributes": {
      "HP": "1",
      "Df": "4",
      "Re": "4",
      "Arm": "2"
    },
    "DisplayableDataIds": {
      "rule_27": ""
    }
  },
  {
    "Id": "statline_358",
    "Name": "Greybeard",
    "Type": "Statline",
    "Attributes": {
      "At": "1",
      "Of": "4",
      "St": "4",
      "AP": "1",
      "Ag": "2"
    },
    "DisplayableDataIds": {
      "rule_9": "(+1 Str, +1 AP)"
    }
  },
  {
    "Id": "statline_359",
    "Name": "Clan Marksmen",
    "Type": "Statline",
    "Attributes": {
      "Ad": "3",
      "Ma": "4",
      "Di": "9",
      "Hgt": "1"
    }
  },
  {
    "Id": "statline_360",
    "Name": "Clan Marksmen",
    "Type": "Statline",
    "Attributes": {
      "HP": "1",
      "Df": "4",
      "Re": "4",
      "Arm": "2"
    },
    "DisplayableDataIds": {
      "rule_27": ""
    }
  },
  {
    "Id": "statline_361",
    "Name": "Clan Marksman",
    "Type": "Statline",
    "Attributes": {
      "At": "1",
      "Of": "4",
      "St": "3",
      "AP": "0",
      "Ag": "2"
    },
    "DisplayableDataIds": {
      "rule_9": "(+1 Str, +1 AP)",
      "rule_235": "(4+)"
    }
  },
  {
    "Id": "statline_362",
    "Name": "Deep Watch",
    "Type": "Statline",
    "Attributes": {
      "Ad": "3",
      "Ma": "4",
      "Di": "9",
      "Hgt": "1"
    },
    "DisplayableDataIds": {
      "rule_36": "(General, King, Thane)",
      "rule_3": "",
      "rule_236": "(1)"
    }
  },
  {
    "Id": "statline_363",
    "Name": "Deep Watch",
    "Type": "Statline",
    "Attributes": {
      "HP": "1",
      "Df": "5",
      "Re": "4",
      "Arm": "3"
    },
    "DisplayableDataIds": {
      "rule_51": "(5+ against Melee Attacks)",
      "rule_27": ""
    }
  },
  {
    "Id": "statline_364",
    "Name": "Deep Watch",
    "Type": "Statline",
    "Attributes": {
      "At": "1",
      "Of": "5",
      "St": "4",
      "AP": "1",
      "Ag": "2"
    },
    "DisplayableDataIds": {
      "rule_9": "(+1 Str, +1 AP)"
    }
  },
  {
    "Id": "statline_365",
    "Name": "Anvil of Power",
    "Type": "Statline",
    "Attributes": {
      "Ad": "0",
      "Ma": "4",
      "Di": "9",
      "Hgt": "2"
    },
    "DisplayableDataIds": {
      "rule_114": "(2)",
      "rule_196": "",
      "rule_42": "",
      "rule_41": "",
      "rule_21": "",
      "rule_50": "(2)",
      "rule_237": ""
    }
  },
  {
    "Id": "statline_366",
    "Name": "Anvil of Power",
    "Type": "Statline",
    "Attributes": {
      "HP": "5",
      "Df": "1",
      "Re": "4",
      "Arm": "3"
    },
    "DisplayableDataIds": {
      "rule_51": "(5+)"
    }
  },
  {
    "Id": "statline_367",
    "Name": "Anvil Guard (3)",
    "Type": "Statline",
    "Attributes": {
      "At": "1",
      "Of": "5",
      "St": "4",
      "AP": "1",
      "Ag": "2"
    },
    "DisplayableDataIds": {
      "rule_39": ""
    }
  },
  {
    "Id": "statline_368",
    "Name": "King's Guard",
    "Type": "Statline",
    "Attributes": {
      "Ad": "3",
      "Ma": "4",
      "Di": "9",
      "Hgt": "1"
    },
    "DisplayableDataIds": {
      "rule_36": "(General, King)",
      "rule_3": ""
    }
  },
  {
    "Id": "statline_369",
    "Name": "King's Guard",
    "Type": "Statline",
    "Attributes": {
      "HP": "1",
      "Df": "5",
      "Re": "4",
      "Arm": "3"
    },
    "DisplayableDataIds": {
      "rule_27": ""
    }
  },
  {
    "Id": "statline_370",
    "Name": "King's Guard",
    "Type": "Statline",
    "Attributes": {
      "At": "1",
      "Of": "5",
      "St": "4",
      "AP": "1",
      "Ag": "2"
    },
    "DisplayableDataIds": {
      "rule_9": "(+1 Str, +1 AP)",
      "rule_111": "",
      "rule_238": "",
      "rule_39": ""
    }
  },
  {
    "Id": "statline_371",
    "Name": "Miners",
    "Type": "Statline",
    "Attributes": {
      "Ad": "3",
      "Ma": "4",
      "Di": "9",
      "Hgt": "1"
    },
    "DisplayableDataIds": {
      "rule_34": "(Table Edge)"
    }
  },
  {
    "Id": "statline_372",
    "Name": "Miners",
    "Type": "Statline",
    "Attributes": {
      "HP": "1",
      "Df": "4",
      "Re": "4",
      "Arm": "2"
    },
    "DisplayableDataIds": {
      "rule_27": ""
    }
  },
  {
    "Id": "statline_373",
    "Name": "Miner",
    "Type": "Statline",
    "Attributes": {
      "At": "1",
      "Of": "4",
      "St": "4",
      "AP": "1",
      "Ag": "2"
    },
    "DisplayableDataIds": {
      "rule_9": "(+1 Str, +1 AP)",
      "rule_39": ""
    }
  },
  {
    "Id": "statline_374",
    "Name": "Seekers",
    "Type": "Statline",
    "Attributes": {
      "Ad": "3",
      "Ma": "4",
      "Di": "9",
      "Hgt": "1"
    },
    "DisplayableDataIds": {
      "rule_231": "",
      "rule_42": "",
      "rule_41": "",
      "rule_21": ""
    }
  },
  {
    "Id": "statline_375",
    "Name": "Seekers",
    "Type": "Statline",
    "Attributes": {
      "HP": "1",
      "Df": "4",
      "Re": "4",
      "Arm": "0"
    },
    "DisplayableDataIds": {
      "rule_51": "(6+)"
    }
  },
  {
    "Id": "statline_376",
    "Name": "Seeker",
    "Type": "Statline",
    "Attributes": {
      "At": "1",
      "Of": "4",
      "St": "4",
      "AP": "1",
      "Ag": "2"
    },
    "DisplayableDataIds": {
      "rule_232": "",
      "rule_182": "",
      "rule_9": "(+1 Str, +1 AP)",
      "rule_39": "",
      "rule_32": ""
    }
  },
  {
    "Id": "statline_377",
    "Name": "Vengeance Seeker",
    "Type": "Statline",
    "Attributes": {
      "Ad": "3",
      "Ma": "4",
      "Di": "9",
      "Hgt": "1"
    },
    "DisplayableDataIds": {
      "rule_42": "",
      "rule_41": "",
      "rule_21": "",
      "rule_4": "",
      "rule_11": "",
      "rule_142": "(Melee)"
    }
  },
  {
    "Id": "statline_378",
    "Name": "Vengeance Seeker",
    "Type": "Statline",
    "Attributes": {
      "HP": "3",
      "Df": "5",
      "Re": "4",
      "Arm": "0"
    },
    "DisplayableDataIds": {
      "rule_51": "(6+)",
      "rule_121": "(1)",
      "rule_29": "(1)"
    }
  },
  {
    "Id": "statline_379",
    "Name": "Vengeance Seeker",
    "Type": "Statline",
    "Attributes": {
      "At": "3D3",
      "Of": "5",
      "St": "4",
      "AP": "1",
      "Ag": "2"
    },
    "DisplayableDataIds": {
      "rule_182": "",
      "rule_239": ""
    }
  },
  {
    "Id": "statline_380",
    "Name": "Hold Guardians",
    "Type": "Statline",
    "Attributes": {
      "Ad": "5",
      "Ma": "5",
      "Di": "10",
      "Hgt": "3"
    },
    "DisplayableDataIds": {
      "rule_21": "",
      "rule_240": ""
    }
  },
  {
    "Id": "statline_381",
    "Name": "Hold Guardians",
    "Type": "Statline",
    "Attributes": {
      "HP": "3",
      "Df": "4",
      "Re": "5",
      "Arm": "4"
    }
  },
  {
    "Id": "statline_382",
    "Name": "Hold Guardian",
    "Type": "Statline",
    "Attributes": {
      "At": "3",
      "Of": "4",
      "St": "5",
      "AP": "2",
      "Ag": "1"
    },
    "DisplayableDataIds": {
      "rule_134": ""
    }
  },
  {
    "Id": "statline_383",
    "Name": "Grudge Buster",
    "Type": "Statline",
    "Attributes": {
      "Ad": "8",
      "Ma": "4",
      "Di": "9",
      "Hgt": "4"
    },
    "DisplayableDataIds": {
      "rule_44": "",
      "rule_5": "",
      "rule_4": "",
      "rule_11": ""
    }
  },
  {
    "Id": "statline_384",
    "Name": "Grudge Buster",
    "Type": "Statline",
    "Attributes": {
      "HP": "5",
      "Df": "4",
      "Re": "5",
      "Arm": "4"
    }
  },
  {
    "Id": "statline_385",
    "Name": "Crew (2)",
    "Type": "Statline",
    "Attributes": {
      "At": "1",
      "Of": "4",
      "St": "4",
      "AP": "1",
      "Ag": "2"
    },
    "DisplayableDataIds": {
      "rule_32": ""
    }
  },
  {
    "Id": "statline_386",
    "Name": "Chassis",
    "Type": "Statline",
    "Attributes": {
      "At": null,
      "Of": null,
      "St": "5",
      "AP": "2",
      "Ag": "2"
    },
    "DisplayableDataIds": {
      "rule_149": "(3D3)",
      "rule_9": "(+10 Agi)",
      "rule_241": "(4+)"
    }
  },
  {
    "Id": "statline_387",
    "Name": "Field Artillery",
    "Type": "Statline",
    "Attributes": {
      "Ad": "0",
      "Ma": "4",
      "Di": "9",
      "Hgt": "2"
    },
    "DisplayableDataIds": {
      "rule_196": "",
      "rule_41": "",
      "rule_11": ""
    }
  },
  {
    "Id": "statline_388",
    "Name": "Field Artillery",
    "Type": "Statline",
    "Attributes": {
      "HP": "5",
      "Df": "1",
      "Re": "4",
      "Arm": "2"
    }
  },
  {
    "Id": "statline_389",
    "Name": "Crew",
    "Type": "Statline",
    "Attributes": {
      "At": "3",
      "Of": "4",
      "St": "3",
      "AP": "0",
      "Ag": "2"
    }
  },
  {
    "Id": "statline_390",
    "Name": "Rangers",
    "Type": "Statline",
    "Attributes": {
      "Ad": "3",
      "Ma": "4",
      "Di": "9",
      "Hgt": "1"
    },
    "DisplayableDataIds": {
      "rule_30": "",
      "rule_35": "",
      "rule_3": "",
      "rule_2": "(Forest)"
    }
  },
  {
    "Id": "statline_391",
    "Name": "Rangers",
    "Type": "Statline",
    "Attributes": {
      "HP": "1",
      "Df": "4",
      "Re": "4",
      "Arm": "2"
    },
    "DisplayableDataIds": {
      "rule_27": ""
    }
  },
  {
    "Id": "statline_392",
    "Name": "Ranger",
    "Type": "Statline",
    "Attributes": {
      "At": "1",
      "Of": "4",
      "St": "3",
      "AP": "0",
      "Ag": "2"
    },
    "DisplayableDataIds": {
      "rule_9": "(+1 Str, +1 AP)",
      "rule_48": ""
    }
  },
  {
    "Id": "statline_393",
    "Name": "Forge Wardens",
    "Type": "Statline",
    "Attributes": {
      "Ad": "3",
      "Ma": "4",
      "Di": "9",
      "Hgt": "1"
    },
    "DisplayableDataIds": {
      "rule_3": ""
    }
  },
  {
    "Id": "statline_394",
    "Name": "Forge Wardens",
    "Type": "Statline",
    "Attributes": {
      "HP": "1",
      "Df": "4",
      "Re": "4",
      "Arm": "3"
    },
    "DisplayableDataIds": {
      "rule_142": "(Flaming Attacks)"
    }
  },
  {
    "Id": "statline_395",
    "Name": "Forge Warden",
    "Type": "Statline",
    "Attributes": {
      "At": "1",
      "Of": "4",
      "St": "4",
      "AP": "1",
      "Ag": "2"
    },
    "DisplayableDataIds": {
      "rule_9": "(+1 Str, +1 AP)",
      "rule_242": "(3+)"
    }
  },
  {
    "Id": "statline_396",
    "Name": "Steam Copters",
    "Type": "Statline",
    "Attributes": {
      "Ad": "8",
      "Ma": "8",
      "Di": "9",
      "Hgt": "2"
    },
    "DisplayableDataIds": {
      "rule_44": "",
      "rule_5": "",
      "rule_4": "",
      "rule_11": "",
      "rule_243": ""
    }
  },
  {
    "Id": "statline_397",
    "Name": "Steam Copters",
    "Type": "Statline",
    "Attributes": {
      "HP": "3",
      "Df": "4",
      "Re": "5",
      "Arm": "3"
    }
  },
  {
    "Id": "statline_398",
    "Name": "Crew",
    "Type": "Statline",
    "Attributes": {
      "At": "1",
      "Of": "4",
      "St": "4",
      "AP": "1",
      "Ag": "2"
    },
    "DisplayableDataIds": {
      "rule_32": "",
      "rule_241": "(4+)"
    }
  }
]