[
  {
    "Id": "unit_110",
    "Name": "King",
    "Type": "Unit",
    "Attributes": {
      "height": "Standard"
    },
    "BasicProfileIds": [
      "68357f3e790d8280c4b20006"
    ],
    "DefaultFront": 1,
    "Formation": 1
  },
  {
    "Id": "unit_111",
    "Name": "King on Shield Bearers",
    "Type": "Unit",
    "Attributes": {
      "height": "Standard"
    },
    "BasicProfileIds": [
      "ae8b8657-432d-4387-8eb8-ac492b856eb6"
    ],
    "DefaultFront": 1,
    "Formation": 1
  },
  {
    "Id": "unit_112",
    "Name": "King on War Throne",
    "Type": "Unit",
    "Attributes": {
      "height": "Large"
    },
    "BasicProfileIds": [
      "da4bc9e1-5418-48d9-a7d6-a11644d236d1"
    ],
    "DefaultFront": 1,
    "Formation": 1
  },
  {
    "Id": "unit_113",
    "Name": "Thane",
    "Type": "Unit",
    "Attributes": {
      "height": "Standard"
    },
    "BasicProfileIds": [
      "68357f3e790d8280c4b200b7"
    ],
    "DefaultFront": 1,
    "Formation": 1
  },
  {
    "Id": "unit_114",
    "Name": "Thane on Shield Bearers",
    "Type": "Unit",
    "Attributes": {
      "height": "Standard"
    },
    "BasicProfileIds": [
      "dd537738-5c32-4a1c-9880-eeb3a4d7555b"
    ],
    "DefaultFront": 1,
    "Formation": 1
  },
  {
    "Id": "unit_115",
    "Name": "Dragon Seeker",
    "Type": "Unit",
    "Attributes": {
      "height": "Standard"
    },
    "BasicProfileIds": [
      "68357f3f790d8280c4b20150"
    ],
    "DefaultFront": 1,
    "Formation": 1
  },
  {
    "Id": "unit_116",
    "Name": "Runic Smith",
    "Type": "Unit",
    "Attributes": {
      "height": "Standard"
    },
    "BasicProfileIds": [
      "68357f3f790d8280c4b20169"
    ],
    "DefaultFront": 1,
    "Formation": 1
  },
  {
    "Id": "unit_117",
    "Name": "Engineer",
    "Type": "Unit",
    "Attributes": {
      "height": "Standard"
    },
    "BasicProfileIds": [
      "68357f3f790d8280c4b2019a"
    ],
    "DefaultFront": 1,
    "Formation": 1
  },
  {
    "Id": "unit_118",
    "Name": "Dinaz Betegoz, Master of the Guild of Lorekeepers",
    "Type": "Unit",
    "Attributes": {
      "height": "Standard"
    },
    "BasicProfileIds": [
      "f3e9b1a8d2c4e7b5f9a2d6b1f3d"
    ],
    "DefaultFront": 1,
    "Formation": 1
  },
  {
    "Id": "unit_119",
    "Name": "Tador Berafrig",
    "Type": "Unit",
    "Attributes": {
      "height": "Standard"
    },
    "BasicProfileIds": [
      "f2d8c1b9a6e3f7a4c2d1b9f5d7b"
    ],
    "DefaultFront": 1,
    "Formation": 1
  },
  {
    "Id": "unit_120",
    "Name": "Clan Warriors",
    "Type": "Unit",
    "Attributes": {
      "height": "Standard"
    },
    "BasicProfileIds": [
      "68357f3f790d8280c4b201d3"
    ],
    "DefaultFront": 5,
    "Formation": 1
  },
  {
    "Id": "unit_121",
    "Name": "Greybeards",
    "Type": "Unit",
    "Attributes": {
      "height": "Standard"
    },
    "BasicProfileIds": [
      "68357f3f790d8280c4b20236"
    ],
    "DefaultFront": 5,
    "Formation": 1
  },
  {
    "Id": "unit_122",
    "Name": "Clan Marksmen",
    "Type": "Unit",
    "Attributes": {
      "height": "Standard"
    },
    "BasicProfileIds": [
      "68357f40790d8280c4b20293"
    ],
    "DefaultFront": 5,
    "Formation": 1
  },
  {
    "Id": "unit_123",
    "Name": "Deep Watch",
    "Type": "Unit",
    "Attributes": {
      "height": "Standard"
    },
    "BasicProfileIds": [
      "68357f40790d8280c4b202f0"
    ],
    "DefaultFront": 5,
    "Formation": 1
  },
  {
    "Id": "unit_124",
    "Name": "Anvil of Power",
    "Type": "Unit",
    "Attributes": {
      "height": "Standard"
    },
    "BasicProfileIds": [
      "68357f40790d8280c4b20339"
    ],
    "DefaultFront": 1,
    "Formation": 1
  },
  {
    "Id": "unit_125",
    "Name": "King's Guard",
    "Type": "Unit",
    "Attributes": {
      "height": "Standard"
    },
    "BasicProfileIds": [
      "68357f40790d8280c4b2033d"
    ],
    "DefaultFront": 5,
    "Formation": 1
  },
  {
    "Id": "unit_126",
    "Name": "Miners",
    "Type": "Unit",
    "Attributes": {
      "height": "Standard"
    },
    "BasicProfileIds": [
      "68357f41790d8280c4b20388"
    ],
    "DefaultFront": 5,
    "Formation": 1
  },
  {
    "Id": "unit_127",
    "Name": "Seekers",
    "Type": "Unit",
    "Attributes": {
      "height": "Standard"
    },
    "BasicProfileIds": [
      "68357f41790d8280c4b203b2"
    ],
    "DefaultFront": 5,
    "Formation": 1
  },
  {
    "Id": "unit_128",
    "Name": "Brothers of Vengeance",
    "Type": "Unit",
    "Attributes": {
      "height": "Standard"
    },
    "BasicProfileIds": [
      "68357f41790d8280c4b203d0"
    ],
    "DefaultFront": 5,
    "Formation": 1
  },
  {
    "Id": "unit_129",
    "Name": "Vengeance Seeker",
    "Type": "Unit",
    "Attributes": {
      "height": "Standard"
    },
    "BasicProfileIds": [
      "68357f41790d8280c4b203ec"
    ],
    "DefaultFront": 5,
    "Formation": 1
  },
  {
    "Id": "unit_130",
    "Name": "Hold Guardians",
    "Type": "Unit",
    "Attributes": {
      "height": "Large"
    },
    "BasicProfileIds": [
      "68357f41790d8280c4b203ef"
    ],
    "DefaultFront": 3,
    "Formation": 1
  },
  {
    "Id": "unit_131",
    "Name": "Grudge Buster",
    "Type": "Unit",
    "Attributes": {
      "height": "Large"
    },
    "BasicProfileIds": [
      "68357f42790d8280c4b20438"
    ],
    "DefaultFront": 1,
    "Formation": 1
  },
  {
    "Id": "unit_132",
    "Name": "Field Artillery",
    "Type": "Unit",
    "Attributes": {
      "height": "Standard"
    },
    "BasicProfileIds": [
      "68357f42790d8280c4b20439"
    ],
    "DefaultFront": 1,
    "Formation": 1
  },
  {
    "Id": "unit_133",
    "Name": "Rangers",
    "Type": "Unit",
    "Attributes": {
      "height": "Standard"
    },
    "BasicProfileIds": [
      "68357f42790d8280c4b204c6"
    ],
    "DefaultFront": 5,
    "Formation": 1
  },
  {
    "Id": "unit_134",
    "Name": "Forge Wardens",
    "Type": "Unit",
    "Attributes": {
      "height": "Standard"
    },
    "BasicProfileIds": [
      "68357f42790d8280c4b204f9"
    ],
    "DefaultFront": 5,
    "Formation": 1
  },
  {
    "Id": "unit_135",
    "Name": "Steam Copters",
    "Type": "Unit",
    "Attributes": {
      "height": "Standard"
    },
    "BasicProfileIds": [
      "68357f43790d8280c4b20544"
    ],
    "DefaultFront": 1,
    "Formation": 1
  }
]