[
  {
    "OptionId": "0935a016-e6a4-4b16-a63f-7b574b7bab36",
    "UnitId": "unit_487",
    "NewUnitId": "unit_488"
  },
  {
    "OptionId": "3bea8472-7589-433a-8f4b-cfb7a8bb78f1",
    "UnitId": "unit_487",
    "NewUnitId": "unit_489"
  },
  {
    "OptionId": "0173a441-7cf2-4293-b88a-7a3bfeb498ab",
    "UnitId": "unit_487",
    "NewUnitId": "unit_490"
  },
  {
    "OptionId": "1e83bb97-324b-48b4-ae19-1e7fc3542921",
    "UnitId": "unit_487",
    "NewUnitId": "unit_491"
  },
  {
    "OptionId": "a9090797-378c-43ea-97c8-e91b631ca01f",
    "UnitId": "unit_487",
    "NewUnitId": "unit_492"
  },
  {
    "OptionId": "6e753a75-1a13-42ec-b12f-8d6b9bd424e9",
    "UnitId": "unit_487",
    "NewUnitId": "unit_493"
  },
  {
    "OptionId": "3fb5dcaa-0d68-4328-9082-282a233c2d29",
    "UnitId": "unit_487",
    "NewUnitId": "unit_494"
  },
  {
    "OptionId": "0935a016-e6a4-4b16-a63f-7b574b7bab36",
    "UnitId": "unit_495",
    "NewUnitId": "unit_496"
  },
  {
    "OptionId": "3bea8472-7589-433a-8f4b-cfb7a8bb78f1",
    "UnitId": "unit_495",
    "NewUnitId": "unit_497"
  },
  {
    "OptionId": "0173a441-7cf2-4293-b88a-7a3bfeb498ab",
    "UnitId": "unit_495",
    "NewUnitId": "unit_498"
  },
  {
    "OptionId": "1e83bb97-324b-48b4-ae19-1e7fc3542921",
    "UnitId": "unit_495",
    "NewUnitId": "unit_499"
  },
  {
    "OptionId": "0935a016-e6a4-4b16-a63f-7b574b7bab36",
    "UnitId": "unit_500",
    "NewUnitId": "unit_501"
  },
  {
    "OptionId": "0173a441-7cf2-4293-b88a-7a3bfeb498ab",
    "UnitId": "unit_500",
    "NewUnitId": "unit_502"
  },
  {
    "OptionId": "9e7cc8b1-af28-4346-b9b2-fd92ca8092a9",
    "UnitId": "unit_500",
    "NewUnitId": "unit_503"
  },
  {
    "OptionId": "a9090797-378c-43ea-97c8-e91b631ca01f",
    "UnitId": "unit_500",
    "NewUnitId": "unit_504"
  },
  {
    "OptionId": "0935a016-e6a4-4b16-a63f-7b574b7bab36",
    "UnitId": "unit_505",
    "NewUnitId": "unit_506"
  },
  {
    "OptionId": "3a074005-878f-422e-a475-42dd13ce86ce",
    "UnitId": "unit_510"
  },
  {
    "OptionId": "c9519cd5-2b08-4a2e-9017-51463bfb9821",
    "UnitId": "unit_510"
  },
  {
    "OptionId": "3a074005-878f-422e-a475-42dd13ce86ce",
    "UnitId": "unit_511"
  },
  {
    "OptionId": "c9519cd5-2b08-4a2e-9017-51463bfb9821",
    "UnitId": "unit_511"
  },
  {
    "OptionId": "3a074005-878f-422e-a475-42dd13ce86ce",
    "UnitId": "unit_512"
  },
  {
    "OptionId": "c9519cd5-2b08-4a2e-9017-51463bfb9821",
    "UnitId": "unit_512"
  },
  {
    "OptionId": "3a074005-878f-422e-a475-42dd13ce86ce",
    "UnitId": "unit_515"
  },
  {
    "OptionId": "c9519cd5-2b08-4a2e-9017-51463bfb9821",
    "UnitId": "unit_515"
  },
  {
    "OptionId": "3a074005-878f-422e-a475-42dd13ce86ce",
    "UnitId": "unit_516"
  },
  {
    "OptionId": "c9519cd5-2b08-4a2e-9017-51463bfb9821",
    "UnitId": "unit_516"
  },
  {
    "OptionId": "3a074005-878f-422e-a475-42dd13ce86ce",
    "UnitId": "unit_517"
  },
  {
    "OptionId": "c9519cd5-2b08-4a2e-9017-51463bfb9821",
    "UnitId": "unit_517"
  },
  {
    "OptionId": "3a074005-878f-422e-a475-42dd13ce86ce",
    "UnitId": "unit_527"
  },
  {
    "OptionId": "c9519cd5-2b08-4a2e-9017-51463bfb9821",
    "UnitId": "unit_527"
  },
  {
    "OptionId": "29998dd2-41cc-45d7-879b-fa3562f30c00",
    "UnitId": "unit_515"
  },
  {
    "OptionId": "7a3edb9d-e1d1-472e-a3da-c050f36537e6",
    "UnitId": "unit_515"
  },
  {
    "OptionId": "a974648b-3a89-4c94-8f5c-ad3db30084ce",
    "UnitId": "unit_515"
  },
  {
    "OptionId": "33baffbf-4728-4144-beba-f8c8dc093d73",
    "UnitId": "unit_515"
  },
  {
    "OptionId": "d35a8cfd-ab6e-4b41-ac88-4138e78b207b",
    "UnitId": "unit_505"
  },
  {
    "OptionId": "7a3edb9d-e1d1-472e-a3da-c050f36537e6",
    "UnitId": "unit_505"
  },
  {
    "OptionId": "a974648b-3a89-4c94-8f5c-ad3db30084ce",
    "UnitId": "unit_505"
  },
  {
    "OptionId": "497126bb-8c98-4d2c-9bca-969a356bf329",
    "UnitId": "unit_505"
  },
  {
    "OptionId": "656ba8fb-8d84-4ac0-a847-e11af02d92b1",
    "UnitId": "unit_505"
  },
  {
    "OptionId": "29998dd2-41cc-45d7-879b-fa3562f30c00",
    "UnitId": "unit_516"
  },
  {
    "OptionId": "29998dd2-41cc-45d7-879b-fa3562f30c00",
    "UnitId": "unit_513"
  },
  {
    "OptionId": "29998dd2-41cc-45d7-879b-fa3562f30c00",
    "UnitId": "unit_517"
  },
  {
    "OptionId": "29998dd2-41cc-45d7-879b-fa3562f30c00",
    "UnitId": "unit_512"
  },
  {
    "OptionId": "29998dd2-41cc-45d7-879b-fa3562f30c00",
    "UnitId": "unit_511"
  },
  {
    "OptionId": "a974648b-3a89-4c94-8f5c-ad3db30084ce",
    "UnitId": "unit_511"
  },
  {
    "OptionId": "b4241335-9b4a-4be0-be3b-2dc01b85c72f",
    "UnitId": "unit_511"
  },
  {
    "OptionId": "29998dd2-41cc-45d7-879b-fa3562f30c00",
    "UnitId": "unit_525"
  },
  {
    "OptionId": "7a3edb9d-e1d1-472e-a3da-c050f36537e6",
    "UnitId": "unit_487"
  },
  {
    "OptionId": "a974648b-3a89-4c94-8f5c-ad3db30084ce",
    "UnitId": "unit_487"
  },
  {
    "OptionId": "497126bb-8c98-4d2c-9bca-969a356bf329",
    "UnitId": "unit_487"
  },
  {
    "OptionId": "656ba8fb-8d84-4ac0-a847-e11af02d92b1",
    "UnitId": "unit_487"
  },
  {
    "OptionId": "33baffbf-4728-4144-beba-f8c8dc093d73",
    "UnitId": "unit_487"
  },
  {
    "OptionId": "d35a8cfd-ab6e-4b41-ac88-4138e78b207b",
    "UnitId": "unit_495"
  },
  {
    "OptionId": "7a3edb9d-e1d1-472e-a3da-c050f36537e6",
    "UnitId": "unit_495"
  },
  {
    "OptionId": "a974648b-3a89-4c94-8f5c-ad3db30084ce",
    "UnitId": "unit_495"
  },
  {
    "OptionId": "497126bb-8c98-4d2c-9bca-969a356bf329",
    "UnitId": "unit_495"
  },
  {
    "OptionId": "656ba8fb-8d84-4ac0-a847-e11af02d92b1",
    "UnitId": "unit_495"
  },
  {
    "OptionId": "33baffbf-4728-4144-beba-f8c8dc093d73",
    "UnitId": "unit_495"
  },
  {
    "OptionId": "29998dd2-41cc-45d7-879b-fa3562f30c00",
    "UnitId": "unit_527"
  },
  {
    "OptionId": "29998dd2-41cc-45d7-879b-fa3562f30c00",
    "UnitId": "unit_530"
  },
  {
    "OptionId": "a974648b-3a89-4c94-8f5c-ad3db30084ce",
    "UnitId": "unit_528"
  },
  {
    "OptionId": "656ba8fb-8d84-4ac0-a847-e11af02d92b1",
    "UnitId": "unit_528"
  },
  {
    "OptionId": "29998dd2-41cc-45d7-879b-fa3562f30c00",
    "UnitId": "unit_524"
  }
]