[
  {
    "Id": "0935a016-e6a4-4b16-a63f-7b574b7bab36",
    "Name": "Skeletal Steed",
    "Type": "UnitGlobalChange"
  },
  {
    "Id": "3bea8472-7589-433a-8f4b-cfb7a8bb78f1",
    "Name": "Spectral Steed",
    "Type": "UnitGlobalChange"
  },
  {
    "Id": "0173a441-7cf2-4293-b88a-7a3bfeb498ab",
    "Name": "Monstrous Revenant",
    "Type": "UnitGlobalChange"
  },
  {
    "Id": "1e83bb97-324b-48b4-ae19-1e7fc3542921",
    "Name": "Court of the Damned",
    "Type": "UnitGlobalChange"
  },
  {
    "Id": "a9090797-378c-43ea-97c8-e91b631ca01f",
    "Name": "Zombie Dragon",
    "Type": "UnitGlobalChange"
  },
  {
    "Id": "6e753a75-1a13-42ec-b12f-8d6b9bd424e9",
    "Name": "Shrieking Horror",
    "Type": "UnitGlobalChange"
  },
  {
    "Id": "3fb5dcaa-0d68-4328-9082-282a233c2d29",
    "Name": "Colossal Zombie Dragon",
    "Type": "UnitGlobalChange"
  },
  {
    "Id": "9e7cc8b1-af28-4346-b9b2-fd92ca8092a9",
    "Name": "Cadaver Wagon",
    "Type": "UnitGlobalChange"
  }
]