[
  {
    "Id": "68357f8b790d8280c4b26614",
    "Name": "Vampire Count",
    "Type": "Profile",
    "BaseId": "5",
    "DisplayableDataIds": {
      "statline_1374": "",
      "statline_1375": "",
      "statline_1376": ""
    }
  },
  {
    "Id": "fa697a3b-8c97-41f6-962f-9ef1ffc02a06",
    "Name": "Skeletal Steed",
    "Type": "Profile",
    "BaseId": "4",
    "DisplayableDataIds": {
      "statline_1377": "",
      "statline_1378": "",
      "statline_1379": ""
    }
  },
  {
    "Id": "94ad039b-dd93-4f8b-8565-6f0b276b7c4a",
    "Name": "Spectral Steed",
    "Type": "Profile",
    "BaseId": "4",
    "DisplayableDataIds": {
      "statline_1380": "",
      "statline_1381": "",
      "statline_1382": ""
    }
  },
  {
    "Id": "206cfc11-417f-48f2-9fde-f40029e93149",
    "Name": "Monstrous Revenant",
    "Type": "Profile",
    "BaseId": "6",
    "DisplayableDataIds": {
      "statline_1383": "",
      "statline_1384": "",
      "statline_1385": ""
    }
  },
  {
    "Id": "aa936f8f-8b71-498f-a7e3-7fe4396bb24c",
    "Name": "Paramour (2)",
    "Type": "Profile",
    "BaseId": "9",
    "DisplayableDataIds": {
      "statline_1386": "",
      "statline_1387": "",
      "statline_1388": "",
      "statline_1389": "",
      "statline_7": ""
    }
  },
  {
    "Id": "c97a3879-e522-4dff-8b2c-5577b4c885b2",
    "Name": "Zombie Dragon",
    "Type": "Profile",
    "BaseId": "2",
    "DisplayableDataIds": {
      "statline_1390": "",
      "statline_1391": "",
      "statline_1392": ""
    }
  },
  {
    "Id": "1510e39a-213b-4d51-afa9-a0e93c28700b",
    "Name": "Shrieking Horror",
    "Type": "Profile",
    "BaseId": "14",
    "DisplayableDataIds": {
      "statline_1393": "",
      "statline_1394": "",
      "statline_1395": ""
    }
  },
  {
    "Id": "399a4460-b2e3-41c2-9944-3251a56a0dc5",
    "Name": "Colossal ZD",
    "Type": "Profile",
    "BaseId": "14",
    "DisplayableDataIds": {
      "statline_1396": "",
      "statline_1397": "",
      "statline_1398": ""
    }
  },
  {
    "Id": "68357f8c790d8280c4b26a24",
    "Name": "Vampire Courtier",
    "Type": "Profile",
    "BaseId": "5",
    "DisplayableDataIds": {
      "statline_1399": "",
      "statline_1400": "",
      "statline_1401": ""
    }
  },
  {
    "Id": "34657fff-38c4-4c53-b199-be941b45eca5",
    "Name": "Skeletal Steed",
    "Type": "Profile",
    "BaseId": "4",
    "DisplayableDataIds": {
      "statline_1402": "",
      "statline_1403": "",
      "statline_1379": ""
    }
  },
  {
    "Id": "eeb7b63d-537e-4ad0-b675-fa8a5ea95ee3",
    "Name": "Spectral Steed",
    "Type": "Profile",
    "BaseId": "4",
    "DisplayableDataIds": {
      "statline_1404": "",
      "statline_1405": "",
      "statline_1382": ""
    }
  },
  {
    "Id": "9f43fddd-d6a2-4144-a1f2-a2ec791648a1",
    "Name": "Monstrous Revenant",
    "Type": "Profile",
    "BaseId": "6",
    "DisplayableDataIds": {
      "statline_1406": "",
      "statline_1407": "",
      "statline_1385": ""
    }
  },
  {
    "Id": "b7348151-e871-421f-a584-4ed287dd0321",
    "Name": "Paramour (2)",
    "Type": "Profile",
    "BaseId": "9",
    "DisplayableDataIds": {
      "statline_1408": "",
      "statline_1387": "",
      "statline_1388": "",
      "statline_1389": "",
      "statline_7": ""
    }
  },
  {
    "Id": "68357f8d790d8280c4b26ccc",
    "Name": "Necromancer",
    "Type": "Profile",
    "BaseId": "5",
    "DisplayableDataIds": {
      "statline_1409": "",
      "statline_1410": "",
      "statline_1411": ""
    }
  },
  {
    "Id": "9a1ef4a2-b4f2-46a7-a4c9-5846a8e6b94e",
    "Name": "Skeletal Steed",
    "Type": "Profile",
    "BaseId": "4",
    "DisplayableDataIds": {
      "statline_1412": "",
      "statline_1413": "",
      "statline_1379": ""
    }
  },
  {
    "Id": "eeec692b-711a-4064-a4b7-fb7afda22395",
    "Name": "Monstrous Revenant",
    "Type": "Profile",
    "BaseId": "6",
    "DisplayableDataIds": {
      "statline_1414": "",
      "statline_1415": "",
      "statline_1385": ""
    }
  },
  {
    "Id": "493766de-0023-4109-8396-6995bc45283e",
    "Name": "Shambling Horde (8)",
    "Type": "Profile",
    "BaseId": "9",
    "DisplayableDataIds": {
      "statline_1416": "",
      "statline_1417": "",
      "statline_1418": "",
      "statline_1419": ""
    }
  },
  {
    "Id": "7e0e0aef-04b9-43d2-a9fd-49934ca2bd6e",
    "Name": "Zombie Dragon",
    "Type": "Profile",
    "BaseId": "2",
    "DisplayableDataIds": {
      "statline_1420": "",
      "statline_1391": "",
      "statline_1392": ""
    }
  },
  {
    "Id": "68357f8d790d8280c4b26e16",
    "Name": "Barrow King",
    "Type": "Profile",
    "BaseId": "5",
    "DisplayableDataIds": {
      "statline_1421": "",
      "statline_1422": "",
      "statline_1423": ""
    }
  },
  {
    "Id": "f678c876-4549-408f-8341-4b3c54546072",
    "Name": "Skeletal Steed",
    "Type": "Profile",
    "BaseId": "4",
    "DisplayableDataIds": {
      "statline_1424": "",
      "statline_1425": "",
      "statline_1379": ""
    }
  },
  {
    "Id": "68357f8e790d8280c4b26ed3",
    "Name": "Banshee",
    "Type": "Profile",
    "BaseId": "5",
    "DisplayableDataIds": {
      "statline_1426": "",
      "statline_1427": "",
      "statline_1428": ""
    }
  },
  {
    "Id": "a7b4f3c1e8d9f6a2b7d3c9e5f",
    "Name": "Lady Chryselie",
    "Type": "Profile",
    "BaseId": "5",
    "DisplayableDataIds": {
      "statline_1429": "",
      "statline_1430": "",
      "statline_1431": ""
    }
  },
  {
    "Id": "d3f7b1e9c4a2d8f6e5c9a0b3d",
    "Name": "The Collective of Varyag",
    "Type": "Profile",
    "BaseId": "14",
    "DisplayableDataIds": {
      "statline_1432": "",
      "statline_1433": "",
      "statline_1434": ""
    }
  },
  {
    "Id": "68357f8e790d8280c4b26edf",
    "Name": "Zombies",
    "Type": "Profile",
    "BaseId": "5",
    "DisplayableDataIds": {
      "statline_1435": "",
      "statline_1436": "",
      "statline_1437": ""
    }
  },
  {
    "Id": "68357f8e790d8280c4b26ef7",
    "Name": "Skeletons",
    "Type": "Profile",
    "BaseId": "5",
    "DisplayableDataIds": {
      "statline_1438": "",
      "statline_1439": "",
      "statline_1440": ""
    }
  },
  {
    "Id": "68357f8e790d8280c4b26f30",
    "Name": "Ghouls",
    "Type": "Profile",
    "BaseId": "5",
    "DisplayableDataIds": {
      "statline_1441": "",
      "statline_1442": "",
      "statline_1443": ""
    }
  },
  {
    "Id": "68357f8f790d8280c4b26f4b",
    "Name": "Dire Wolves",
    "Type": "Profile",
    "BaseId": "4",
    "DisplayableDataIds": {
      "statline_1444": "",
      "statline_1445": "",
      "statline_1446": ""
    }
  },
  {
    "Id": "68357f8f790d8280c4b26f50",
    "Name": "Bat Swarms",
    "Type": "Profile",
    "BaseId": "3",
    "DisplayableDataIds": {
      "statline_1447": "",
      "statline_1448": "",
      "statline_1449": ""
    }
  },
  {
    "Id": "68357f8f790d8280c4b26f55",
    "Name": "Barrow Guard",
    "Type": "Profile",
    "BaseId": "5",
    "DisplayableDataIds": {
      "statline_1450": "",
      "statline_1451": "",
      "statline_1452": ""
    }
  },
  {
    "Id": "68357f8f790d8280c4b26f8e",
    "Name": "Barrow Knights",
    "Type": "Profile",
    "BaseId": "4",
    "DisplayableDataIds": {
      "statline_1453": "",
      "statline_1454": "",
      "statline_1455": "",
      "statline_1379": ""
    }
  },
  {
    "Id": "68357f90790d8280c4b26fbb",
    "Name": "Ghasts",
    "Type": "Profile",
    "BaseId": "3",
    "DisplayableDataIds": {
      "statline_1456": "",
      "statline_1457": "",
      "statline_1458": ""
    }
  },
  {
    "Id": "68357f90790d8280c4b26fd3",
    "Name": "Great Bats",
    "Type": "Profile",
    "BaseId": "3",
    "DisplayableDataIds": {
      "statline_1459": "",
      "statline_1460": "",
      "statline_1461": ""
    }
  },
  {
    "Id": "68357f90790d8280c4b26fd6",
    "Name": "Cadaver Wagon",
    "Type": "Profile",
    "BaseId": "9",
    "DisplayableDataIds": {
      "statline_1462": "",
      "statline_1463": "",
      "statline_1464": "",
      "statline_1418": "",
      "statline_1419": ""
    }
  },
  {
    "Id": "68357f90790d8280c4b26fd7",
    "Name": "Court of the Damned",
    "Type": "Profile",
    "BaseId": "9",
    "DisplayableDataIds": {
      "statline_1465": "",
      "statline_1466": "",
      "statline_1467": "",
      "statline_1389": "",
      "statline_7": ""
    }
  },
  {
    "Id": "68357f91790d8280c4b26fd8",
    "Name": "Altar of Undeath",
    "Type": "Profile",
    "BaseId": "2",
    "DisplayableDataIds": {
      "statline_1468": "",
      "statline_1469": "",
      "statline_1470": "",
      "statline_1471": "",
      "statline_7": ""
    }
  },
  {
    "Id": "68357f91790d8280c4b26fd9",
    "Name": "Dark Coach",
    "Type": "Profile",
    "BaseId": "2",
    "DisplayableDataIds": {
      "statline_1472": "",
      "statline_1473": "",
      "statline_1474": "",
      "statline_1389": "",
      "statline_7": ""
    }
  },
  {
    "Id": "68357f91790d8280c4b26fe5",
    "Name": "Phantom Hosts",
    "Type": "Profile",
    "BaseId": "3",
    "DisplayableDataIds": {
      "statline_1475": "",
      "statline_1476": "",
      "statline_1389": ""
    }
  },
  {
    "Id": "68357f91790d8280c4b26fea",
    "Name": "Wraiths",
    "Type": "Profile",
    "BaseId": "5",
    "DisplayableDataIds": {
      "statline_1477": "",
      "statline_1478": "",
      "statline_1479": ""
    }
  },
  {
    "Id": "68357f91790d8280c4b26ff2",
    "Name": "Spectral Hunters",
    "Type": "Profile",
    "BaseId": "4",
    "DisplayableDataIds": {
      "statline_1480": "",
      "statline_1481": "",
      "statline_1482": "",
      "statline_1483": ""
    }
  },
  {
    "Id": "68357f92790d8280c4b26ff8",
    "Name": "Shrieking Horror",
    "Type": "Profile",
    "BaseId": "14",
    "DisplayableDataIds": {
      "statline_1484": "",
      "statline_1394": "",
      "statline_1485": ""
    }
  },
  {
    "Id": "68357f92790d8280c4b26ffb",
    "Name": "Vampire Knights",
    "Type": "Profile",
    "BaseId": "4",
    "DisplayableDataIds": {
      "statline_1486": "",
      "statline_1487": "",
      "statline_1488": "",
      "statline_1489": ""
    }
  },
  {
    "Id": "68357f92790d8280c4b27028",
    "Name": "Winged Reapers",
    "Type": "Profile",
    "BaseId": "7",
    "DisplayableDataIds": {
      "statline_1490": "",
      "statline_1491": "",
      "statline_1492": ""
    }
  },
  {
    "Id": "68357f92790d8280c4b2702d",
    "Name": "Varkolak",
    "Type": "Profile",
    "BaseId": "6",
    "DisplayableDataIds": {
      "statline_1493": "",
      "statline_1494": "",
      "statline_1495": ""
    }
  },
  {
    "Id": "68357f93790d8280c4b27030",
    "Name": "Vampire Spawn",
    "Type": "Profile",
    "BaseId": "3",
    "DisplayableDataIds": {
      "statline_1496": "",
      "statline_1497": "",
      "statline_1498": ""
    }
  }
]