[
  {
    "Id": "statline_1374",
    "Name": "Vampire Count",
    "Type": "Statline",
    "Attributes": {
      "Ad": "6",
      "Ma": "6",
      "Di": "9",
      "Hgt": "1"
    },
    "DisplayableDataIds": {
      "rule_1854": "(1)",
      "rule_474": "",
      "rule_42": "",
      "rule_492": "(Zombies)",
      "rule_493": "",
      "rule_21": "",
      "rule_4": "",
      "rule_112": ""
    }
  },
  {
    "Id": "statline_1375",
    "Name": "Vampire Count",
    "Type": "Statline",
    "Attributes": {
      "HP": "3",
      "Df": "7",
      "Re": "5",
      "Arm": "2"
    }
  },
  {
    "Id": "statline_1376",
    "Name": "Vampire Count",
    "Type": "Statline",
    "Attributes": {
      "At": "5",
      "Of": "7",
      "St": "5",
      "AP": "2",
      "Ag": "7"
    },
    "DisplayableDataIds": {
      "rule_495": "(6+)"
    }
  },
  {
    "Id": "statline_1377",
    "Name": "Skeletal Steed",
    "Type": "Statline",
    "Attributes": {
      "Ad": "8",
      "Ma": "8",
      "Di": "9",
      "Hgt": "2"
    },
    "DisplayableDataIds": {
      "rule_1854": "(1)",
      "rule_474": "",
      "rule_42": "",
      "rule_492": "(Zombies)",
      "rule_493": "",
      "rule_21": "",
      "rule_325": "",
      "rule_5": "",
      "rule_4": "",
      "rule_112": ""
    }
  },
  {
    "Id": "statline_1378",
    "Name": "Skeletal Steed",
    "Type": "Statline",
    "Attributes": {
      "HP": "3",
      "Df": "7",
      "Re": "5",
      "Arm": "4"
    }
  },
  {
    "Id": "statline_1379",
    "Name": "Skeletal Steed",
    "Type": "Statline",
    "Attributes": {
      "At": "1",
      "Of": "2",
      "St": "3",
      "AP": "0",
      "Ag": "2"
    },
    "DisplayableDataIds": {
      "rule_134": ""
    }
  },
  {
    "Id": "statline_1380",
    "Name": "Spectral Steed",
    "Type": "Statline",
    "Attributes": {
      "Ad": "8",
      "Ma": "8",
      "Di": "9",
      "Hgt": "2"
    },
    "DisplayableDataIds": {
      "rule_1854": "(1)",
      "rule_474": "",
      "rule_42": "",
      "rule_492": "(Zombies)",
      "rule_493": "",
      "rule_21": "",
      "rule_325": "",
      "rule_44": "",
      "rule_4": "",
      "rule_5": "",
      "rule_112": ""
    }
  },
  {
    "Id": "statline_1381",
    "Name": "Spectral Steed",
    "Type": "Statline",
    "Attributes": {
      "HP": "3",
      "Df": "7",
      "Re": "5",
      "Arm": "3"
    }
  },
  {
    "Id": "statline_1382",
    "Name": "Spectral Steed",
    "Type": "Statline",
    "Attributes": {
      "At": "1",
      "Of": "2",
      "St": "3",
      "AP": "0",
      "Ag": "2"
    },
    "DisplayableDataIds": {
      "rule_134": ""
    }
  },
  {
    "Id": "statline_1383",
    "Name": "Monstrous Revenant",
    "Type": "Statline",
    "Attributes": {
      "Ad": "8",
      "Ma": "8",
      "Di": "9",
      "Hgt": "4"
    },
    "DisplayableDataIds": {
      "rule_1854": "(1)",
      "rule_474": "",
      "rule_42": "",
      "rule_492": "(Zombies)",
      "rule_493": "",
      "rule_21": "",
      "rule_44": "",
      "rule_5": "",
      "rule_4": "",
      "rule_11": "",
      "rule_112": ""
    }
  },
  {
    "Id": "statline_1384",
    "Name": "Monstrous Revenant",
    "Type": "Statline",
    "Attributes": {
      "HP": "5",
      "Df": "7",
      "Re": "5",
      "Arm": "4"
    }
  },
  {
    "Id": "statline_1385",
    "Name": "Monstrous Revenant",
    "Type": "Statline",
    "Attributes": {
      "At": "4",
      "Of": "4",
      "St": "5",
      "AP": "2",
      "Ag": "2"
    },
    "DisplayableDataIds": {
      "rule_55": "",
      "rule_52": "",
      "rule_46": "(1)"
    }
  },
  {
    "Id": "statline_1386",
    "Name": "Paramour (2)",
    "Type": "Statline",
    "Attributes": {
      "Ad": "4",
      "Ma": "4",
      "Di": "9",
      "Hgt": "4"
    },
    "DisplayableDataIds": {
      "rule_1854": "(1)",
      "rule_474": "",
      "rule_42": "",
      "rule_492": "(Zombies)",
      "rule_493": "",
      "rule_21": "",
      "rule_154": "",
      "rule_18": "",
      "rule_325": "",
      "rule_105": "",
      "rule_494": "",
      "rule_4": "",
      "rule_112": ""
    }
  },
  {
    "Id": "statline_1387",
    "Name": "Paramour (2)",
    "Type": "Statline",
    "Attributes": {
      "HP": "5",
      "Df": "5",
      "Re": "5",
      "Arm": "2"
    },
    "DisplayableDataIds": {
      "rule_51": "(5+)"
    }
  },
  {
    "Id": "statline_1388",
    "Name": "Paramour (2)",
    "Type": "Statline",
    "Attributes": {
      "At": "2",
      "Of": "5",
      "St": "5",
      "AP": "2",
      "Ag": "5"
    },
    "DisplayableDataIds": {
      "rule_495": "(6+)"
    }
  },
  {
    "Id": "statline_1389",
    "Name": "Phantom Host",
    "Type": "Statline",
    "Attributes": {
      "At": "6",
      "Of": "2",
      "St": "2",
      "AP": "1",
      "Ag": "2"
    },
    "DisplayableDataIds": {
      "rule_134": ""
    }
  },
  {
    "Id": "statline_1390",
    "Name": "Zombie Dragon",
    "Type": "Statline",
    "Attributes": {
      "Ad": "7",
      "Ma": "7",
      "Di": "9",
      "Hgt": "5"
    },
    "DisplayableDataIds": {
      "rule_1854": "(1)",
      "rule_474": "",
      "rule_42": "",
      "rule_492": "(Zombies)",
      "rule_493": "",
      "rule_21": "",
      "rule_44": "",
      "rule_496": "",
      "rule_5": "",
      "rule_45": "",
      "rule_11": "",
      "rule_4": "",
      "rule_112": ""
    }
  },
  {
    "Id": "statline_1391",
    "Name": "Zombie Dragon",
    "Type": "Statline",
    "Attributes": {
      "HP": "7",
      "Df": "4",
      "Re": "6",
      "Arm": "3"
    },
    "DisplayableDataIds": {
      "rule_121": "(1)"
    }
  },
  {
    "Id": "statline_1392",
    "Name": "Zombie Dragon",
    "Type": "Statline",
    "Attributes": {
      "At": "6",
      "Of": "4",
      "St": "6",
      "AP": "3",
      "Ag": "2"
    },
    "DisplayableDataIds": {
      "rule_56": "(Str3, AP2)",
      "rule_46": "(D6)"
    }
  },
  {
    "Id": "statline_1393",
    "Name": "Shrieking Horror",
    "Type": "Statline",
    "Attributes": {
      "Ad": "8",
      "Ma": "8",
      "Di": "9",
      "Hgt": "5"
    },
    "DisplayableDataIds": {
      "rule_1854": "(1)",
      "rule_474": "",
      "rule_42": "",
      "rule_492": "(Zombies)",
      "rule_493": "",
      "rule_21": "",
      "rule_44": "",
      "rule_4": "",
      "rule_5": "",
      "rule_45": "",
      "rule_11": "",
      "rule_112": ""
    }
  },
  {
    "Id": "statline_1394",
    "Name": "Shrieking Horror",
    "Type": "Statline",
    "Attributes": {
      "HP": "7",
      "Df": "4",
      "Re": "6",
      "Arm": "0"
    },
    "DisplayableDataIds": {
      "rule_109": "(5+)"
    }
  },
  {
    "Id": "statline_1395",
    "Name": "Shrieking Horror",
    "Type": "Statline",
    "Attributes": {
      "At": "4",
      "Of": "4",
      "St": "5",
      "AP": "2",
      "Ag": "2"
    },
    "DisplayableDataIds": {
      "rule_497": "",
      "rule_498": ""
    }
  },
  {
    "Id": "statline_1396",
    "Name": "Colossal ZD",
    "Type": "Statline",
    "Attributes": {
      "Ad": "7",
      "Ma": "7",
      "Di": "9",
      "Hgt": "5"
    },
    "DisplayableDataIds": {
      "rule_1854": "(1)",
      "rule_474": "",
      "rule_42": "",
      "rule_492": "(Zombies)",
      "rule_493": "",
      "rule_21": "",
      "rule_44": "",
      "rule_496": "",
      "rule_5": "",
      "rule_45": "",
      "rule_11": "",
      "rule_4": "",
      "rule_112": ""
    }
  },
  {
    "Id": "statline_1397",
    "Name": "Colossal ZD",
    "Type": "Statline",
    "Attributes": {
      "HP": "8",
      "Df": "5",
      "Re": "6",
      "Arm": "3"
    },
    "DisplayableDataIds": {
      "rule_121": "(1)"
    }
  },
  {
    "Id": "statline_1398",
    "Name": "Colossal ZD",
    "Type": "Statline",
    "Attributes": {
      "At": "6",
      "Of": "5",
      "St": "7",
      "AP": "4",
      "Ag": "2"
    },
    "DisplayableDataIds": {
      "rule_56": "(Str3, AP2)",
      "rule_46": "(D6)"
    }
  },
  {
    "Id": "statline_1399",
    "Name": "Vampire Courtier",
    "Type": "Statline",
    "Attributes": {
      "Ad": "6",
      "Ma": "6",
      "Di": "8",
      "Hgt": "1"
    },
    "DisplayableDataIds": {
      "rule_1854": "(1)",
      "rule_474": "",
      "rule_42": "",
      "rule_492": "(Zombies)",
      "rule_493": "",
      "rule_21": "",
      "rule_4": ""
    }
  },
  {
    "Id": "statline_1400",
    "Name": "Vampire Courtier",
    "Type": "Statline",
    "Attributes": {
      "HP": "3",
      "Df": "6",
      "Re": "4",
      "Arm": "2"
    }
  },
  {
    "Id": "statline_1401",
    "Name": "Vampire Courtier",
    "Type": "Statline",
    "Attributes": {
      "At": "4",
      "Of": "6",
      "St": "5",
      "AP": "2",
      "Ag": "6"
    },
    "DisplayableDataIds": {
      "rule_495": "(6+)"
    }
  },
  {
    "Id": "statline_1402",
    "Name": "Skeletal Steed",
    "Type": "Statline",
    "Attributes": {
      "Ad": "8",
      "Ma": "8",
      "Di": "8",
      "Hgt": "2"
    },
    "DisplayableDataIds": {
      "rule_1854": "(1)",
      "rule_474": "",
      "rule_42": "",
      "rule_492": "(Zombies)",
      "rule_493": "",
      "rule_21": "",
      "rule_325": "",
      "rule_5": "",
      "rule_4": ""
    }
  },
  {
    "Id": "statline_1403",
    "Name": "Skeletal Steed",
    "Type": "Statline",
    "Attributes": {
      "HP": "3",
      "Df": "6",
      "Re": "4",
      "Arm": "4"
    }
  },
  {
    "Id": "statline_1404",
    "Name": "Spectral Steed",
    "Type": "Statline",
    "Attributes": {
      "Ad": "8",
      "Ma": "8",
      "Di": "8",
      "Hgt": "2"
    },
    "DisplayableDataIds": {
      "rule_1854": "(1)",
      "rule_474": "",
      "rule_42": "",
      "rule_492": "(Zombies)",
      "rule_493": "",
      "rule_21": "",
      "rule_325": "",
      "rule_44": "",
      "rule_4": "",
      "rule_5": ""
    }
  },
  {
    "Id": "statline_1405",
    "Name": "Spectral Steed",
    "Type": "Statline",
    "Attributes": {
      "HP": "3",
      "Df": "6",
      "Re": "4",
      "Arm": "3"
    }
  },
  {
    "Id": "statline_1406",
    "Name": "Monstrous Revenant",
    "Type": "Statline",
    "Attributes": {
      "Ad": "8",
      "Ma": "8",
      "Di": "8",
      "Hgt": "4"
    },
    "DisplayableDataIds": {
      "rule_1854": "(1)",
      "rule_474": "",
      "rule_42": "",
      "rule_492": "(Zombies)",
      "rule_493": "",
      "rule_21": "",
      "rule_44": "",
      "rule_5": "",
      "rule_4": "",
      "rule_11": ""
    }
  },
  {
    "Id": "statline_1407",
    "Name": "Monstrous Revenant",
    "Type": "Statline",
    "Attributes": {
      "HP": "5",
      "Df": "6",
      "Re": "5",
      "Arm": "4"
    }
  },
  {
    "Id": "statline_1408",
    "Name": "Paramour (2)",
    "Type": "Statline",
    "Attributes": {
      "Ad": "4",
      "Ma": "4",
      "Di": "8",
      "Hgt": "4"
    },
    "DisplayableDataIds": {
      "rule_1854": "(1)",
      "rule_474": "",
      "rule_42": "",
      "rule_492": "(Zombies)",
      "rule_493": "",
      "rule_21": "",
      "rule_154": "",
      "rule_18": "",
      "rule_325": "",
      "rule_105": "",
      "rule_494": "",
      "rule_4": ""
    }
  },
  {
    "Id": "statline_1409",
    "Name": "Necromancer",
    "Type": "Statline",
    "Attributes": {
      "Ad": "4",
      "Ma": "4",
      "Di": "7",
      "Hgt": "1"
    },
    "DisplayableDataIds": {
      "rule_1854": "(1)",
      "rule_474": "",
      "rule_42": "",
      "rule_499": "",
      "rule_492": "(Skeletons, Zombies)",
      "rule_21": "",
      "rule_4": "",
      "rule_20": ""
    }
  },
  {
    "Id": "statline_1410",
    "Name": "Necromancer",
    "Type": "Statline",
    "Attributes": {
      "HP": "3",
      "Df": "3",
      "Re": "3",
      "Arm": "0"
    }
  },
  {
    "Id": "statline_1411",
    "Name": "Necromancer",
    "Type": "Statline",
    "Attributes": {
      "At": "1",
      "Of": "3",
      "St": "3",
      "AP": "0",
      "Ag": "3"
    }
  },
  {
    "Id": "statline_1412",
    "Name": "Skeletal Steed",
    "Type": "Statline",
    "Attributes": {
      "Ad": "8",
      "Ma": "8",
      "Di": "7",
      "Hgt": "2"
    },
    "DisplayableDataIds": {
      "rule_1854": "(1)",
      "rule_474": "",
      "rule_42": "",
      "rule_499": "",
      "rule_492": "(Skeletons, Zombies)",
      "rule_21": "",
      "rule_325": "",
      "rule_5": "",
      "rule_4": "",
      "rule_20": ""
    }
  },
  {
    "Id": "statline_1413",
    "Name": "Skeletal Steed",
    "Type": "Statline",
    "Attributes": {
      "HP": "3",
      "Df": "3",
      "Re": "3",
      "Arm": "2"
    }
  },
  {
    "Id": "statline_1414",
    "Name": "Monstrous Revenant",
    "Type": "Statline",
    "Attributes": {
      "Ad": "8",
      "Ma": "8",
      "Di": "7",
      "Hgt": "4"
    },
    "DisplayableDataIds": {
      "rule_1854": "(1)",
      "rule_474": "",
      "rule_42": "",
      "rule_499": "",
      "rule_492": "(Skeletons, Zombies)",
      "rule_21": "",
      "rule_44": "",
      "rule_5": "",
      "rule_4": "",
      "rule_11": "",
      "rule_20": ""
    }
  },
  {
    "Id": "statline_1415",
    "Name": "Monstrous Revenant",
    "Type": "Statline",
    "Attributes": {
      "HP": "5",
      "Df": "3",
      "Re": "5",
      "Arm": "4"
    }
  },
  {
    "Id": "statline_1416",
    "Name": "Shambling Horde (8)",
    "Type": "Statline",
    "Attributes": {
      "Ad": "0",
      "Ma": "4",
      "Di": "7",
      "Hgt": "4"
    },
    "DisplayableDataIds": {
      "rule_1854": "(1)",
      "rule_474": "",
      "rule_42": "",
      "rule_499": "",
      "rule_492": "(Skeletons, Zombies)",
      "rule_21": "",
      "rule_105": "",
      "rule_500": "",
      "rule_501": "",
      "rule_502": "",
      "rule_4": "",
      "rule_20": ""
    }
  },
  {
    "Id": "statline_1417",
    "Name": "Shambling Horde (8)",
    "Type": "Statline",
    "Attributes": {
      "HP": "4",
      "Df": "3",
      "Re": "4",
      "Arm": "2"
    },
    "DisplayableDataIds": {
      "rule_109": "(4+)"
    }
  },
  {
    "Id": "statline_1418",
    "Name": "Shambling Horde (8)",
    "Type": "Statline",
    "Attributes": {
      "At": "1",
      "Of": "1",
      "St": "3",
      "AP": "0",
      "Ag": "1"
    }
  },
  {
    "Id": "statline_1419",
    "Name": "Chassis",
    "Type": "Statline",
    "Attributes": {
      "At": null,
      "Of": null,
      "St": "4",
      "AP": "1",
      "Ag": null
    },
    "DisplayableDataIds": {
      "rule_10": "(1)"
    }
  },
  {
    "Id": "statline_1420",
    "Name": "Zombie Dragon",
    "Type": "Statline",
    "Attributes": {
      "Ad": "7",
      "Ma": "7",
      "Di": "7",
      "Hgt": "5"
    },
    "DisplayableDataIds": {
      "rule_1854": "(1)",
      "rule_474": "",
      "rule_42": "",
      "rule_499": "",
      "rule_492": "(Skeletons, Zombies)",
      "rule_21": "",
      "rule_44": "",
      "rule_496": "",
      "rule_5": "",
      "rule_45": "",
      "rule_11": "",
      "rule_4": "",
      "rule_20": ""
    }
  },
  {
    "Id": "statline_1421",
    "Name": "Barrow King",
    "Type": "Statline",
    "Attributes": {
      "Ad": "4",
      "Ma": "4",
      "Di": "8",
      "Hgt": "1"
    },
    "DisplayableDataIds": {
      "rule_1854": "(1)",
      "rule_474": "",
      "rule_42": "",
      "rule_3": "",
      "rule_21": "",
      "rule_231": "",
      "rule_18": "",
      "rule_17": "",
      "rule_4": ""
    }
  },
  {
    "Id": "statline_1422",
    "Name": "Barrow King",
    "Type": "Statline",
    "Attributes": {
      "HP": "3",
      "Df": "5",
      "Re": "5",
      "Arm": "2"
    },
    "DisplayableDataIds": {
      "rule_27": ""
    }
  },
  {
    "Id": "statline_1423",
    "Name": "Barrow King",
    "Type": "Statline",
    "Attributes": {
      "At": "3",
      "Of": "5",
      "St": "4",
      "AP": "1",
      "Ag": "4"
    },
    "DisplayableDataIds": {
      "rule_134": "",
      "rule_52": "",
      "rule_146": "(2, towards Height 1--2)"
    }
  },
  {
    "Id": "statline_1424",
    "Name": "Skeletal Steed",
    "Type": "Statline",
    "Attributes": {
      "Ad": "8",
      "Ma": "8",
      "Di": "8",
      "Hgt": "2"
    },
    "DisplayableDataIds": {
      "rule_1854": "(1)",
      "rule_474": "",
      "rule_42": "",
      "rule_3": "",
      "rule_21": "",
      "rule_231": "",
      "rule_18": "",
      "rule_325": "",
      "rule_5": "",
      "rule_17": "",
      "rule_4": ""
    }
  },
  {
    "Id": "statline_1425",
    "Name": "Skeletal Steed",
    "Type": "Statline",
    "Attributes": {
      "HP": "3",
      "Df": "5",
      "Re": "5",
      "Arm": "5"
    },
    "DisplayableDataIds": {
      "rule_27": ""
    }
  },
  {
    "Id": "statline_1426",
    "Name": "Banshee",
    "Type": "Statline",
    "Attributes": {
      "Ad": "6",
      "Ma": "6",
      "Di": "5",
      "Hgt": "1"
    },
    "DisplayableDataIds": {
      "rule_1854": "(1)",
      "rule_474": "",
      "rule_42": "",
      "rule_44": "",
      "rule_154": "",
      "rule_4": "",
      "rule_21": "",
      "rule_325": ""
    }
  },
  {
    "Id": "statline_1427",
    "Name": "Banshee",
    "Type": "Statline",
    "Attributes": {
      "HP": "3",
      "Df": "3",
      "Re": "3",
      "Arm": "0"
    },
    "DisplayableDataIds": {
      "rule_504": ""
    }
  },
  {
    "Id": "statline_1428",
    "Name": "Banshee",
    "Type": "Statline",
    "Attributes": {
      "At": "1",
      "Of": "3",
      "St": "4",
      "AP": "4",
      "Ag": "3"
    },
    "DisplayableDataIds": {
      "rule_503": "",
      "rule_149": "(D3+1, Str 4, AP 1, Magical Attacks, Unmodifiable)"
    }
  },
  {
    "Id": "statline_1429",
    "Name": "Lady Chryselie",
    "Type": "Statline",
    "Attributes": {
      "Ad": "6",
      "Ma": "6",
      "Di": "8",
      "Hgt": "1"
    },
    "DisplayableDataIds": {
      "rule_1854": "(1)",
      "rule_493": "",
      "rule_21": "",
      "rule_499": "",
      "rule_430": "",
      "rule_1015": "",
      "rule_1013": "",
      "rule_474": "",
      "rule_42": ""
    }
  },
  {
    "Id": "statline_1430",
    "Name": "Lady Chryselie",
    "Type": "Statline",
    "Attributes": {
      "HP": "3",
      "Df": "6",
      "Re": "4",
      "Arm": "2"
    },
    "DisplayableDataIds": {
      "rule_121": "(1)"
    }
  },
  {
    "Id": "statline_1431",
    "Name": "Lady Chryselie",
    "Type": "Statline",
    "Attributes": {
      "At": "4",
      "Of": "6",
      "St": "5",
      "AP": "2",
      "Ag": "6"
    },
    "DisplayableDataIds": {
      "rule_1051": "",
      "rule_506": "",
      "rule_1055": ""
    }
  },
  {
    "Id": "statline_1432",
    "Name": "The Collective of Varyag",
    "Type": "Statline",
    "Attributes": {
      "Ad": "7",
      "Ma": "7",
      "Di": "8",
      "Hgt": "1"
    },
    "DisplayableDataIds": {
      "rule_1854": "(1)",
      "rule_493": "",
      "rule_492": "(Skeletons, Zombies)",
      "rule_1052": "",
      "rule_1053": "",
      "rule_21": "",
      "rule_499": "",
      "rule_154": "",
      "rule_11": "",
      "rule_45": "",
      "rule_474": "",
      "rule_42": "",
      "rule_147": "(Evocation)"
    }
  },
  {
    "Id": "statline_1433",
    "Name": "The Collective of Varyag",
    "Type": "Statline",
    "Attributes": {
      "HP": "8",
      "Df": "3",
      "Re": "5",
      "Arm": "1"
    },
    "DisplayableDataIds": {
      "rule_109": "(4+)"
    }
  },
  {
    "Id": "statline_1434",
    "Name": "The Collective of Varyag",
    "Type": "Statline",
    "Attributes": {
      "At": "",
      "Of": "4",
      "St": "4",
      "AP": "1",
      "Ag": "4"
    },
    "DisplayableDataIds": {
      "rule_46": "(D6 hits)",
      "rule_1054": ""
    }
  },
  {
    "Id": "statline_1435",
    "Name": "Zombies",
    "Type": "Statline",
    "Attributes": {
      "Ad": "4",
      "Ma": "4",
      "Di": "2",
      "Hgt": "1"
    },
    "DisplayableDataIds": {
      "rule_1854": "(2D6+4)",
      "rule_474": "",
      "rule_42": "",
      "rule_505": "",
      "rule_21": "",
      "rule_363": ""
    }
  },
  {
    "Id": "statline_1436",
    "Name": "Zombies",
    "Type": "Statline",
    "Attributes": {
      "HP": "1",
      "Df": "1",
      "Re": "3",
      "Arm": "0"
    }
  },
  {
    "Id": "statline_1437",
    "Name": "Zombie",
    "Type": "Statline",
    "Attributes": {
      "At": "1",
      "Of": "1",
      "St": "3",
      "AP": "0",
      "Ag": "1"
    }
  },
  {
    "Id": "statline_1438",
    "Name": "Skeletons",
    "Type": "Statline",
    "Attributes": {
      "Ad": "4",
      "Ma": "4",
      "Di": "4",
      "Hgt": "1"
    },
    "DisplayableDataIds": {
      "rule_1854": "(D6+4)",
      "rule_474": "",
      "rule_42": "",
      "rule_505": "",
      "rule_21": ""
    }
  },
  {
    "Id": "statline_1439",
    "Name": "Skeletons",
    "Type": "Statline",
    "Attributes": {
      "HP": "1",
      "Df": "2",
      "Re": "3",
      "Arm": "1"
    }
  },
  {
    "Id": "statline_1440",
    "Name": "Skeleton",
    "Type": "Statline",
    "Attributes": {
      "At": "1",
      "Of": "2",
      "St": "3",
      "AP": "0",
      "Ag": "2"
    }
  },
  {
    "Id": "statline_1441",
    "Name": "Ghouls",
    "Type": "Statline",
    "Attributes": {
      "Ad": "4",
      "Ma": "4",
      "Di": "6",
      "Hgt": "1"
    },
    "DisplayableDataIds": {
      "rule_1854": "(D6+4)",
      "rule_474": "",
      "rule_42": "",
      "rule_505": "",
      "rule_24": "",
      "rule_21": ""
    }
  },
  {
    "Id": "statline_1442",
    "Name": "Ghouls",
    "Type": "Statline",
    "Attributes": {
      "HP": "1",
      "Df": "3",
      "Re": "4",
      "Arm": "0"
    }
  },
  {
    "Id": "statline_1443",
    "Name": "Ghoul",
    "Type": "Statline",
    "Attributes": {
      "At": "2",
      "Of": "3",
      "St": "3",
      "AP": "0",
      "Ag": "4"
    },
    "DisplayableDataIds": {
      "rule_55": "",
      "rule_506": "",
      "rule_120": "(2)"
    }
  },
  {
    "Id": "statline_1444",
    "Name": "Dire Wolves",
    "Type": "Statline",
    "Attributes": {
      "Ad": "9",
      "Ma": "9",
      "Di": "3",
      "Hgt": "1"
    },
    "DisplayableDataIds": {
      "rule_1854": "(D3+4)",
      "rule_474": "",
      "rule_42": "",
      "rule_505": "",
      "rule_35": "",
      "rule_21": "",
      "rule_5": "",
      "rule_363": "",
      "rule_11": "",
      "rule_24": ""
    }
  },
  {
    "Id": "statline_1445",
    "Name": "Dire Wolves",
    "Type": "Statline",
    "Attributes": {
      "HP": "1",
      "Df": "3",
      "Re": "3",
      "Arm": "0"
    }
  },
  {
    "Id": "statline_1446",
    "Name": "Dire Wolf",
    "Type": "Statline",
    "Attributes": {
      "At": "2",
      "Of": "3",
      "St": "3",
      "AP": "1",
      "Ag": "3"
    },
    "DisplayableDataIds": {
      "rule_9": "(+1 Str, +1 AP)",
      "rule_120": "(2)"
    }
  },
  {
    "Id": "statline_1447",
    "Name": "Bat Swarms",
    "Type": "Statline",
    "Attributes": {
      "Ad": "6",
      "Ma": "6",
      "Di": "4",
      "Hgt": "0"
    },
    "DisplayableDataIds": {
      "rule_1854": "(D6+4)",
      "rule_474": "",
      "rule_42": "",
      "rule_505": "",
      "rule_188": "(-2 Off)",
      "rule_21": "",
      "rule_44": "",
      "rule_5": "",
      "rule_28": "",
      "rule_4": "",
      "rule_11": "",
      "rule_24": ""
    }
  },
  {
    "Id": "statline_1448",
    "Name": "Bat Swarms",
    "Type": "Statline",
    "Attributes": {
      "HP": "5",
      "Df": "2",
      "Re": "2",
      "Arm": "0"
    },
    "DisplayableDataIds": {
      "rule_121": "(1)",
      "rule_29": "(1)"
    }
  },
  {
    "Id": "statline_1449",
    "Name": "Bat Swarm",
    "Type": "Statline",
    "Attributes": {
      "At": "6",
      "Of": "2",
      "St": "2",
      "AP": "1",
      "Ag": "2"
    }
  },
  {
    "Id": "statline_1450",
    "Name": "Barrow Guard",
    "Type": "Statline",
    "Attributes": {
      "Ad": "4",
      "Ma": "4",
      "Di": "7",
      "Hgt": "1"
    },
    "DisplayableDataIds": {
      "rule_1854": "(D3+4)",
      "rule_474": "",
      "rule_42": "",
      "rule_505": "",
      "rule_21": "",
      "rule_231": "",
      "rule_36": "(General, Barrow King)"
    }
  },
  {
    "Id": "statline_1451",
    "Name": "Barrow Guard",
    "Type": "Statline",
    "Attributes": {
      "HP": "1",
      "Df": "3",
      "Re": "4",
      "Arm": "2"
    }
  },
  {
    "Id": "statline_1452",
    "Name": "Barrow Guard",
    "Type": "Statline",
    "Attributes": {
      "At": "1",
      "Of": "3",
      "St": "4",
      "AP": "1",
      "Ag": "3"
    },
    "DisplayableDataIds": {
      "rule_134": "",
      "rule_52": "",
      "rule_146": "(2, towards Height 1--2)"
    }
  },
  {
    "Id": "statline_1453",
    "Name": "Barrow Knights",
    "Type": "Statline",
    "Attributes": {
      "Ad": "8",
      "Ma": "8",
      "Di": "7",
      "Hgt": "2"
    },
    "DisplayableDataIds": {
      "rule_1854": "(D3+2)",
      "rule_474": "",
      "rule_42": "",
      "rule_505": "",
      "rule_21": "",
      "rule_325": "",
      "rule_231": "",
      "rule_5": "",
      "rule_36": "(General, Barrow King)"
    }
  },
  {
    "Id": "statline_1454",
    "Name": "Barrow Knights",
    "Type": "Statline",
    "Attributes": {
      "HP": "1",
      "Df": "3",
      "Re": "4",
      "Arm": "4"
    },
    "DisplayableDataIds": {
      "rule_27": ""
    }
  },
  {
    "Id": "statline_1455",
    "Name": "Barrow Knight",
    "Type": "Statline",
    "Attributes": {
      "At": "1",
      "Of": "3",
      "St": "4",
      "AP": "1",
      "Ag": "3"
    },
    "DisplayableDataIds": {
      "rule_134": "",
      "rule_52": "",
      "rule_146": "(2, towards Height 1--2)",
      "rule_278": ""
    }
  },
  {
    "Id": "statline_1456",
    "Name": "Ghasts",
    "Type": "Statline",
    "Attributes": {
      "Ad": "6",
      "Ma": "6",
      "Di": "6",
      "Hgt": "3"
    },
    "DisplayableDataIds": {
      "rule_1854": "(D3+1)",
      "rule_474": "",
      "rule_42": "",
      "rule_505": "",
      "rule_21": ""
    }
  },
  {
    "Id": "statline_1457",
    "Name": "Ghasts",
    "Type": "Statline",
    "Attributes": {
      "HP": "3",
      "Df": "3",
      "Re": "5",
      "Arm": "0"
    },
    "DisplayableDataIds": {
      "rule_109": "(5+)"
    }
  },
  {
    "Id": "statline_1458",
    "Name": "Ghast",
    "Type": "Statline",
    "Attributes": {
      "At": "3",
      "Of": "3",
      "St": "4",
      "AP": "1",
      "Ag": "2"
    },
    "DisplayableDataIds": {
      "rule_55": "",
      "rule_506": ""
    }
  },
  {
    "Id": "statline_1459",
    "Name": "Great Bats",
    "Type": "Statline",
    "Attributes": {
      "Ad": "9",
      "Ma": "9",
      "Di": "5",
      "Hgt": "1"
    },
    "DisplayableDataIds": {
      "rule_1854": "(D6+4)",
      "rule_474": "",
      "rule_42": "",
      "rule_505": "",
      "rule_44": "",
      "rule_28": "",
      "rule_4": "",
      "rule_21": "",
      "rule_5": "",
      "rule_363": "",
      "rule_11": "",
      "rule_24": ""
    }
  },
  {
    "Id": "statline_1460",
    "Name": "Great Bats",
    "Type": "Statline",
    "Attributes": {
      "HP": "2",
      "Df": "3",
      "Re": "3",
      "Arm": "0"
    },
    "DisplayableDataIds": {
      "rule_29": "(1)"
    }
  },
  {
    "Id": "statline_1461",
    "Name": "Great Bat",
    "Type": "Statline",
    "Attributes": {
      "At": "2",
      "Of": "3",
      "St": "3",
      "AP": "0",
      "Ag": "3"
    }
  },
  {
    "Id": "statline_1462",
    "Name": "Cadaver Wagon",
    "Type": "Statline",
    "Attributes": {
      "Ad": "0",
      "Ma": "4",
      "Di": "7",
      "Hgt": "4"
    },
    "DisplayableDataIds": {
      "rule_1854": "(D3)",
      "rule_492": "(Skeletons, Zombies)",
      "rule_105": "",
      "rule_500": "",
      "rule_501": "",
      "rule_474": "",
      "rule_42": "",
      "rule_502": "",
      "rule_6": "(Zombies, Skeletons)",
      "rule_21": ""
    }
  },
  {
    "Id": "statline_1463",
    "Name": "Cadaver Wagon",
    "Type": "Statline",
    "Attributes": {
      "HP": "4",
      "Df": "3",
      "Re": "4",
      "Arm": "2"
    },
    "DisplayableDataIds": {
      "rule_109": "(4+)"
    }
  },
  {
    "Id": "statline_1464",
    "Name": "Cadaver Master",
    "Type": "Statline",
    "Attributes": {
      "At": "1",
      "Of": "3",
      "St": "3",
      "AP": "0",
      "Ag": "3"
    }
  },
  {
    "Id": "statline_1465",
    "Name": "Court of the Damned",
    "Type": "Statline",
    "Attributes": {
      "Ad": "4",
      "Ma": "4",
      "Di": "7",
      "Hgt": "4"
    },
    "DisplayableDataIds": {
      "rule_1854": "(1)",
      "rule_154": "",
      "rule_18": "",
      "rule_493": "",
      "rule_325": "",
      "rule_105": "",
      "rule_494": "",
      "rule_474": "",
      "rule_42": "",
      "rule_6": "(Zombies, Skeletons, Barrow Guard, Ghouls)",
      "rule_21": ""
    }
  },
  {
    "Id": "statline_1466",
    "Name": "Court of the Damned",
    "Type": "Statline",
    "Attributes": {
      "HP": "5",
      "Df": "5",
      "Re": "5",
      "Arm": "2"
    },
    "DisplayableDataIds": {
      "rule_51": "(5+)"
    }
  },
  {
    "Id": "statline_1467",
    "Name": "Paramour (3)",
    "Type": "Statline",
    "Attributes": {
      "At": "2",
      "Of": "5",
      "St": "5",
      "AP": "2",
      "Ag": "5"
    },
    "DisplayableDataIds": {
      "rule_495": "(6+)"
    }
  },
  {
    "Id": "statline_1468",
    "Name": "Altar of Undeath",
    "Type": "Statline",
    "Attributes": {
      "Ad": "8",
      "Ma": "4",
      "Di": "7",
      "Hgt": "4"
    },
    "DisplayableDataIds": {
      "rule_1854": "(1)",
      "rule_154": "",
      "rule_493": "",
      "rule_325": "",
      "rule_45": "",
      "rule_5": "",
      "rule_507": "",
      "rule_474": "",
      "rule_42": "",
      "rule_21": "",
      "rule_505": "",
      "rule_4": ""
    }
  },
  {
    "Id": "statline_1469",
    "Name": "Altar of Undeath",
    "Type": "Statline",
    "Attributes": {
      "HP": "5",
      "Df": "3",
      "Re": "5",
      "Arm": "2"
    },
    "DisplayableDataIds": {
      "rule_109": "(4+)"
    }
  },
  {
    "Id": "statline_1470",
    "Name": "Dark Conductor",
    "Type": "Statline",
    "Attributes": {
      "At": "2",
      "Of": "3",
      "St": "4",
      "AP": "4",
      "Ag": "2"
    },
    "DisplayableDataIds": {
      "rule_180": "(+1 Str, +1 AP)",
      "rule_508": ""
    }
  },
  {
    "Id": "statline_1471",
    "Name": "Phantom Host (1)",
    "Type": "Statline",
    "Attributes": {
      "At": "6",
      "Of": "2",
      "St": "2",
      "AP": "1",
      "Ag": "2"
    },
    "DisplayableDataIds": {
      "rule_134": ""
    }
  },
  {
    "Id": "statline_1472",
    "Name": "Dark Coach",
    "Type": "Statline",
    "Attributes": {
      "Ad": "8",
      "Ma": "4",
      "Di": "7",
      "Hgt": "4"
    },
    "DisplayableDataIds": {
      "rule_1854": "(1)",
      "rule_154": "",
      "rule_493": "",
      "rule_325": "",
      "rule_5": "",
      "rule_509": "",
      "rule_474": "",
      "rule_42": "",
      "rule_21": "",
      "rule_4": ""
    }
  },
  {
    "Id": "statline_1473",
    "Name": "Dark Coach",
    "Type": "Statline",
    "Attributes": {
      "HP": "5",
      "Df": "5",
      "Re": "5",
      "Arm": "4"
    },
    "DisplayableDataIds": {
      "rule_51": "(4+)"
    }
  },
  {
    "Id": "statline_1474",
    "Name": "Vampire Rider (2)",
    "Type": "Statline",
    "Attributes": {
      "At": "2",
      "Of": "5",
      "St": "5",
      "AP": "2",
      "Ag": "5"
    },
    "DisplayableDataIds": {
      "rule_495": "(3+)"
    }
  },
  {
    "Id": "statline_1475",
    "Name": "Phantom Hosts",
    "Type": "Statline",
    "Attributes": {
      "Ad": "6",
      "Ma": "6",
      "Di": "4",
      "Hgt": "1"
    },
    "DisplayableDataIds": {
      "rule_1854": "(1)",
      "rule_154": "",
      "rule_474": "",
      "rule_42": "",
      "rule_505": "",
      "rule_21": "",
      "rule_4": "",
      "rule_325": "",
      "rule_188": "(-2 Dis, -1 Arm)",
      "rule_6": "(Ghostly Form)"
    }
  },
  {
    "Id": "statline_1476",
    "Name": "Phantom Hosts",
    "Type": "Statline",
    "Attributes": {
      "HP": "5",
      "Df": "2",
      "Re": "2",
      "Arm": "0"
    },
    "DisplayableDataIds": {
      "rule_504": "",
      "rule_121": "(1)"
    }
  },
  {
    "Id": "statline_1477",
    "Name": "Wraiths",
    "Type": "Statline",
    "Attributes": {
      "Ad": "6",
      "Ma": "6",
      "Di": "5",
      "Hgt": "1"
    },
    "DisplayableDataIds": {
      "rule_1854": "(1)",
      "rule_474": "",
      "rule_42": "",
      "rule_505": "",
      "rule_325": "",
      "rule_44": "",
      "rule_21": "",
      "rule_4": "",
      "rule_154": "",
      "rule_6": "(Ghostly Form)"
    }
  },
  {
    "Id": "statline_1478",
    "Name": "Wraiths",
    "Type": "Statline",
    "Attributes": {
      "HP": "1",
      "Df": "3",
      "Re": "3",
      "Arm": "0"
    },
    "DisplayableDataIds": {
      "rule_504": ""
    }
  },
  {
    "Id": "statline_1479",
    "Name": "Wraith",
    "Type": "Statline",
    "Attributes": {
      "At": "2",
      "Of": "3",
      "St": "4",
      "AP": "4",
      "Ag": "2"
    },
    "DisplayableDataIds": {
      "rule_180": "(+1 Str, +1 AP)",
      "rule_134": ""
    }
  },
  {
    "Id": "statline_1480",
    "Name": "Spectral Hunters",
    "Type": "Statline",
    "Attributes": {
      "Ad": "8",
      "Ma": "8",
      "Di": "5",
      "Hgt": "2"
    },
    "DisplayableDataIds": {
      "rule_1854": "(1)",
      "rule_474": "",
      "rule_42": "",
      "rule_505": "",
      "rule_325": "",
      "rule_21": "",
      "rule_4": "",
      "rule_154": "",
      "rule_5": "",
      "rule_6": "(Ghostly Form)"
    }
  },
  {
    "Id": "statline_1481",
    "Name": "Spectral Hunters",
    "Type": "Statline",
    "Attributes": {
      "HP": "1",
      "Df": "3",
      "Re": "3",
      "Arm": "0"
    },
    "DisplayableDataIds": {
      "rule_504": ""
    }
  },
  {
    "Id": "statline_1482",
    "Name": "Spectral Hunter",
    "Type": "Statline",
    "Attributes": {
      "At": "2",
      "Of": "3",
      "St": "4",
      "AP": "4",
      "Ag": "2"
    },
    "DisplayableDataIds": {
      "rule_180": "(+1 Str, +1 AP)",
      "rule_288": "",
      "rule_134": ""
    }
  },
  {
    "Id": "statline_1483",
    "Name": "Ghost Steed",
    "Type": "Statline",
    "Attributes": {
      "At": "1",
      "Of": "2",
      "St": "3",
      "AP": "0",
      "Ag": "2"
    },
    "DisplayableDataIds": {
      "rule_134": ""
    }
  },
  {
    "Id": "statline_1484",
    "Name": "Shrieking Horror",
    "Type": "Statline",
    "Attributes": {
      "Ad": "8",
      "Ma": "8",
      "Di": "7",
      "Hgt": "5"
    },
    "DisplayableDataIds": {
      "rule_1854": "(1)",
      "rule_44": "",
      "rule_4": "",
      "rule_474": "",
      "rule_42": "",
      "rule_505": "",
      "rule_21": "",
      "rule_5": "",
      "rule_45": "",
      "rule_24": "",
      "rule_11": ""
    }
  },
  {
    "Id": "statline_1485",
    "Name": "Shrieking Horror",
    "Type": "Statline",
    "Attributes": {
      "At": "4",
      "Of": "4",
      "St": "5",
      "AP": "2",
      "Ag": "2"
    },
    "DisplayableDataIds": {
      "rule_498": "",
      "rule_497": "",
      "rule_46": "(D6)"
    }
  },
  {
    "Id": "statline_1486",
    "Name": "Vampire Knights",
    "Type": "Statline",
    "Attributes": {
      "Ad": "8",
      "Ma": "8",
      "Di": "7",
      "Hgt": "2"
    },
    "DisplayableDataIds": {
      "rule_1854": "(1)",
      "rule_474": "",
      "rule_42": "",
      "rule_493": "",
      "rule_21": "",
      "rule_5": ""
    }
  },
  {
    "Id": "statline_1487",
    "Name": "Vampire Knights",
    "Type": "Statline",
    "Attributes": {
      "HP": "2",
      "Df": "5",
      "Re": "4",
      "Arm": "4"
    },
    "DisplayableDataIds": {
      "rule_27": ""
    }
  },
  {
    "Id": "statline_1488",
    "Name": "Knight",
    "Type": "Statline",
    "Attributes": {
      "At": "2",
      "Of": "5",
      "St": "5",
      "AP": "2",
      "Ag": "5"
    },
    "DisplayableDataIds": {
      "rule_495": "(6+)",
      "rule_9": "(+1 Att)",
      "rule_278": ""
    }
  },
  {
    "Id": "statline_1489",
    "Name": "Undead Mount",
    "Type": "Statline",
    "Attributes": {
      "At": "1",
      "Of": "3",
      "St": "3",
      "AP": "0",
      "Ag": "2"
    }
  },
  {
    "Id": "statline_1490",
    "Name": "Winged Reapers",
    "Type": "Statline",
    "Attributes": {
      "Ad": "6",
      "Ma": "6",
      "Di": "8",
      "Hgt": "4"
    },
    "DisplayableDataIds": {
      "rule_1854": "(D3)",
      "rule_44": "",
      "rule_474": "",
      "rule_42": "",
      "rule_21": "",
      "rule_5": ""
    }
  },
  {
    "Id": "statline_1491",
    "Name": "Winged Reapers",
    "Type": "Statline",
    "Attributes": {
      "HP": "4",
      "Df": "5",
      "Re": "5",
      "Arm": "4"
    }
  },
  {
    "Id": "statline_1492",
    "Name": "Winged Reaper",
    "Type": "Statline",
    "Attributes": {
      "At": "4",
      "Of": "5",
      "St": "5",
      "AP": "2",
      "Ag": "4"
    },
    "DisplayableDataIds": {
      "rule_52": "",
      "rule_46": "(1)",
      "rule_37": ""
    }
  },
  {
    "Id": "statline_1493",
    "Name": "Varkolak",
    "Type": "Statline",
    "Attributes": {
      "Ad": "8",
      "Ma": "8",
      "Di": "7",
      "Hgt": "4"
    },
    "DisplayableDataIds": {
      "rule_1854": "(1)",
      "rule_474": "",
      "rule_42": "",
      "rule_493": "",
      "rule_21": "",
      "rule_35": "",
      "rule_5": "",
      "rule_4": "",
      "rule_24": ""
    }
  },
  {
    "Id": "statline_1494",
    "Name": "Varkolak",
    "Type": "Statline",
    "Attributes": {
      "HP": "5",
      "Df": "5",
      "Re": "5",
      "Arm": "0"
    },
    "DisplayableDataIds": {
      "rule_109": "(4+)"
    }
  },
  {
    "Id": "statline_1495",
    "Name": "Varkolak",
    "Type": "Statline",
    "Attributes": {
      "At": "5",
      "Of": "5",
      "St": "6",
      "AP": "3",
      "Ag": "5"
    },
    "DisplayableDataIds": {
      "rule_180": "(Hatred)",
      "rule_495": "(3+)",
      "rule_46": "(1)"
    }
  },
  {
    "Id": "statline_1496",
    "Name": "Vampire Spawn",
    "Type": "Statline",
    "Attributes": {
      "Ad": "9",
      "Ma": "9",
      "Di": "8",
      "Hgt": "3"
    },
    "DisplayableDataIds": {
      "rule_1854": "(D3)",
      "rule_44": "",
      "rule_4": "",
      "rule_474": "",
      "rule_42": "",
      "rule_493": "",
      "rule_21": "",
      "rule_22": "",
      "rule_5": "",
      "rule_24": ""
    }
  },
  {
    "Id": "statline_1497",
    "Name": "Vampire Spawn",
    "Type": "Statline",
    "Attributes": {
      "HP": "3",
      "Df": "3",
      "Re": "4",
      "Arm": "0"
    }
  },
  {
    "Id": "statline_1498",
    "Name": "Vampire Spawn",
    "Type": "Statline",
    "Attributes": {
      "At": "3",
      "Of": "4",
      "St": "5",
      "AP": "2",
      "Ag": "5"
    },
    "DisplayableDataIds": {
      "rule_495": "(6+)",
      "rule_23": ""
    }
  }
]