[
  {
    "Id": "unit_487",
    "Name": "Vampire Count",
    "Type": "Unit",
    "Attributes": {
      "height": "Standard"
    },
    "BasicProfileIds": [
      "68357f8b790d8280c4b26614"
    ],
    "DefaultFront": 1,
    "Formation": 1
  },
  {
    "Id": "unit_488",
    "Name": "Vampire Count on Skeletal Steed",
    "Type": "Unit",
    "Attributes": {
      "height": "Standard"
    },
    "BasicProfileIds": [
      "fa697a3b-8c97-41f6-962f-9ef1ffc02a06"
    ],
    "DefaultFront": 1,
    "Formation": 1
  },
  {
    "Id": "unit_489",
    "Name": "Vampire Count on Spectral Steed",
    "Type": "Unit",
    "Attributes": {
      "height": "Standard"
    },
    "BasicProfileIds": [
      "94ad039b-dd93-4f8b-8565-6f0b276b7c4a"
    ],
    "DefaultFront": 1,
    "Formation": 1
  },
  {
    "Id": "unit_490",
    "Name": "Vampire Count on Monstrous Revenant",
    "Type": "Unit",
    "Attributes": {
      "height": "Large"
    },
    "BasicProfileIds": [
      "206cfc11-417f-48f2-9fde-f40029e93149"
    ],
    "DefaultFront": 1,
    "Formation": 1
  },
  {
    "Id": "unit_491",
    "Name": "Vampire Count on Court of the Damned",
    "Type": "Unit",
    "Attributes": {
      "height": "Large"
    },
    "BasicProfileIds": [
      "aa936f8f-8b71-498f-a7e3-7fe4396bb24c"
    ],
    "DefaultFront": 1,
    "Formation": 1
  },
  {
    "Id": "unit_492",
    "Name": "Vampire Count on Zombie Dragon",
    "Type": "Unit",
    "Attributes": {
      "height": "Gigantic"
    },
    "BasicProfileIds": [
      "c97a3879-e522-4dff-8b2c-5577b4c885b2"
    ],
    "DefaultFront": 1,
    "Formation": 1
  },
  {
    "Id": "unit_493",
    "Name": "Vampire Count on Shrieking Horror",
    "Type": "Unit",
    "Attributes": {
      "height": "Gigantic"
    },
    "BasicProfileIds": [
      "1510e39a-213b-4d51-afa9-a0e93c28700b"
    ],
    "DefaultFront": 1,
    "Formation": 1
  },
  {
    "Id": "unit_494",
    "Name": "Vampire Count on Colossal Zombie Dragon",
    "Type": "Unit",
    "Attributes": {
      "height": "Gigantic"
    },
    "BasicProfileIds": [
      "399a4460-b2e3-41c2-9944-3251a56a0dc5"
    ],
    "DefaultFront": 1,
    "Formation": 1
  },
  {
    "Id": "unit_495",
    "Name": "Vampire Courtier",
    "Type": "Unit",
    "Attributes": {
      "height": "Standard"
    },
    "BasicProfileIds": [
      "68357f8c790d8280c4b26a24"
    ],
    "DefaultFront": 1,
    "Formation": 1
  },
  {
    "Id": "unit_496",
    "Name": "Vampire Courtier on Skeletal Steed",
    "Type": "Unit",
    "Attributes": {
      "height": "Standard"
    },
    "BasicProfileIds": [
      "34657fff-38c4-4c53-b199-be941b45eca5"
    ],
    "DefaultFront": 1,
    "Formation": 1
  },
  {
    "Id": "unit_497",
    "Name": "Vampire Courtier on Spectral Steed",
    "Type": "Unit",
    "Attributes": {
      "height": "Standard"
    },
    "BasicProfileIds": [
      "eeb7b63d-537e-4ad0-b675-fa8a5ea95ee3"
    ],
    "DefaultFront": 1,
    "Formation": 1
  },
  {
    "Id": "unit_498",
    "Name": "Vampire Courtier on Monstrous Revenant",
    "Type": "Unit",
    "Attributes": {
      "height": "Large"
    },
    "BasicProfileIds": [
      "9f43fddd-d6a2-4144-a1f2-a2ec791648a1"
    ],
    "DefaultFront": 1,
    "Formation": 1
  },
  {
    "Id": "unit_499",
    "Name": "Vampire Courtier on Court of the Damned",
    "Type": "Unit",
    "Attributes": {
      "height": "Large"
    },
    "BasicProfileIds": [
      "b7348151-e871-421f-a584-4ed287dd0321"
    ],
    "DefaultFront": 1,
    "Formation": 1
  },
  {
    "Id": "unit_500",
    "Name": "Necromancer",
    "Type": "Unit",
    "Attributes": {
      "height": "Standard"
    },
    "BasicProfileIds": [
      "68357f8d790d8280c4b26ccc"
    ],
    "DefaultFront": 1,
    "Formation": 1
  },
  {
    "Id": "unit_501",
    "Name": "Necromancer on Skeletal Steed",
    "Type": "Unit",
    "Attributes": {
      "height": "Standard"
    },
    "BasicProfileIds": [
      "9a1ef4a2-b4f2-46a7-a4c9-5846a8e6b94e"
    ],
    "DefaultFront": 1,
    "Formation": 1
  },
  {
    "Id": "unit_502",
    "Name": "Necromancer on Monstrous Revenant",
    "Type": "Unit",
    "Attributes": {
      "height": "Large"
    },
    "BasicProfileIds": [
      "eeec692b-711a-4064-a4b7-fb7afda22395"
    ],
    "DefaultFront": 1,
    "Formation": 1
  },
  {
    "Id": "unit_503",
    "Name": "Necromancer on Cadaver Wagon",
    "Type": "Unit",
    "Attributes": {
      "height": "Large"
    },
    "BasicProfileIds": [
      "493766de-0023-4109-8396-6995bc45283e"
    ],
    "DefaultFront": 1,
    "Formation": 1
  },
  {
    "Id": "unit_504",
    "Name": "Necromancer on Zombie Dragon",
    "Type": "Unit",
    "Attributes": {
      "height": "Gigantic"
    },
    "BasicProfileIds": [
      "7e0e0aef-04b9-43d2-a9fd-49934ca2bd6e"
    ],
    "DefaultFront": 1,
    "Formation": 1
  },
  {
    "Id": "unit_505",
    "Name": "Barrow King",
    "Type": "Unit",
    "Attributes": {
      "height": "Standard"
    },
    "BasicProfileIds": [
      "68357f8d790d8280c4b26e16"
    ],
    "DefaultFront": 1,
    "Formation": 1
  },
  {
    "Id": "unit_506",
    "Name": "Barrow King on Skeletal Steed",
    "Type": "Unit",
    "Attributes": {
      "height": "Standard"
    },
    "BasicProfileIds": [
      "f678c876-4549-408f-8341-4b3c54546072"
    ],
    "DefaultFront": 1,
    "Formation": 1
  },
  {
    "Id": "unit_507",
    "Name": "Banshee",
    "Type": "Unit",
    "Attributes": {
      "height": "Standard"
    },
    "BasicProfileIds": [
      "68357f8e790d8280c4b26ed3"
    ],
    "DefaultFront": 1,
    "Formation": 1
  },
  {
    "Id": "unit_508",
    "Name": "Lady Chryselie",
    "Type": "Unit",
    "Attributes": {
      "height": "Standard"
    },
    "BasicProfileIds": [
      "a7b4f3c1e8d9f6a2b7d3c9e5f"
    ],
    "DefaultFront": 1,
    "Formation": 1
  },
  {
    "Id": "unit_509",
    "Name": "The Collective of Varyag",
    "Type": "Unit",
    "Attributes": {
      "height": "Standard"
    },
    "BasicProfileIds": [
      "d3f7b1e9c4a2d8f6e5c9a0b3d"
    ],
    "DefaultFront": 1,
    "Formation": 1
  },
  {
    "Id": "unit_510",
    "Name": "Zombies",
    "Type": "Unit",
    "Attributes": {
      "height": "Standard"
    },
    "BasicProfileIds": [
      "68357f8e790d8280c4b26edf"
    ],
    "DefaultFront": 5,
    "Formation": 1
  },
  {
    "Id": "unit_511",
    "Name": "Skeletons",
    "Type": "Unit",
    "Attributes": {
      "height": "Standard"
    },
    "BasicProfileIds": [
      "68357f8e790d8280c4b26ef7"
    ],
    "DefaultFront": 5,
    "Formation": 1
  },
  {
    "Id": "unit_512",
    "Name": "Ghouls",
    "Type": "Unit",
    "Attributes": {
      "height": "Standard"
    },
    "BasicProfileIds": [
      "68357f8e790d8280c4b26f30"
    ],
    "DefaultFront": 5,
    "Formation": 1
  },
  {
    "Id": "unit_513",
    "Name": "Dire Wolves",
    "Type": "Unit",
    "Attributes": {
      "height": "Standard"
    },
    "BasicProfileIds": [
      "68357f8f790d8280c4b26f4b"
    ],
    "DefaultFront": 5,
    "Formation": 1
  },
  {
    "Id": "unit_514",
    "Name": "Bat Swarms",
    "Type": "Unit",
    "Attributes": {
      "height": "Standard"
    },
    "BasicProfileIds": [
      "68357f8f790d8280c4b26f50"
    ],
    "DefaultFront": 3,
    "Formation": 1
  },
  {
    "Id": "unit_515",
    "Name": "Barrow Guard",
    "Type": "Unit",
    "Attributes": {
      "height": "Standard"
    },
    "BasicProfileIds": [
      "68357f8f790d8280c4b26f55"
    ],
    "DefaultFront": 5,
    "Formation": 1
  },
  {
    "Id": "unit_516",
    "Name": "Barrow Knights",
    "Type": "Unit",
    "Attributes": {
      "height": "Standard"
    },
    "BasicProfileIds": [
      "68357f8f790d8280c4b26f8e"
    ],
    "DefaultFront": 5,
    "Formation": 1
  },
  {
    "Id": "unit_517",
    "Name": "Ghasts",
    "Type": "Unit",
    "Attributes": {
      "height": "Large"
    },
    "BasicProfileIds": [
      "68357f90790d8280c4b26fbb"
    ],
    "DefaultFront": 3,
    "Formation": 1
  },
  {
    "Id": "unit_518",
    "Name": "Great Bats",
    "Type": "Unit",
    "Attributes": {
      "height": "Standard"
    },
    "BasicProfileIds": [
      "68357f90790d8280c4b26fd3"
    ],
    "DefaultFront": 3,
    "Formation": 1
  },
  {
    "Id": "unit_519",
    "Name": "Cadaver Wagon",
    "Type": "Unit",
    "Attributes": {
      "height": "Large"
    },
    "BasicProfileIds": [
      "68357f90790d8280c4b26fd6"
    ],
    "DefaultFront": 1,
    "Formation": 1
  },
  {
    "Id": "unit_520",
    "Name": "Court of the Damned",
    "Type": "Unit",
    "Attributes": {
      "height": "Large"
    },
    "BasicProfileIds": [
      "68357f90790d8280c4b26fd7"
    ],
    "DefaultFront": 1,
    "Formation": 1
  },
  {
    "Id": "unit_521",
    "Name": "Altar of Undeath",
    "Type": "Unit",
    "Attributes": {
      "height": "Large"
    },
    "BasicProfileIds": [
      "68357f91790d8280c4b26fd8"
    ],
    "DefaultFront": 1,
    "Formation": 1
  },
  {
    "Id": "unit_522",
    "Name": "Dark Coach",
    "Type": "Unit",
    "Attributes": {
      "height": "Large"
    },
    "BasicProfileIds": [
      "68357f91790d8280c4b26fd9"
    ],
    "DefaultFront": 1,
    "Formation": 1
  },
  {
    "Id": "unit_523",
    "Name": "Phantom Hosts",
    "Type": "Unit",
    "Attributes": {
      "height": "Standard"
    },
    "BasicProfileIds": [
      "68357f91790d8280c4b26fe5"
    ],
    "DefaultFront": 3,
    "Formation": 1
  },
  {
    "Id": "unit_524",
    "Name": "Wraiths",
    "Type": "Unit",
    "Attributes": {
      "height": "Standard"
    },
    "BasicProfileIds": [
      "68357f91790d8280c4b26fea"
    ],
    "DefaultFront": 5,
    "Formation": 1
  },
  {
    "Id": "unit_525",
    "Name": "Spectral Hunters",
    "Type": "Unit",
    "Attributes": {
      "height": "Standard"
    },
    "BasicProfileIds": [
      "68357f91790d8280c4b26ff2"
    ],
    "DefaultFront": 5,
    "Formation": 1
  },
  {
    "Id": "unit_526",
    "Name": "Shrieking Horror",
    "Type": "Unit",
    "Attributes": {
      "height": "Gigantic"
    },
    "BasicProfileIds": [
      "68357f92790d8280c4b26ff8"
    ],
    "DefaultFront": 1,
    "Formation": 1
  },
  {
    "Id": "unit_527",
    "Name": "Vampire Knights",
    "Type": "Unit",
    "Attributes": {
      "height": "Standard"
    },
    "BasicProfileIds": [
      "68357f92790d8280c4b26ffb"
    ],
    "DefaultFront": 5,
    "Formation": 1
  },
  {
    "Id": "unit_528",
    "Name": "Winged Reapers",
    "Type": "Unit",
    "Attributes": {
      "height": "Large"
    },
    "BasicProfileIds": [
      "68357f92790d8280c4b27028"
    ],
    "DefaultFront": 3,
    "Formation": 1
  },
  {
    "Id": "unit_529",
    "Name": "Varkolak",
    "Type": "Unit",
    "Attributes": {
      "height": "Large"
    },
    "BasicProfileIds": [
      "68357f92790d8280c4b2702d"
    ],
    "DefaultFront": 1,
    "Formation": 1
  },
  {
    "Id": "unit_530",
    "Name": "Vampire Spawn",
    "Type": "Unit",
    "Attributes": {
      "height": "Large"
    },
    "BasicProfileIds": [
      "68357f93790d8280c4b27030"
    ],
    "DefaultFront": 3,
    "Formation": 1
  }
]