[
  {
    "OptionId": "fb35f3d2-2488-4233-acd8-4ec40d418d69",
    "UnitId": "unit_328",
    "NewUnitId": "unit_329"
  },
  {
    "OptionId": "93c6de29-042f-4d13-a1b1-35ab7a61965e",
    "UnitId": "unit_328",
    "NewUnitId": "unit_330"
  },
  {
    "OptionId": "2e0e8d0b-9a31-4f5d-941c-81eeba7a2ff3",
    "UnitId": "unit_328",
    "NewUnitId": "unit_331"
  },
  {
    "OptionId": "a5442be0-90be-4b44-8928-e49fcaa6f443",
    "UnitId": "unit_328",
    "NewUnitId": "unit_332"
  },
  {
    "OptionId": "fb35f3d2-2488-4233-acd8-4ec40d418d69",
    "UnitId": "unit_333",
    "NewUnitId": "unit_334"
  },
  {
    "OptionId": "93c6de29-042f-4d13-a1b1-35ab7a61965e",
    "UnitId": "unit_333",
    "NewUnitId": "unit_335"
  },
  {
    "OptionId": "2e0e8d0b-9a31-4f5d-941c-81eeba7a2ff3",
    "UnitId": "unit_333",
    "NewUnitId": "unit_336"
  },
  {
    "OptionId": "a5442be0-90be-4b44-8928-e49fcaa6f443",
    "UnitId": "unit_333",
    "NewUnitId": "unit_337"
  },
  {
    "OptionId": "fb35f3d2-2488-4233-acd8-4ec40d418d69",
    "UnitId": "unit_338",
    "NewUnitId": "unit_339"
  },
  {
    "OptionId": "option_1753951520179",
    "UnitId": "unit_338",
    "NewUnitId": "unit_340"
  },
  {
    "OptionId": "option_1753954225508",
    "UnitId": "unit_338",
    "NewUnitId": "unit_341"
  },
  {
    "OptionId": "option_1753954253573",
    "UnitId": "unit_338",
    "NewUnitId": "unit_342"
  },
  {
    "OptionId": "option_1753954277100",
    "UnitId": "unit_338",
    "NewUnitId": "unit_343"
  },
  {
    "OptionId": "b562258c-3e16-4bff-ba27-801fdc0cb204",
    "UnitId": "unit_345",
    "NewUnitId": "unit_346"
  },
  {
    "OptionId": "59c6a698-c665-46e4-8f1f-f9c51b748210",
    "UnitId": "unit_345",
    "NewUnitId": "unit_347"
  },
  {
    "OptionId": "1c6948ef-ab6c-44c9-b903-7b2460afea59",
    "UnitId": "unit_345",
    "NewUnitId": "unit_348"
  },
  {
    "OptionId": "2f3841ad-9b7d-42ea-8c61-3e3471b9fd35",
    "UnitId": "unit_345",
    "NewUnitId": "unit_349"
  },
  {
    "OptionId": "b562258c-3e16-4bff-ba27-801fdc0cb204",
    "UnitId": "unit_350",
    "NewUnitId": "unit_351"
  },
  {
    "OptionId": "59c6a698-c665-46e4-8f1f-f9c51b748210",
    "UnitId": "unit_350",
    "NewUnitId": "unit_352"
  },
  {
    "OptionId": "1c6948ef-ab6c-44c9-b903-7b2460afea59",
    "UnitId": "unit_350",
    "NewUnitId": "unit_353"
  },
  {
    "OptionId": "2f3841ad-9b7d-42ea-8c61-3e3471b9fd35",
    "UnitId": "unit_350",
    "NewUnitId": "unit_354"
  },
  {
    "OptionId": "b562258c-3e16-4bff-ba27-801fdc0cb204",
    "UnitId": "unit_355",
    "NewUnitId": "unit_356"
  },
  {
    "OptionId": "59c6a698-c665-46e4-8f1f-f9c51b748210",
    "UnitId": "unit_355",
    "NewUnitId": "unit_357"
  },
  {
    "OptionId": "1c6948ef-ab6c-44c9-b903-7b2460afea59",
    "UnitId": "unit_355",
    "NewUnitId": "unit_358"
  },
  {
    "OptionId": "2f3841ad-9b7d-42ea-8c61-3e3471b9fd35",
    "UnitId": "unit_355",
    "NewUnitId": "unit_359"
  },
  {
    "OptionId": "b562258c-3e16-4bff-ba27-801fdc0cb204",
    "UnitId": "unit_360"
  },
  {
    "OptionId": "59c6a698-c665-46e4-8f1f-f9c51b748210",
    "UnitId": "unit_360"
  },
  {
    "OptionId": "2fa68d57-8c91-4d2f-92be-4cc3e7f9d3b1",
    "UnitId": "unit_361",
    "NewUnitId": "unit_362"
  },
  {
    "OptionId": "fb35f3d2-2488-4233-acd8-4ec40d418d69",
    "UnitId": "unit_364",
    "NewUnitId": "unit_365"
  },
  {
    "OptionId": "d2e9f4a1-7c8f-4a2d-bf7d-19b74e3f6a9b",
    "UnitId": "unit_364",
    "NewUnitId": "unit_366"
  },
  {
    "OptionId": "f3b9d1a4-6f7e-48b2-9b5f-3e8d5623d1f8",
    "UnitId": "unit_364",
    "NewUnitId": "unit_367"
  },
  {
    "OptionId": "93c6de29-042f-4d13-a1b1-35ab7a61965e",
    "UnitId": "unit_364",
    "NewUnitId": "unit_368"
  },
  {
    "OptionId": "3a074005-878f-422e-a475-42dd13ce86ce",
    "UnitId": "unit_369"
  },
  {
    "OptionId": "c9519cd5-2b08-4a2e-9017-51463bfb9821",
    "UnitId": "unit_369"
  },
  {
    "OptionId": "3a074005-878f-422e-a475-42dd13ce86ce",
    "UnitId": "unit_370"
  },
  {
    "OptionId": "c9519cd5-2b08-4a2e-9017-51463bfb9821",
    "UnitId": "unit_370"
  },
  {
    "OptionId": "3a074005-878f-422e-a475-42dd13ce86ce",
    "UnitId": "unit_371"
  },
  {
    "OptionId": "c9519cd5-2b08-4a2e-9017-51463bfb9821",
    "UnitId": "unit_371"
  },
  {
    "OptionId": "3a074005-878f-422e-a475-42dd13ce86ce",
    "UnitId": "unit_372"
  },
  {
    "OptionId": "c9519cd5-2b08-4a2e-9017-51463bfb9821",
    "UnitId": "unit_372"
  },
  {
    "OptionId": "3a074005-878f-422e-a475-42dd13ce86ce",
    "UnitId": "unit_373"
  },
  {
    "OptionId": "c9519cd5-2b08-4a2e-9017-51463bfb9821",
    "UnitId": "unit_373"
  },
  {
    "OptionId": "3a074005-878f-422e-a475-42dd13ce86ce",
    "UnitId": "unit_374"
  },
  {
    "OptionId": "c9519cd5-2b08-4a2e-9017-51463bfb9821",
    "UnitId": "unit_374"
  },
  {
    "OptionId": "d572cb46-8f5c-4804-add5-0ba23c45a3bf",
    "UnitId": "unit_378"
  },
  {
    "OptionId": "33a231a4-feb5-4f0f-8c8e-b8549593d175",
    "UnitId": "unit_378"
  },
  {
    "OptionId": "1019868c-3d7a-464b-af27-39f9d2142a9f",
    "UnitId": "unit_378"
  },
  {
    "OptionId": "3a074005-878f-422e-a475-42dd13ce86ce",
    "UnitId": "unit_380"
  },
  {
    "OptionId": "c9519cd5-2b08-4a2e-9017-51463bfb9821",
    "UnitId": "unit_380"
  },
  {
    "OptionId": "3a074005-878f-422e-a475-42dd13ce86ce",
    "UnitId": "unit_385"
  },
  {
    "OptionId": "c9519cd5-2b08-4a2e-9017-51463bfb9821",
    "UnitId": "unit_385"
  },
  {
    "OptionId": "3a074005-878f-422e-a475-42dd13ce86ce",
    "UnitId": "unit_386"
  },
  {
    "OptionId": "c9519cd5-2b08-4a2e-9017-51463bfb9821",
    "UnitId": "unit_386"
  },
  {
    "OptionId": "b562258c-3e16-4bff-ba27-801fdc0cb204",
    "UnitId": "unit_361"
  },
  {
    "OptionId": "e260a755-7abe-41c1-9bca-6ad640cbdb00",
    "UnitId": "unit_361"
  },
  {
    "OptionId": "29998dd2-41cc-45d7-879b-fa3562f30c00",
    "UnitId": "unit_370"
  },
  {
    "OptionId": "33baffbf-4728-4144-beba-f8c8dc093d73",
    "UnitId": "unit_370"
  },
  {
    "OptionId": "7d35d717-fa8d-4ed4-bccb-43d53df3f391",
    "UnitId": "unit_369"
  },
  {
    "OptionId": "29998dd2-41cc-45d7-879b-fa3562f30c00",
    "UnitId": "unit_369"
  },
  {
    "OptionId": "33baffbf-4728-4144-beba-f8c8dc093d73",
    "UnitId": "unit_369"
  },
  {
    "OptionId": "fcb54a2c-c401-4463-bec6-eb6062f6df58",
    "UnitId": "unit_375"
  },
  {
    "OptionId": "279985c7-21a6-48b9-b101-4c872652b0d7",
    "UnitId": "unit_375"
  },
  {
    "OptionId": "e7c0fb43-e34c-45ac-8a04-03a38e6afe2e",
    "UnitId": "unit_375"
  },
  {
    "OptionId": "470236c7-2515-4baf-bb62-40b363725ae5",
    "UnitId": "unit_375"
  },
  {
    "OptionId": "f975cb9a-a501-40d7-bb53-657e50f2e311",
    "UnitId": "unit_375"
  },
  {
    "OptionId": "aacced8d-6c94-4721-a24b-92c081fb25f6",
    "UnitId": "unit_376"
  },
  {
    "OptionId": "d35a8cfd-ab6e-4b41-ac88-4138e78b207b",
    "UnitId": "unit_328"
  },
  {
    "OptionId": "d2e9f4a1-7c8f-4a2d-bf7d-19b74e3f6a9b",
    "UnitId": "unit_328"
  },
  {
    "OptionId": "68272784-94fb-4688-b530-f3c3d3eee739",
    "UnitId": "unit_328"
  },
  {
    "OptionId": "7a3edb9d-e1d1-472e-a3da-c050f36537e6",
    "UnitId": "unit_328"
  },
  {
    "OptionId": "40e97832-fe3c-4ed9-a4bf-2c5f37f116a7",
    "UnitId": "unit_328"
  },
  {
    "OptionId": "c07d0691-ac1f-43cd-beb4-8edcf233f396",
    "UnitId": "unit_328"
  },
  {
    "OptionId": "497126bb-8c98-4d2c-9bca-969a356bf329",
    "UnitId": "unit_328"
  },
  {
    "OptionId": "656ba8fb-8d84-4ac0-a847-e11af02d92b1",
    "UnitId": "unit_328"
  },
  {
    "OptionId": "33baffbf-4728-4144-beba-f8c8dc093d73",
    "UnitId": "unit_328"
  },
  {
    "OptionId": "7d35d717-fa8d-4ed4-bccb-43d53df3f391",
    "UnitId": "unit_371"
  },
  {
    "OptionId": "29998dd2-41cc-45d7-879b-fa3562f30c00",
    "UnitId": "unit_371"
  },
  {
    "OptionId": "33baffbf-4728-4144-beba-f8c8dc093d73",
    "UnitId": "unit_371"
  },
  {
    "OptionId": "f2ad216f-2dcd-427a-843d-f94a47948637",
    "UnitId": "unit_371"
  },
  {
    "OptionId": "26c39cc6-bcfe-466a-8d83-c456a221cdb5",
    "UnitId": "unit_372"
  },
  {
    "OptionId": "29998dd2-41cc-45d7-879b-fa3562f30c00",
    "UnitId": "unit_372"
  },
  {
    "OptionId": "68272784-94fb-4688-b530-f3c3d3eee739",
    "UnitId": "unit_372"
  },
  {
    "OptionId": "8df9daf7-7323-4cfa-8821-bfd20750932d",
    "UnitId": "unit_372"
  },
  {
    "OptionId": "d2e9f4a1-7c8f-4a2d-bf7d-19b74e3f6a9b",
    "UnitId": "unit_333"
  },
  {
    "OptionId": "68272784-94fb-4688-b530-f3c3d3eee739",
    "UnitId": "unit_333"
  },
  {
    "OptionId": "c07d0691-ac1f-43cd-beb4-8edcf233f396",
    "UnitId": "unit_333"
  },
  {
    "OptionId": "68272784-94fb-4688-b530-f3c3d3eee739",
    "UnitId": "unit_338"
  },
  {
    "OptionId": "44fc68ee-c2b2-481c-a678-86d5610c22c4",
    "UnitId": "unit_338"
  },
  {
    "OptionId": "a73004af-931b-42fa-bcc2-4d049fe8d6f7",
    "UnitId": "unit_338"
  },
  {
    "OptionId": "b3848806-9f59-4703-b883-566c422cdbe9",
    "UnitId": "unit_338"
  },
  {
    "OptionId": "22a82af9-ad68-43a2-b803-c89c72b5d296",
    "UnitId": "unit_338"
  },
  {
    "OptionId": "4be8a36a-9275-415d-9fdb-a1050e4d4d49",
    "UnitId": "unit_338"
  },
  {
    "OptionId": "744a1330-acb1-4233-b8a9-1a8b6f72a6bd",
    "UnitId": "unit_338"
  },
  {
    "OptionId": "fad6cb1a-ecf9-4ca8-9c9e-c2b50f736690",
    "UnitId": "unit_338"
  },
  {
    "OptionId": "63b8947c-62e6-42f4-b0cb-777f52da7adf",
    "UnitId": "unit_338"
  },
  {
    "OptionId": "e260a755-7abe-41c1-9bca-6ad640cbdb00",
    "UnitId": "unit_338"
  },
  {
    "OptionId": "fb35f3d2-2488-4233-acd8-4ec40d418d69",
    "UnitId": "unit_341"
  },
  {
    "OptionId": "d2e9f4a1-7c8f-4a2d-bf7d-19b74e3f6a9b",
    "UnitId": "unit_341"
  },
  {
    "OptionId": "e260a755-7abe-41c1-9bca-6ad640cbdb00",
    "UnitId": "unit_341"
  },
  {
    "OptionId": "29998dd2-41cc-45d7-879b-fa3562f30c00",
    "UnitId": "unit_380"
  },
  {
    "OptionId": "d35a8cfd-ab6e-4b41-ac88-4138e78b207b",
    "UnitId": "unit_381"
  },
  {
    "OptionId": "363c2402-e888-4a98-9a94-e9d9d16715f7",
    "UnitId": "unit_384"
  },
  {
    "OptionId": "29998dd2-41cc-45d7-879b-fa3562f30c00",
    "UnitId": "unit_385"
  },
  {
    "OptionId": "e260a755-7abe-41c1-9bca-6ad640cbdb00",
    "UnitId": "unit_355"
  },
  {
    "OptionId": "29998dd2-41cc-45d7-879b-fa3562f30c00",
    "UnitId": "unit_386"
  },
  {
    "OptionId": "cc46209b-a124-4cf5-8670-2113515583c3",
    "UnitId": "unit_386"
  },
  {
    "OptionId": "e260a755-7abe-41c1-9bca-6ad640cbdb00",
    "UnitId": "unit_345"
  },
  {
    "OptionId": "521173ce-7355-4bda-b875-3257ed161089",
    "UnitId": "unit_345"
  },
  {
    "OptionId": "656ba8fb-8d84-4ac0-a847-e11af02d92b1",
    "UnitId": "unit_345"
  },
  {
    "OptionId": "a7e80f52-1aad-4e24-a855-af2b2e1ba3fe",
    "UnitId": "unit_345"
  },
  {
    "OptionId": "7d35d717-fa8d-4ed4-bccb-43d53df3f391",
    "UnitId": "unit_350"
  },
  {
    "OptionId": "74b1d2d7-9422-40dd-b6f8-104df8100f4f",
    "UnitId": "unit_350"
  },
  {
    "OptionId": "7a3edb9d-e1d1-472e-a3da-c050f36537e6",
    "UnitId": "unit_350"
  },
  {
    "OptionId": "14f08318-a936-4b3a-9075-d9200f0d3206",
    "UnitId": "unit_350"
  },
  {
    "OptionId": "a038d64e-f14f-494d-8a4b-8517e22d7c2d",
    "UnitId": "unit_350"
  },
  {
    "OptionId": "497126bb-8c98-4d2c-9bca-969a356bf329",
    "UnitId": "unit_350"
  },
  {
    "OptionId": "e260a755-7abe-41c1-9bca-6ad640cbdb00",
    "UnitId": "unit_350"
  },
  {
    "OptionId": "521173ce-7355-4bda-b875-3257ed161089",
    "UnitId": "unit_350"
  },
  {
    "OptionId": "656ba8fb-8d84-4ac0-a847-e11af02d92b1",
    "UnitId": "unit_350"
  },
  {
    "OptionId": "33baffbf-4728-4144-beba-f8c8dc093d73",
    "UnitId": "unit_350"
  },
  {
    "OptionId": "aa77f337-e0ba-4e0f-8024-ac9fd5228dce",
    "UnitId": "unit_350"
  },
  {
    "OptionId": "a7e80f52-1aad-4e24-a855-af2b2e1ba3fe",
    "UnitId": "unit_350"
  },
  {
    "OptionId": "68272784-94fb-4688-b530-f3c3d3eee739",
    "UnitId": "unit_364"
  },
  {
    "OptionId": "29998dd2-41cc-45d7-879b-fa3562f30c00",
    "UnitId": "unit_387"
  },
  {
    "OptionId": "29998dd2-41cc-45d7-879b-fa3562f30c00",
    "UnitId": "unit_374"
  },
  {
    "OptionId": "7d35d717-fa8d-4ed4-bccb-43d53df3f391",
    "UnitId": "unit_373"
  },
  {
    "OptionId": "29998dd2-41cc-45d7-879b-fa3562f30c00",
    "UnitId": "unit_373"
  },
  {
    "OptionId": "656ba8fb-8d84-4ac0-a847-e11af02d92b1",
    "UnitId": "unit_373"
  },
  {
    "OptionId": "33baffbf-4728-4144-beba-f8c8dc093d73",
    "UnitId": "unit_373"
  },
  {
    "OptionId": "b4241335-9b4a-4be0-be3b-2dc01b85c72f",
    "UnitId": "unit_373"
  }
]