[
  {
    "Id": "fb35f3d2-2488-4233-acd8-4ec40d418d69",
    "Name": "Beastie",
    "Type": "UnitGlobalChange"
  },
  {
    "Id": "93c6de29-042f-4d13-a1b1-35ab7a61965e",
    "Name": "Beastie Chariot",
    "Type": "UnitGlobalChange"
  },
  {
    "Id": "2e0e8d0b-9a31-4f5d-941c-81eeba7a2ff3",
    "Name": "Pet Monster",
    "Type": "UnitGlobalChange"
  },
  {
    "Id": "a5442be0-90be-4b44-8928-e49fcaa6f443",
    "Name": "Gargantula",
    "Type": "UnitGlobalChange"
  },
  {
    "Id": "option_1753951520179",
    "Name": "Beastie - Creepy-Crawlies",
    "Type": "UnitGlobalChange"
  },
  {
    "Id": "option_1753954225508",
    "Name": "Netter",
    "Type": "UnitSwapDisplayable",
    "DisplayableDataIdToAdd": {
      "rule_1877": ""
    }
  },
  {
    "Id": "option_1753954253573",
    "Name": "Mauler",
    "Type": "UnitSwapDisplayable",
    "DisplayableDataIdToAdd": {
      "rule_1878": ""
    }
  },
  {
    "Id": "option_1753954277100",
    "Name": "Headhunter",
    "Type": "UnitSwapDisplayable",
    "DisplayableDataIdToAdd": {
      "rule_1879": ""
    }
  },
  {
    "Id": "b562258c-3e16-4bff-ba27-801fdc0cb204",
    "Name": "Grunter",
    "Type": "UnitGlobalChange"
  },
  {
    "Id": "59c6a698-c665-46e4-8f1f-f9c51b748210",
    "Name": "Grunter Chariot",
    "Type": "UnitGlobalChange"
  },
  {
    "Id": "1c6948ef-ab6c-44c9-b903-7b2460afea59",
    "Name": "Wyvern",
    "Type": "UnitGlobalChange"
  },
  {
    "Id": "2f3841ad-9b7d-42ea-8c61-3e3471b9fd35",
    "Name": "Wyvern (Big Wing)",
    "Type": "UnitGlobalChange"
  },
  {
    "Id": "2fa68d57-8c91-4d2f-92be-4cc3e7f9d3b1",
    "Name": "Tabetha 39",
    "Type": "UnitGlobalChange"
  },
  {
    "Id": "d2e9f4a1-7c8f-4a2d-bf7d-19b74e3f6a9b",
    "Name": "Beastie (Creepy-Crawlies)",
    "Type": "UnitGlobalChange"
  },
  {
    "Id": "f3b9d1a4-6f7e-48b2-9b5f-3e8d5623d1f8",
    "Name": "The Splendid Palanquin",
    "Type": "UnitGlobalChange"
  },
  {
    "Id": "d572cb46-8f5c-4804-add5-0ba23c45a3bf",
    "Name": "Skewerer",
    "Type": "UnitSwapDisplayable",
    "DisplayableDataIdToAdd": {
      "rule_1880": ""
    }
  },
  {
    "Id": "33a231a4-feb5-4f0f-8c8e-b8549593d175",
    "Name": "Git Launcher",
    "Type": "UnitSwapDisplayable",
    "DisplayableDataIdToAdd": {
      "rule_1881": ""
    }
  },
  {
    "Id": "1019868c-3d7a-464b-af27-39f9d2142a9f",
    "Name": "Splatterer",
    "Type": "UnitSwapDisplayable",
    "DisplayableDataIdToAdd": {
      "rule_1882": ""
    }
  },
  {
    "Id": "fcb54a2c-c401-4463-bec6-eb6062f6df58",
    "Name": "Armed to the Teeth",
    "Type": "UnitSwapDisplayable",
    "DisplayableDataIdToAdd": {
      "rule_606": ""
    }
  },
  {
    "Id": "279985c7-21a6-48b9-b101-4c872652b0d7",
    "Name": "Beloved Mascots",
    "Type": "UnitSwapDisplayable"
  },
  {
    "Id": "26c39cc6-bcfe-466a-8d83-c456a221cdb5",
    "Name": "Bow and Spies",
    "Type": "UnitSwapDisplayable"
  },
  {
    "Id": "4050185b-4c6c-4cf8-8618-00f70070984a",
    "Name": "Cave Goblin",
    "Type": "UnitSwapDisplayable"
  },
  {
    "Id": "411cd10a-9ebd-48b5-8809-fe9290103372",
    "Name": "Common Goblin",
    "Type": "UnitSwapDisplayable"
  },
  {
    "Id": "68272784-94fb-4688-b530-f3c3d3eee739",
    "Name": "Creepy-Crawlies",
    "Type": "UnitSwapDisplayable",
    "DisplayableDataIdToAdd": {
      "rule_439": ""
    }
  },
  {
    "Id": "870eec56-d726-47e6-a923-573a2c3aef92",
    "Name": "Feral Orc",
    "Type": "UnitSwapDisplayable"
  },
  {
    "Id": "74b1d2d7-9422-40dd-b6f8-104df8100f4f",
    "Name": "Feral Warlord",
    "Type": "UnitSwapDisplayable"
  },
  {
    "Id": "868b4764-f8af-48c2-bcc5-a9f45da5fb52",
    "Name": "Forest Goblin",
    "Type": "UnitSwapDisplayable"
  },
  {
    "Id": "aacced8d-6c94-4721-a24b-92c081fb25f6",
    "Name": "Gnasher Dashers",
    "Type": "UnitSwapDisplayable",
    "DisplayableDataIdToAdd": {
      "rule_607": ""
    }
  },
  {
    "Id": "44fc68ee-c2b2-481c-a678-86d5610c22c4",
    "Name": "Headhunter - Beastie",
    "Type": "UnitSwapDisplayable"
  },
  {
    "Id": "a73004af-931b-42fa-bcc2-4d049fe8d6f7",
    "Name": "Headhunter - Creepy",
    "Type": "UnitSwapDisplayable"
  },
  {
    "Id": "b3848806-9f59-4703-b883-566c422cdbe9",
    "Name": "Headhunter - On Foot",
    "Type": "UnitSwapDisplayable"
  },
  {
    "Id": "d9dad7b8-cfa8-4857-888b-44a05ca4468b",
    "Name": "Heavy Armour and Crossbow",
    "Type": "UnitSwapDisplayable"
  },
  {
    "Id": "40e97832-fe3c-4ed9-a4bf-2c5f37f116a7",
    "Name": "Hond",
    "Type": "UnitSwapDisplayable"
  },
  {
    "Id": "c07d0691-ac1f-43cd-beb4-8edcf233f396",
    "Name": "Huntsman Spider",
    "Type": "UnitSwapDisplayable",
    "DisplayableDataIdToAdd": {
      "rule_617": ""
    }
  },
  {
    "Id": "363c2402-e888-4a98-9a94-e9d9d16715f7",
    "Name": "Immense Bulk",
    "Type": "UnitSwapDisplayable",
    "DisplayableDataIdToAdd": {
      "rule_612": ""
    }
  },
  {
    "Id": "14f08318-a936-4b3a-9075-d9200f0d3206",
    "Name": "Iron Orc Loner",
    "Type": "UnitSwapDisplayable"
  },
  {
    "Id": "a038d64e-f14f-494d-8a4b-8517e22d7c2d",
    "Name": "Iron Warlord",
    "Type": "UnitSwapDisplayable"
  },
  {
    "Id": "8df9daf7-7323-4cfa-8821-bfd20750932d",
    "Name": "Lance and Shield",
    "Type": "UnitSwapDisplayable"
  },
  {
    "Id": "22a82af9-ad68-43a2-b803-c89c72b5d296",
    "Name": "Mad Git",
    "Type": "UnitSwapDisplayable"
  },
  {
    "Id": "4be8a36a-9275-415d-9fdb-a1050e4d4d49",
    "Name": "Mauler - Beastie",
    "Type": "UnitSwapDisplayable"
  },
  {
    "Id": "744a1330-acb1-4233-b8a9-1a8b6f72a6bd",
    "Name": "Mauler - Creepy",
    "Type": "UnitSwapDisplayable"
  },
  {
    "Id": "470236c7-2515-4baf-bb62-40b363725ae5",
    "Name": "Nets",
    "Type": "UnitSwapDisplayable"
  },
  {
    "Id": "fad6cb1a-ecf9-4ca8-9c9e-c2b50f736690",
    "Name": "Netter - Beastie",
    "Type": "UnitSwapDisplayable"
  },
  {
    "Id": "63b8947c-62e6-42f4-b0cb-777f52da7adf",
    "Name": "Netter - Creepy",
    "Type": "UnitSwapDisplayable"
  },
  {
    "Id": "e260a755-7abe-41c1-9bca-6ad640cbdb00",
    "Name": "On Foot",
    "Type": "UnitSwapDisplayable"
  },
  {
    "Id": "521173ce-7355-4bda-b875-3257ed161089",
    "Name": "Orc Boar Chariot",
    "Type": "UnitSwapDisplayable"
  },
  {
    "Id": "aa77f337-e0ba-4e0f-8024-ac9fd5228dce",
    "Name": "Veteran Warlord",
    "Type": "UnitSwapDisplayable"
  },
  {
    "Id": "a7e80f52-1aad-4e24-a855-af2b2e1ba3fe",
    "Name": "War Boar",
    "Type": "UnitSwapDisplayable"
  },
  {
    "Id": "74a54d1a-d66a-44db-8258-c19c4b9f4c72",
    "Name": "Web Launcher",
    "Type": "UnitSwapDisplayable"
  },
  {
    "Id": "f975cb9a-a501-40d7-bb53-657e50f2e311",
    "Name": "Wrecking Ball",
    "Type": "UnitSwapDisplayable"
  }
]