[
  {
    "Id": "68357f6f790d8280c4b24525",
    "Name": "Goblin Demagogue",
    "Type": "Profile",
    "BaseId": "5",
    "DisplayableDataIds": {
      "statline_921": "",
      "statline_922": "",
      "statline_923": ""
    }
  },
  {
    "Id": "4b8856ad-0bc8-4d19-a239-297e4b3f751e",
    "Name": "Beastie",
    "Type": "Profile",
    "BaseId": "4",
    "DisplayableDataIds": {
      "statline_924": "",
      "statline_925": "",
      "statline_926": ""
    }
  },
  {
    "Id": "0ebdb68f-facc-4eb6-9ae9-74165a26526a",
    "Name": "Beastie (2)",
    "Type": "Profile",
    "BaseId": "2",
    "DisplayableDataIds": {
      "statline_927": "",
      "statline_928": "",
      "statline_929": "",
      "statline_7": ""
    }
  },
  {
    "Id": "974a0f60-b5b0-4db8-bc87-e01a19876e50",
    "Name": "Pet Monster",
    "Type": "Profile",
    "BaseId": "3",
    "DisplayableDataIds": {
      "statline_930": "",
      "statline_931": "",
      "statline_932": ""
    }
  },
  {
    "Id": "a73447aa-15ed-4a92-8011-eec837b1ac3b",
    "Name": "Rider (8)",
    "Type": "Profile",
    "BaseId": "14",
    "DisplayableDataIds": {
      "statline_933": "",
      "statline_934": "",
      "statline_935": "",
      "statline_936": ""
    }
  },
  {
    "Id": "68357f6f790d8280c4b2475e",
    "Name": "Goblin Witch",
    "Type": "Profile",
    "BaseId": "5",
    "DisplayableDataIds": {
      "statline_937": "",
      "statline_938": "",
      "statline_939": ""
    }
  },
  {
    "Id": "2cfeb0ad-8e27-40b9-bd54-902b5d50b689",
    "Name": "Beastie",
    "Type": "Profile",
    "BaseId": "4",
    "DisplayableDataIds": {
      "statline_940": "",
      "statline_941": "",
      "statline_926": ""
    }
  },
  {
    "Id": "72920905-2674-4226-8bca-90e23638d662",
    "Name": "Beastie (2)",
    "Type": "Profile",
    "BaseId": "2",
    "DisplayableDataIds": {
      "statline_942": "",
      "statline_943": "",
      "statline_929": "",
      "statline_7": ""
    }
  },
  {
    "Id": "5f5c1cfb-8bfb-49d6-ae8e-282ca09a785b",
    "Name": "Pet Monster",
    "Type": "Profile",
    "BaseId": "3",
    "DisplayableDataIds": {
      "statline_944": "",
      "statline_945": "",
      "statline_932": ""
    }
  },
  {
    "Id": "80ca8729-8b3c-462b-9fb1-9b826ff74fe2",
    "Name": "Rider (8)",
    "Type": "Profile",
    "BaseId": "14",
    "DisplayableDataIds": {
      "statline_946": "",
      "statline_934": "",
      "statline_935": "",
      "statline_936": ""
    }
  },
  {
    "Id": "68357f70790d8280c4b248ca",
    "Name": "Gogtuk Initiate - Netter",
    "Type": "Profile",
    "BaseId": "5",
    "DisplayableDataIds": {
      "statline_947": "",
      "statline_948": "",
      "statline_949": ""
    }
  },
  {
    "Id": "4b8856ad-0bc8-4d19-a239-297e4b3f991e",
    "Name": "Beastie - Creepy-Crawlies",
    "Type": "Profile",
    "BaseId": "4",
    "DisplayableDataIds": {
      "statline_924": "",
      "statline_925": "",
      "statline_950": ""
    }
  },
  {
    "Id": "68357f70790d8280c4b248cc",
    "Name": "Gogtuk Initiate - Mauler",
    "Type": "Profile",
    "BaseId": "5",
    "DisplayableDataIds": {
      "statline_951": "",
      "statline_948": "",
      "statline_952": ""
    }
  },
  {
    "Id": "68357f70790d8280c4b248cb",
    "Name": "Gogtuk Initiate - Headhunter",
    "Type": "Profile",
    "BaseId": "5",
    "DisplayableDataIds": {
      "statline_953": "",
      "statline_948": "",
      "statline_954": ""
    }
  },
  {
    "Id": "68357f70790d8280c4b2492d",
    "Name": "Mad Git",
    "Type": "Profile",
    "BaseId": "1",
    "DisplayableDataIds": {
      "statline_955": "",
      "statline_956": "",
      "statline_957": ""
    }
  },
  {
    "Id": "c1b49d82e7a05f7d917ad8b5f",
    "Name": "Orc Shaman",
    "Type": "Profile",
    "BaseId": "1",
    "DisplayableDataIds": {
      "statline_958": "",
      "statline_959": "",
      "statline_960": ""
    }
  },
  {
    "Id": "448796cf-fb67-4790-9c70-577601870c16",
    "Name": "Grunter",
    "Type": "Profile",
    "BaseId": "4",
    "DisplayableDataIds": {
      "statline_961": "",
      "statline_962": "",
      "statline_963": ""
    }
  },
  {
    "Id": "da0ac3f9-980f-4b35-8743-9f1376c8d4af",
    "Name": "Grunter (2)",
    "Type": "Profile",
    "BaseId": "2",
    "DisplayableDataIds": {
      "statline_964": "",
      "statline_965": "",
      "statline_966": "",
      "statline_7": ""
    }
  },
  {
    "Id": "52169ece-81c0-4e20-affc-f88e9b98e335",
    "Name": "Wyvern",
    "Type": "Profile",
    "BaseId": "6",
    "DisplayableDataIds": {
      "statline_967": "",
      "statline_968": "",
      "statline_969": ""
    }
  },
  {
    "Id": "6c3a7e9d-2f14-42b1-bd2e-12a1e02d890c",
    "Name": "Wyvern (Big Wing)",
    "Type": "Profile",
    "BaseId": "17",
    "DisplayableDataIds": {
      "statline_970": "",
      "statline_971": "",
      "statline_972": ""
    }
  },
  {
    "Id": "9b3d7eac257f1a4836c9a4d12",
    "Name": "Orc Warlord",
    "Type": "Profile",
    "BaseId": "1",
    "DisplayableDataIds": {
      "statline_973": "",
      "statline_974": "",
      "statline_975": ""
    }
  },
  {
    "Id": "b3ec713e-3a07-4956-90cf-d56f18ee64f1",
    "Name": "Grunter",
    "Type": "Profile",
    "BaseId": "4",
    "DisplayableDataIds": {
      "statline_976": "",
      "statline_977": "",
      "statline_963": ""
    }
  },
  {
    "Id": "51621983-2aff-4aca-84ab-e6c0b96ae03e",
    "Name": "Grunter (2)",
    "Type": "Profile",
    "BaseId": "2",
    "DisplayableDataIds": {
      "statline_978": "",
      "statline_965": "",
      "statline_60": "",
      "statline_7": ""
    }
  },
  {
    "Id": "aff0a0fa-571d-40fb-b877-8a567ac77b81",
    "Name": "Wyvern",
    "Type": "Profile",
    "BaseId": "6",
    "DisplayableDataIds": {
      "statline_979": "",
      "statline_968": "",
      "statline_980": ""
    }
  },
  {
    "Id": "f29d6f7b-4a6b-420b-a973-00d0a7e7b0d6",
    "Name": "Wyvern (Big Wing)",
    "Type": "Profile",
    "BaseId": "17",
    "DisplayableDataIds": {
      "statline_981": "",
      "statline_971": "",
      "statline_982": ""
    }
  },
  {
    "Id": "9a347d2f30f5a8b6c9b09fdf2",
    "Name": "Iron Orc Loner",
    "Type": "Profile",
    "BaseId": "1",
    "DisplayableDataIds": {
      "statline_983": "",
      "statline_984": "",
      "statline_985": ""
    }
  },
  {
    "Id": "d69c60ee-d25b-4d63-968f-727e25bcf3f2",
    "Name": "Grunter",
    "Type": "Profile",
    "BaseId": "4",
    "DisplayableDataIds": {
      "statline_986": "",
      "statline_987": "",
      "statline_963": ""
    }
  },
  {
    "Id": "760113c6-ee7c-428b-891d-4abd6a1f9bcd",
    "Name": "Grunter (2)",
    "Type": "Profile",
    "BaseId": "2",
    "DisplayableDataIds": {
      "statline_988": "",
      "statline_989": "",
      "statline_60": "",
      "statline_7": ""
    }
  },
  {
    "Id": "76838a98-00a6-4831-bda1-2f9ab22b12c1",
    "Name": "Wyvern",
    "Type": "Profile",
    "BaseId": "6",
    "DisplayableDataIds": {
      "statline_990": "",
      "statline_991": "",
      "statline_980": ""
    }
  },
  {
    "Id": "f97b2c7e-56a9-4739-bf7d-8c2d4e5a7f03",
    "Name": "Wyvern (Big Wing)",
    "Type": "Profile",
    "BaseId": "17",
    "DisplayableDataIds": {
      "statline_992": "",
      "statline_993": "",
      "statline_982": ""
    }
  },
  {
    "Id": "68357f72790d8280c4b24cfe",
    "Name": "Brood Alpha",
    "Type": "Profile",
    "BaseId": "1",
    "DisplayableDataIds": {
      "statline_994": "",
      "statline_995": "",
      "statline_996": ""
    }
  },
  {
    "Id": "d2a6fcb9238d9f4a7b12c8e17",
    "Name": "Amokek, the Only King",
    "Type": "Profile",
    "BaseId": "1",
    "DisplayableDataIds": {
      "statline_997": "",
      "statline_998": "",
      "statline_999": ""
    }
  },
  {
    "Id": "a4f5c2d3-dad6-4bcb-bb21-e9a384ba0dff",
    "Name": "Tabetha 39",
    "Type": "Profile",
    "BaseId": "4",
    "DisplayableDataIds": {
      "statline_1000": "",
      "statline_1001": "",
      "statline_1002": ""
    }
  },
  {
    "Id": "b5f9c4a3d8b7e1a9d6c2f0e18",
    "Name": "Lerrgog, the Smart Troll",
    "Type": "Profile",
    "BaseId": "3",
    "DisplayableDataIds": {
      "statline_1003": "",
      "statline_1004": "",
      "statline_1005": ""
    }
  },
  {
    "Id": "f4927d8a3c5b1e7a9d4c8b6e1",
    "Name": "The Splendid Leader",
    "Type": "Profile",
    "BaseId": "1",
    "DisplayableDataIds": {
      "statline_1006": "",
      "statline_1007": "",
      "statline_1008": ""
    }
  },
  {
    "Id": "a3b72d9f-8c7e-4b2a-9f0d-2e88f7b2c9d1",
    "Name": "Beastie",
    "Type": "Profile",
    "BaseId": "4",
    "DisplayableDataIds": {
      "statline_1009": "",
      "statline_1010": "",
      "statline_926": ""
    }
  },
  {
    "Id": "f9a84d2b-1d7f-4c3a-8e5b-3f09c8a6d2e7",
    "Name": "Beastie (Creepy-Crawlies)",
    "Type": "Profile",
    "BaseId": "4",
    "DisplayableDataIds": {
      "statline_1011": "",
      "statline_1010": "",
      "statline_950": ""
    }
  },
  {
    "Id": "d72f1c5a-2e3b-4d8d-85c6-6a9a42d3bf1d",
    "Name": "The Splendid Palanquin",
    "Type": "Profile",
    "BaseId": "18",
    "DisplayableDataIds": {
      "statline_1012": "",
      "statline_1013": "",
      "statline_1014": ""
    }
  },
  {
    "Id": "a84d7e1f-1c2b-47f9-bfc4-88c9fa4ab93f",
    "Name": "Beastie Chariot",
    "Type": "Profile",
    "BaseId": "2",
    "DisplayableDataIds": {
      "statline_1015": "",
      "statline_1016": "",
      "statline_929": "",
      "statline_1017": ""
    }
  },
  {
    "Id": "68357f72790d8280c4b24e0e",
    "Name": "Feral Orcs",
    "Type": "Profile",
    "BaseId": "1",
    "DisplayableDataIds": {
      "statline_1018": "",
      "statline_1019": "",
      "statline_1020": ""
    }
  },
  {
    "Id": "68357f73790d8280c4b24e4a",
    "Name": "Feral Orc Marauders",
    "Type": "Profile",
    "BaseId": "4",
    "DisplayableDataIds": {
      "statline_1021": "",
      "statline_1022": "",
      "statline_1023": "",
      "statline_963": ""
    }
  },
  {
    "Id": "68357f73790d8280c4b24e80",
    "Name": "Goblin Rabble",
    "Type": "Profile",
    "BaseId": "5",
    "DisplayableDataIds": {
      "statline_1024": "",
      "statline_1025": "",
      "statline_1026": ""
    }
  },
  {
    "Id": "68357f73790d8280c4b24ec2",
    "Name": "Goblin Reavers",
    "Type": "Profile",
    "BaseId": "4",
    "DisplayableDataIds": {
      "statline_1027": "",
      "statline_1028": "",
      "statline_1026": "",
      "statline_926": ""
    }
  },
  {
    "Id": "68357f73790d8280c4b24f01",
    "Name": "Veteran Orcs",
    "Type": "Profile",
    "BaseId": "1",
    "DisplayableDataIds": {
      "statline_1029": "",
      "statline_1030": "",
      "statline_1031": ""
    }
  },
  {
    "Id": "68357f73790d8280c4b24f49",
    "Name": "Veteran Orc Marauders",
    "Type": "Profile",
    "BaseId": "4",
    "DisplayableDataIds": {
      "statline_1032": "",
      "statline_1033": "",
      "statline_1034": "",
      "statline_963": ""
    }
  },
  {
    "Id": "68357f74790d8280c4b24f7d",
    "Name": "Giant",
    "Type": "Profile",
    "BaseId": "7",
    "DisplayableDataIds": {
      "statline_1035": "",
      "statline_1036": "",
      "statline_1037": ""
    }
  },
  {
    "Id": "68357f74790d8280c4b24f86",
    "Name": "Gnashers",
    "Type": "Profile",
    "BaseId": "5",
    "DisplayableDataIds": {
      "statline_1038": "",
      "statline_1039": "",
      "statline_1040": ""
    }
  },
  {
    "Id": "68357f74790d8280c4b24f8b",
    "Name": "Gnashers",
    "Type": "Profile",
    "BaseId": "5",
    "DisplayableDataIds": {
      "statline_1038": "",
      "statline_1039": "",
      "statline_1040": ""
    }
  },
  {
    "Id": "68357f74790d8280c4b24f8e",
    "Name": "Goblin Artillery",
    "Type": "Profile",
    "BaseId": "11",
    "DisplayableDataIds": {
      "statline_1041": "",
      "statline_1042": "",
      "statline_1043": ""
    }
  },
  {
    "Id": "68357f75790d8280c4b24fa4",
    "Name": "Goblin Chariots",
    "Type": "Profile",
    "BaseId": "2",
    "DisplayableDataIds": {
      "statline_1044": "",
      "statline_1045": "",
      "statline_1046": "",
      "statline_929": "",
      "statline_7": ""
    }
  },
  {
    "Id": "68357f75790d8280c4b24fa9",
    "Name": "Gogtuk Neophytes",
    "Type": "Profile",
    "BaseId": "5",
    "DisplayableDataIds": {
      "statline_1047": "",
      "statline_1048": "",
      "statline_1049": ""
    }
  },
  {
    "Id": "68357f75790d8280c4b24fc5",
    "Name": "Great Green Idol",
    "Type": "Profile",
    "BaseId": "12",
    "DisplayableDataIds": {
      "statline_1050": "",
      "statline_1051": "",
      "statline_1052": ""
    }
  },
  {
    "Id": "68357f75790d8280c4b24fc8",
    "Name": "Grotlings",
    "Type": "Profile",
    "BaseId": "3",
    "DisplayableDataIds": {
      "statline_1053": "",
      "statline_1054": "",
      "statline_1055": ""
    }
  },
  {
    "Id": "68357f75790d8280c4b24fcb",
    "Name": "Grotling Scrap Wagon",
    "Type": "Profile",
    "BaseId": "2",
    "DisplayableDataIds": {
      "statline_1056": "",
      "statline_1057": "",
      "statline_1055": "",
      "statline_1058": ""
    }
  },
  {
    "Id": "68357f76790d8280c4b24fcc",
    "Name": "Guardian Behemoth",
    "Type": "Profile",
    "BaseId": "2",
    "DisplayableDataIds": {
      "statline_1059": "",
      "statline_1060": "",
      "statline_1061": "",
      "statline_1062": ""
    }
  },
  {
    "Id": "68357f76790d8280c4b24fd5",
    "Name": "Iron Orc Chariots",
    "Type": "Profile",
    "BaseId": "2",
    "DisplayableDataIds": {
      "statline_1063": "",
      "statline_1064": "",
      "statline_1065": "",
      "statline_60": "",
      "statline_1066": ""
    }
  },
  {
    "Id": "68357f76790d8280c4b2500b",
    "Name": "Iron Orcs",
    "Type": "Profile",
    "BaseId": "1",
    "DisplayableDataIds": {
      "statline_1067": "",
      "statline_1068": "",
      "statline_1069": ""
    }
  },
  {
    "Id": "68357f76790d8280c4b25047",
    "Name": "Trolls",
    "Type": "Profile",
    "BaseId": "3",
    "DisplayableDataIds": {
      "statline_1070": "",
      "statline_1071": "",
      "statline_1072": ""
    }
  },
  {
    "Id": "68357f76790d8280c4b2504e",
    "Name": "Wrecking Team",
    "Type": "Profile",
    "BaseId": "11",
    "DisplayableDataIds": {
      "statline_1073": "",
      "statline_1074": "",
      "statline_1075": ""
    }
  }
]