[
  {
    "Id": "statline_921",
    "Name": "Goblin Demagogue",
    "Type": "Statline",
    "Attributes": {
      "Ad": "4",
      "Ma": "4",
      "Di": "8",
      "Hgt": "1"
    },
    "DisplayableDataIds": {
      "rule_420": "",
      "rule_6": "(Goblin, Troll)",
      "rule_3": "",
      "rule_133": "",
      "rule_17": "",
      "rule_18": "",
      "rule_4": ""
    }
  },
  {
    "Id": "statline_922",
    "Name": "Goblin Demagogue",
    "Type": "Statline",
    "Attributes": {
      "HP": "3",
      "Df": "4",
      "Re": "4",
      "Arm": "2"
    }
  },
  {
    "Id": "statline_923",
    "Name": "Goblin Demagogue",
    "Type": "Statline",
    "Attributes": {
      "At": "3",
      "Of": "4",
      "St": "4",
      "AP": "2",
      "Ag": "5"
    }
  },
  {
    "Id": "statline_924",
    "Name": "Beastie",
    "Type": "Statline",
    "Attributes": {
      "Ad": "8",
      "Ma": "8",
      "Di": "8",
      "Hgt": "2"
    },
    "DisplayableDataIds": {
      "rule_420": "",
      "rule_6": "(Goblin, Troll)",
      "rule_3": "",
      "rule_133": "",
      "rule_4": "",
      "rule_5": "",
      "rule_17": "",
      "rule_18": ""
    }
  },
  {
    "Id": "statline_925",
    "Name": "Beastie",
    "Type": "Statline",
    "Attributes": {
      "HP": "3",
      "Df": "4",
      "Re": "4",
      "Arm": "3"
    }
  },
  {
    "Id": "statline_926",
    "Name": "Beastie",
    "Type": "Statline",
    "Attributes": {
      "At": "2",
      "Of": "3",
      "St": "3",
      "AP": "1",
      "Ag": "3"
    }
  },
  {
    "Id": "statline_927",
    "Name": "Beastie (2)",
    "Type": "Statline",
    "Attributes": {
      "Ad": "8",
      "Ma": "4",
      "Di": "8",
      "Hgt": "4"
    },
    "DisplayableDataIds": {
      "rule_420": "",
      "rule_6": "(Goblin, Troll)",
      "rule_3": "",
      "rule_133": "",
      "rule_5": "",
      "rule_4": "",
      "rule_17": "",
      "rule_18": ""
    }
  },
  {
    "Id": "statline_928",
    "Name": "Beastie (2)",
    "Type": "Statline",
    "Attributes": {
      "HP": "4",
      "Df": "4",
      "Re": "4",
      "Arm": "3"
    }
  },
  {
    "Id": "statline_929",
    "Name": "Beastie (2)",
    "Type": "Statline",
    "Attributes": {
      "At": "2",
      "Of": "3",
      "St": "3",
      "AP": "1",
      "Ag": "3"
    }
  },
  {
    "Id": "statline_930",
    "Name": "Pet Monster",
    "Type": "Statline",
    "Attributes": {
      "Ad": "7",
      "Ma": "7",
      "Di": "8",
      "Hgt": "3"
    },
    "DisplayableDataIds": {
      "rule_420": "",
      "rule_6": "(Goblin, Troll)",
      "rule_3": "",
      "rule_133": "",
      "rule_5": "",
      "rule_17": "",
      "rule_18": "",
      "rule_4": ""
    }
  },
  {
    "Id": "statline_931",
    "Name": "Pet Monster",
    "Type": "Statline",
    "Attributes": {
      "HP": "3",
      "Df": "4",
      "Re": "4",
      "Arm": "3"
    }
  },
  {
    "Id": "statline_932",
    "Name": "Pet Monster",
    "Type": "Statline",
    "Attributes": {
      "At": "4",
      "Of": "4",
      "St": "5",
      "AP": "2",
      "Ag": "4"
    }
  },
  {
    "Id": "statline_933",
    "Name": "Rider (8)",
    "Type": "Statline",
    "Attributes": {
      "Ad": "7",
      "Ma": "7",
      "Di": "8",
      "Hgt": "5"
    },
    "DisplayableDataIds": {
      "rule_420": "",
      "rule_6": "(Goblin, Troll)",
      "rule_3": "",
      "rule_133": "",
      "rule_21": "",
      "rule_421": "",
      "rule_5": "",
      "rule_45": "",
      "rule_11": "",
      "rule_17": "",
      "rule_18": "",
      "rule_4": ""
    }
  },
  {
    "Id": "statline_934",
    "Name": "Rider (8)",
    "Type": "Statline",
    "Attributes": {
      "HP": "8",
      "Df": "3",
      "Re": "6",
      "Arm": "3"
    }
  },
  {
    "Id": "statline_935",
    "Name": "Rider (8)",
    "Type": "Statline",
    "Attributes": {
      "At": "1",
      "Of": "2",
      "St": "4",
      "AP": "2",
      "Ag": "4"
    },
    "DisplayableDataIds": {
      "rule_278": "",
      "rule_31": "(4+)"
    }
  },
  {
    "Id": "statline_936",
    "Name": "Gargantula",
    "Type": "Statline",
    "Attributes": {
      "At": "6",
      "Of": "3",
      "St": "6",
      "AP": "3",
      "Ag": "4"
    },
    "DisplayableDataIds": {
      "rule_46": "(D6)"
    }
  },
  {
    "Id": "statline_937",
    "Name": "Goblin Witch",
    "Type": "Statline",
    "Attributes": {
      "Ad": "4",
      "Ma": "4",
      "Di": "8",
      "Hgt": "1"
    },
    "DisplayableDataIds": {
      "rule_420": "",
      "rule_6": "(Goblin, Troll)",
      "rule_133": "",
      "rule_4": "",
      "rule_112": ""
    }
  },
  {
    "Id": "statline_938",
    "Name": "Goblin Witch",
    "Type": "Statline",
    "Attributes": {
      "HP": "3",
      "Df": "2",
      "Re": "3",
      "Arm": "1"
    }
  },
  {
    "Id": "statline_939",
    "Name": "Goblin Witch",
    "Type": "Statline",
    "Attributes": {
      "At": "1",
      "Of": "2",
      "St": "2",
      "AP": "0",
      "Ag": "3"
    }
  },
  {
    "Id": "statline_940",
    "Name": "Beastie",
    "Type": "Statline",
    "Attributes": {
      "Ad": "8",
      "Ma": "8",
      "Di": "8",
      "Hgt": "2"
    },
    "DisplayableDataIds": {
      "rule_420": "",
      "rule_6": "(Goblin, Troll)",
      "rule_133": "",
      "rule_4": "",
      "rule_5": "",
      "rule_112": ""
    }
  },
  {
    "Id": "statline_941",
    "Name": "Beastie",
    "Type": "Statline",
    "Attributes": {
      "HP": "3",
      "Df": "2",
      "Re": "3",
      "Arm": "2"
    }
  },
  {
    "Id": "statline_942",
    "Name": "Beastie (2)",
    "Type": "Statline",
    "Attributes": {
      "Ad": "8",
      "Ma": "4",
      "Di": "8",
      "Hgt": "4"
    },
    "DisplayableDataIds": {
      "rule_420": "",
      "rule_6": "(Goblin, Troll)",
      "rule_133": "",
      "rule_5": "",
      "rule_4": "",
      "rule_112": ""
    }
  },
  {
    "Id": "statline_943",
    "Name": "Beastie (2)",
    "Type": "Statline",
    "Attributes": {
      "HP": "4",
      "Df": "2",
      "Re": "4",
      "Arm": "2"
    }
  },
  {
    "Id": "statline_944",
    "Name": "Pet Monster",
    "Type": "Statline",
    "Attributes": {
      "Ad": "7",
      "Ma": "7",
      "Di": "8",
      "Hgt": "3"
    },
    "DisplayableDataIds": {
      "rule_420": "",
      "rule_6": "(Goblin, Troll)",
      "rule_133": "",
      "rule_5": "",
      "rule_4": "",
      "rule_112": ""
    }
  },
  {
    "Id": "statline_945",
    "Name": "Pet Monster",
    "Type": "Statline",
    "Attributes": {
      "HP": "3",
      "Df": "2",
      "Re": "4",
      "Arm": "2"
    }
  },
  {
    "Id": "statline_946",
    "Name": "Rider (8)",
    "Type": "Statline",
    "Attributes": {
      "Ad": "7",
      "Ma": "7",
      "Di": "8",
      "Hgt": "5"
    },
    "DisplayableDataIds": {
      "rule_420": "",
      "rule_6": "(Goblin, Troll)",
      "rule_133": "",
      "rule_21": "",
      "rule_421": "",
      "rule_5": "",
      "rule_45": "",
      "rule_11": "",
      "rule_4": "",
      "rule_112": ""
    }
  },
  {
    "Id": "statline_947",
    "Name": "Gogtuk Initiate",
    "Type": "Statline",
    "Attributes": {
      "Ad": "4",
      "Ma": "4",
      "Di": "7",
      "Hgt": "1"
    },
    "DisplayableDataIds": {
      "rule_18": "",
      "rule_420": "",
      "rule_422": "",
      "rule_133": "",
      "rule_181": "",
      "rule_6": "(Goblin)",
      "rule_423": "",
      "rule_424": "",
      "rule_188": "(-3 Off)"
    }
  },
  {
    "Id": "statline_948",
    "Name": "Gogtuk Initiate",
    "Type": "Statline",
    "Attributes": {
      "HP": "2",
      "Df": "4",
      "Re": "3",
      "Arm": "1"
    },
    "DisplayableDataIds": {
      "rule_121": "(1)"
    }
  },
  {
    "Id": "statline_949",
    "Name": "Gogtuk Initiate - Netter",
    "Type": "Statline",
    "Attributes": {
      "At": "2",
      "Of": "4",
      "St": "4",
      "AP": "2",
      "Ag": "4"
    },
    "DisplayableDataIds": {
      "rule_32": ""
    }
  },
  {
    "Id": "statline_950",
    "Name": "Beastie",
    "Type": "Statline",
    "Attributes": {
      "At": "2",
      "Of": "3",
      "St": "3",
      "AP": "1",
      "Ag": "3"
    },
    "DisplayableDataIds": {
      "rule_421": ""
    }
  },
  {
    "Id": "statline_951",
    "Name": "Gogtuk Initiate - Mauler",
    "Type": "Statline",
    "Attributes": {
      "Ad": "4",
      "Ma": "4",
      "Di": "7",
      "Hgt": "1"
    },
    "DisplayableDataIds": {
      "rule_18": "",
      "rule_420": "",
      "rule_422": "",
      "rule_133": "",
      "rule_181": "",
      "rule_6": "(Goblin)",
      "rule_423": "",
      "rule_1550": ""
    }
  },
  {
    "Id": "statline_952",
    "Name": "Gogtuk Initiate - Mauler",
    "Type": "Statline",
    "Attributes": {
      "At": "2",
      "Of": "4",
      "St": "4",
      "AP": "2",
      "Ag": "4"
    },
    "DisplayableDataIds": {
      "rule_39": ""
    }
  },
  {
    "Id": "statline_953",
    "Name": "Gogtuk Initiate - Headhunter",
    "Type": "Statline",
    "Attributes": {
      "Ad": "4",
      "Ma": "4",
      "Di": "7",
      "Hgt": "1"
    },
    "DisplayableDataIds": {
      "rule_18": "",
      "rule_420": "",
      "rule_422": "",
      "rule_133": "",
      "rule_181": "",
      "rule_6": "(Goblin)",
      "rule_423": "",
      "rule_55": "(Melee and Shooting)"
    }
  },
  {
    "Id": "statline_954",
    "Name": "Gogtuk Initiate - Headhunter",
    "Type": "Statline",
    "Attributes": {
      "At": "2",
      "Of": "4",
      "St": "4",
      "AP": "2",
      "Ag": "4"
    },
    "DisplayableDataIds": {
      "rule_32": "",
      "rule_348": "(4+, Shots 3)"
    }
  },
  {
    "Id": "statline_955",
    "Name": "Mad Git",
    "Type": "Statline",
    "Attributes": {
      "Ad": "2D6",
      "Ma": "2D6",
      "Di": "7",
      "Hgt": "1"
    },
    "DisplayableDataIds": {
      "rule_21": "",
      "rule_427": "",
      "rule_420": "",
      "rule_33": "",
      "rule_40": "(2D6\")",
      "rule_423": "",
      "rule_11": "",
      "rule_133": ""
    }
  },
  {
    "Id": "statline_956",
    "Name": "Mad Git",
    "Type": "Statline",
    "Attributes": {
      "HP": "2",
      "Df": "4",
      "Re": "3",
      "Arm": "1"
    }
  },
  {
    "Id": "statline_957",
    "Name": null,
    "Type": "Statline",
    "Attributes": {
      "At": "0",
      "Of": "4",
      "St": "4",
      "AP": "2",
      "Ag": "4"
    },
    "DisplayableDataIds": {
      "rule_428": "(2D6)"
    }
  },
  {
    "Id": "statline_958",
    "Name": "Orc Shaman",
    "Type": "Statline",
    "Attributes": {
      "Ad": "4",
      "Ma": "4",
      "Di": "8",
      "Hgt": "1"
    },
    "DisplayableDataIds": {
      "rule_6": "(Orc, Troll)",
      "rule_4": "",
      "rule_24": "",
      "rule_20": ""
    }
  },
  {
    "Id": "statline_959",
    "Name": "Orc Shaman",
    "Type": "Statline",
    "Attributes": {
      "HP": "3",
      "Df": "3",
      "Re": "5",
      "Arm": "1"
    }
  },
  {
    "Id": "statline_960",
    "Name": "Orc Shaman",
    "Type": "Statline",
    "Attributes": {
      "At": "2",
      "Of": "3",
      "St": "4",
      "AP": "1",
      "Ag": "2"
    },
    "DisplayableDataIds": {
      "rule_429": ""
    }
  },
  {
    "Id": "statline_961",
    "Name": "Grunter",
    "Type": "Statline",
    "Attributes": {
      "Ad": "7",
      "Ma": "7",
      "Di": "9",
      "Hgt": "2"
    },
    "DisplayableDataIds": {
      "rule_6": "(Orc)",
      "rule_5": "",
      "rule_4": "",
      "rule_24": "",
      "rule_20": ""
    }
  },
  {
    "Id": "statline_962",
    "Name": "Grunter",
    "Type": "Statline",
    "Attributes": {
      "HP": "3",
      "Df": "6",
      "Re": "5",
      "Arm": "3"
    }
  },
  {
    "Id": "statline_963",
    "Name": "Grunter",
    "Type": "Statline",
    "Attributes": {
      "At": "1",
      "Of": "3",
      "St": "4",
      "AP": "1",
      "Ag": "2"
    },
    "DisplayableDataIds": {
      "rule_9": "(+1 Str, +1 AP)"
    }
  },
  {
    "Id": "statline_964",
    "Name": "Grunter (2)",
    "Type": "Statline",
    "Attributes": {
      "Ad": "7",
      "Ma": "4",
      "Di": "9",
      "Hgt": "4"
    },
    "DisplayableDataIds": {
      "rule_6": "(Grunter Chariot, Iron Orc Chariots)",
      "rule_4": "",
      "rule_5": "",
      "rule_24": "",
      "rule_20": ""
    }
  },
  {
    "Id": "statline_965",
    "Name": "Grunter (2)",
    "Type": "Statline",
    "Attributes": {
      "HP": "4",
      "Df": "6",
      "Re": "5",
      "Arm": "5"
    }
  },
  {
    "Id": "statline_966",
    "Name": "Grunter (2)",
    "Type": "Statline",
    "Attributes": {
      "At": "2",
      "Of": "3",
      "St": "4",
      "AP": "1",
      "Ag": "2"
    },
    "DisplayableDataIds": {
      "rule_9": "(+1 Str, +1 AP)"
    }
  },
  {
    "Id": "statline_967",
    "Name": "Wyvern",
    "Type": "Statline",
    "Attributes": {
      "Ad": "8",
      "Ma": "8",
      "Di": "9",
      "Hgt": "4"
    },
    "DisplayableDataIds": {
      "rule_44": "",
      "rule_4": "",
      "rule_11": "",
      "rule_5": "",
      "rule_24": "",
      "rule_20": ""
    }
  },
  {
    "Id": "statline_968",
    "Name": "Wyvern",
    "Type": "Statline",
    "Attributes": {
      "HP": "5",
      "Df": "6",
      "Re": "5",
      "Arm": "4"
    }
  },
  {
    "Id": "statline_969",
    "Name": "Wyvern",
    "Type": "Statline",
    "Attributes": {
      "At": "5",
      "Of": "5",
      "St": "6",
      "AP": "3",
      "Ag": "4"
    },
    "DisplayableDataIds": {
      "rule_55": "",
      "rule_46": "(1)"
    }
  },
  {
    "Id": "statline_970",
    "Name": "Wyvern (Big Wing)",
    "Type": "Statline",
    "Attributes": {
      "Ad": "8",
      "Ma": "8",
      "Di": "9",
      "Hgt": "4"
    },
    "DisplayableDataIds": {
      "rule_44": "",
      "rule_4": "",
      "rule_11": "",
      "rule_5": "",
      "rule_24": "",
      "rule_20": ""
    }
  },
  {
    "Id": "statline_971",
    "Name": "Wyvern (Big Wing)",
    "Type": "Statline",
    "Attributes": {
      "HP": "5",
      "Df": "6",
      "Re": "5",
      "Arm": "4"
    }
  },
  {
    "Id": "statline_972",
    "Name": "Wyvern (Big Wing)",
    "Type": "Statline",
    "Attributes": {
      "At": "5",
      "Of": "5",
      "St": "6",
      "AP": "3",
      "Ag": "4"
    },
    "DisplayableDataIds": {
      "rule_55": "",
      "rule_46": "(D3+1)"
    }
  },
  {
    "Id": "statline_973",
    "Name": "Orc Warlord",
    "Type": "Statline",
    "Attributes": {
      "Ad": "4",
      "Ma": "4",
      "Di": "9",
      "Hgt": "1"
    },
    "DisplayableDataIds": {
      "rule_3": "",
      "rule_6": "(Orc)",
      "rule_430": "",
      "rule_4": "",
      "rule_24": ""
    }
  },
  {
    "Id": "statline_974",
    "Name": "Orc Warlord",
    "Type": "Statline",
    "Attributes": {
      "HP": "3",
      "Df": "6",
      "Re": "5",
      "Arm": "3"
    }
  },
  {
    "Id": "statline_975",
    "Name": "Orc Warlord",
    "Type": "Statline",
    "Attributes": {
      "At": "4",
      "Of": "6",
      "St": "5",
      "AP": "2",
      "Ag": "4"
    },
    "DisplayableDataIds": {
      "rule_429": "",
      "rule_23": ""
    }
  },
  {
    "Id": "statline_976",
    "Name": "Grunter",
    "Type": "Statline",
    "Attributes": {
      "Ad": "7",
      "Ma": "7",
      "Di": "9",
      "Hgt": "2"
    },
    "DisplayableDataIds": {
      "rule_3": "",
      "rule_6": "(Orc)",
      "rule_430": "",
      "rule_5": "",
      "rule_24": ""
    }
  },
  {
    "Id": "statline_977",
    "Name": "Grunter",
    "Type": "Statline",
    "Attributes": {
      "HP": "3",
      "Df": "6",
      "Re": "5",
      "Arm": "5"
    }
  },
  {
    "Id": "statline_978",
    "Name": "Grunter (2)",
    "Type": "Statline",
    "Attributes": {
      "Ad": "7",
      "Ma": "4",
      "Di": "9",
      "Hgt": "4"
    },
    "DisplayableDataIds": {
      "rule_3": "",
      "rule_6": "(Grunter Chariot, Iron Orc Chariots)",
      "rule_430": "",
      "rule_4": "",
      "rule_5": "",
      "rule_24": ""
    }
  },
  {
    "Id": "statline_979",
    "Name": "Wyvern",
    "Type": "Statline",
    "Attributes": {
      "Ad": "8",
      "Ma": "8",
      "Di": "9",
      "Hgt": "4"
    },
    "DisplayableDataIds": {
      "rule_3": "",
      "rule_44": "",
      "rule_430": "",
      "rule_4": "",
      "rule_11": "",
      "rule_5": "",
      "rule_24": ""
    }
  },
  {
    "Id": "statline_980",
    "Name": "Wyvern",
    "Type": "Statline",
    "Attributes": {
      "At": "4",
      "Of": "5",
      "St": "6",
      "AP": "3",
      "Ag": "4"
    },
    "DisplayableDataIds": {
      "rule_55": "",
      "rule_46": "(1)"
    }
  },
  {
    "Id": "statline_981",
    "Name": "Wyvern (Big Wing)",
    "Type": "Statline",
    "Attributes": {
      "Ad": "8",
      "Ma": "8",
      "Di": "9",
      "Hgt": "4"
    },
    "DisplayableDataIds": {
      "rule_3": "",
      "rule_44": "",
      "rule_430": "",
      "rule_4": "",
      "rule_11": "",
      "rule_5": "",
      "rule_24": ""
    }
  },
  {
    "Id": "statline_982",
    "Name": "Wyvern (Big Wing)",
    "Type": "Statline",
    "Attributes": {
      "At": "4",
      "Of": "5",
      "St": "6",
      "AP": "3",
      "Ag": "4"
    },
    "DisplayableDataIds": {
      "rule_55": "",
      "rule_46": "(D3+1)"
    }
  },
  {
    "Id": "statline_983",
    "Name": "Iron Orc Loner",
    "Type": "Statline",
    "Attributes": {
      "Ad": "4",
      "Ma": "4",
      "Di": "9",
      "Hgt": "1"
    },
    "DisplayableDataIds": {
      "rule_21": "",
      "rule_357": "",
      "rule_4": "",
      "rule_11": "",
      "rule_41": "",
      "rule_24": ""
    }
  },
  {
    "Id": "statline_984",
    "Name": "Iron Orc Loner",
    "Type": "Statline",
    "Attributes": {
      "HP": "3",
      "Df": "6",
      "Re": "5",
      "Arm": "3"
    },
    "DisplayableDataIds": {
      "rule_27": ""
    }
  },
  {
    "Id": "statline_985",
    "Name": "Iron Orc Loner",
    "Type": "Statline",
    "Attributes": {
      "At": "4",
      "Of": "6",
      "St": "5",
      "AP": "2",
      "Ag": "4",
      "Agi": "0"
    },
    "DisplayableDataIds": {
      "rule_232": "",
      "rule_39": "",
      "rule_278": "",
      "rule_32": ""
    }
  },
  {
    "Id": "statline_986",
    "Name": "Grunter",
    "Type": "Statline",
    "Attributes": {
      "Ad": "7",
      "Ma": "7",
      "Di": "8",
      "Hgt": "2"
    },
    "DisplayableDataIds": {
      "rule_21": "",
      "rule_357": "",
      "rule_4": "",
      "rule_11": "",
      "rule_41": "",
      "rule_5": "",
      "rule_24": ""
    }
  },
  {
    "Id": "statline_987",
    "Name": "Grunter",
    "Type": "Statline",
    "Attributes": {
      "HP": "3",
      "Df": "6",
      "Re": "5",
      "Arm": "4"
    },
    "DisplayableDataIds": {
      "rule_27": ""
    }
  },
  {
    "Id": "statline_988",
    "Name": "Grunter (2)",
    "Type": "Statline",
    "Attributes": {
      "Ad": "7",
      "Ma": "4",
      "Di": "8",
      "Hgt": "4"
    },
    "DisplayableDataIds": {
      "rule_21": "",
      "rule_357": "",
      "rule_4": "",
      "rule_11": "",
      "rule_41": "",
      "rule_5": "",
      "rule_24": ""
    }
  },
  {
    "Id": "statline_989",
    "Name": "Grunter (2)",
    "Type": "Statline",
    "Attributes": {
      "HP": "4",
      "Df": "5",
      "Re": "5",
      "Arm": "4"
    },
    "DisplayableDataIds": {
      "rule_27": ""
    }
  },
  {
    "Id": "statline_990",
    "Name": "Wyvern",
    "Type": "Statline",
    "Attributes": {
      "Ad": "8",
      "Ma": "8",
      "Di": "9",
      "Hgt": "4"
    },
    "DisplayableDataIds": {
      "rule_21": "",
      "rule_357": "",
      "rule_44": "",
      "rule_4": "",
      "rule_11": "",
      "rule_41": "",
      "rule_5": "",
      "rule_24": ""
    }
  },
  {
    "Id": "statline_991",
    "Name": "Wyvern",
    "Type": "Statline",
    "Attributes": {
      "HP": "5",
      "Df": "6",
      "Re": "5",
      "Arm": "4"
    },
    "DisplayableDataIds": {
      "rule_27": ""
    }
  },
  {
    "Id": "statline_992",
    "Name": "Wyvern (Big Wing)",
    "Type": "Statline",
    "Attributes": {
      "Ad": "8",
      "Ma": "8",
      "Di": "9",
      "Hgt": "4"
    },
    "DisplayableDataIds": {
      "rule_21": "",
      "rule_357": "",
      "rule_44": "",
      "rule_4": "",
      "rule_11": "",
      "rule_41": "",
      "rule_5": "",
      "rule_24": ""
    }
  },
  {
    "Id": "statline_993",
    "Name": "Wyvern (Big Wing)",
    "Type": "Statline",
    "Attributes": {
      "HP": "5",
      "Df": "6",
      "Re": "5",
      "Arm": "4"
    },
    "DisplayableDataIds": {
      "rule_27": ""
    }
  },
  {
    "Id": "statline_994",
    "Name": "Brood Alpha",
    "Type": "Statline",
    "Attributes": {
      "Ad": "4",
      "Ma": "4",
      "Di": "8",
      "Hgt": "1"
    },
    "DisplayableDataIds": {
      "rule_24": "",
      "rule_6": "(Orc)",
      "rule_17": "",
      "rule_18": "",
      "rule_4": ""
    }
  },
  {
    "Id": "statline_995",
    "Name": "Brood Alpha",
    "Type": "Statline",
    "Attributes": {
      "HP": "3",
      "Df": "5",
      "Re": "4",
      "Arm": "2"
    }
  },
  {
    "Id": "statline_996",
    "Name": null,
    "Type": "Statline",
    "Attributes": {
      "At": "2",
      "Of": "5",
      "St": "4",
      "AP": "2",
      "Ag": "3"
    },
    "DisplayableDataIds": {
      "rule_429": "",
      "rule_23": ""
    }
  },
  {
    "Id": "statline_997",
    "Name": "Amokek, the Only King",
    "Type": "Statline",
    "Attributes": {
      "Ad": "4",
      "Ma": "4",
      "Di": "9",
      "Hgt": "1"
    },
    "DisplayableDataIds": {
      "rule_3": "",
      "rule_6": "(Orc)",
      "rule_21": "",
      "rule_430": "",
      "rule_41": "",
      "rule_642": "",
      "rule_622": ""
    }
  },
  {
    "Id": "statline_998",
    "Name": "Amokek, the Only King",
    "Type": "Statline",
    "Attributes": {
      "HP": "3",
      "Df": "7",
      "Re": "5",
      "Arm": "3"
    },
    "DisplayableDataIds": {
      "rule_640": "",
      "rule_643": ""
    }
  },
  {
    "Id": "statline_999",
    "Name": "Amokek, the Only King",
    "Type": "Statline",
    "Attributes": {
      "At": "5",
      "Of": "7",
      "St": "5",
      "AP": "2",
      "Ag": "4"
    },
    "DisplayableDataIds": {
      "rule_429": "",
      "rule_23": "",
      "rule_641": ""
    }
  },
  {
    "Id": "statline_1000",
    "Name": "Tabetha 39",
    "Type": "Statline",
    "Attributes": {
      "Ad": "7",
      "Ma": "7",
      "Di": "9",
      "Hgt": "2"
    },
    "DisplayableDataIds": {
      "rule_3": "",
      "rule_6": "(Orc)",
      "rule_21": "",
      "rule_430": "",
      "rule_41": "",
      "rule_642": "",
      "rule_622": ""
    }
  },
  {
    "Id": "statline_1001",
    "Name": "Tabetha 39",
    "Type": "Statline",
    "Attributes": {
      "HP": "3",
      "Df": "7",
      "Re": "5",
      "Arm": "5"
    },
    "DisplayableDataIds": {
      "rule_640": "",
      "rule_643": ""
    }
  },
  {
    "Id": "statline_1002",
    "Name": "Tabetha 39",
    "Type": "Statline",
    "Attributes": {
      "At": "1",
      "Of": "3",
      "St": "4",
      "AP": "1",
      "Ag": "2"
    },
    "DisplayableDataIds": {
      "rule_9": "(+1 Str, +1 AP)"
    }
  },
  {
    "Id": "statline_1003",
    "Name": "Lerrgog, the Smart Troll",
    "Type": "Statline",
    "Attributes": {
      "Ad": "4",
      "Ma": "6",
      "Di": "8",
      "Hgt": "3"
    },
    "DisplayableDataIds": {
      "rule_21": "",
      "rule_430": "",
      "rule_644": "",
      "rule_2": "(Ruins)",
      "rule_646": ""
    }
  },
  {
    "Id": "statline_1004",
    "Name": "Lerrgog, the Smart Troll",
    "Type": "Statline",
    "Attributes": {
      "HP": "4",
      "Df": "4",
      "Re": "5",
      "Arm": "3"
    },
    "DisplayableDataIds": {
      "rule_109": "(4+)"
    }
  },
  {
    "Id": "statline_1005",
    "Name": "Lerrgog, the Smart Troll",
    "Type": "Statline",
    "Attributes": {
      "At": "3",
      "Of": "4",
      "St": "5",
      "AP": "2",
      "Ag": "2"
    },
    "DisplayableDataIds": {
      "rule_645": "",
      "rule_437": ""
    }
  },
  {
    "Id": "statline_1006",
    "Name": "The Splendid Leader",
    "Type": "Statline",
    "Attributes": {
      "Ad": "4",
      "Ma": "4",
      "Di": "8",
      "Hgt": "1"
    },
    "DisplayableDataIds": {
      "rule_18": "",
      "rule_422": "(Gogtuk Neophyte)",
      "rule_623": "",
      "rule_3": "",
      "rule_6": "(Goblin, Troll)",
      "rule_133": "",
      "rule_430": "",
      "rule_420": "",
      "rule_609": "",
      "rule_443": "",
      "rule_41": ""
    }
  },
  {
    "Id": "statline_1007",
    "Name": "The Splendid Leader",
    "Type": "Statline",
    "Attributes": {
      "HP": "3",
      "Df": "3",
      "Re": "4",
      "Arm": "2"
    },
    "DisplayableDataIds": {
      "rule_51": "(4+)"
    }
  },
  {
    "Id": "statline_1008",
    "Name": "The Splendid Leader",
    "Type": "Statline",
    "Attributes": {
      "At": "4",
      "Of": "4",
      "St": "4",
      "AP": "2",
      "Ag": "5"
    },
    "DisplayableDataIds": {
      "rule_278": ""
    }
  },
  {
    "Id": "statline_1009",
    "Name": "Beastie",
    "Type": "Statline",
    "Attributes": {
      "Ad": "8",
      "Ma": "8",
      "Di": "8",
      "Hgt": "2"
    },
    "DisplayableDataIds": {
      "rule_18": "",
      "rule_422": "(Gogtuk Neophyte)",
      "rule_623": "",
      "rule_3": "",
      "rule_6": "(Goblin, Troll)",
      "rule_133": "",
      "rule_430": "",
      "rule_420": "",
      "rule_609": "",
      "rule_443": "",
      "rule_41": ""
    }
  },
  {
    "Id": "statline_1010",
    "Name": "Beastie",
    "Type": "Statline",
    "Attributes": {
      "HP": "3",
      "Df": "3",
      "Re": "4",
      "Arm": "3"
    },
    "DisplayableDataIds": {
      "rule_51": "(4+)"
    }
  },
  {
    "Id": "statline_1011",
    "Name": "Beastie",
    "Type": "Statline",
    "Attributes": {
      "Ad": "8",
      "Ma": "8",
      "Di": "8",
      "Hgt": "2"
    },
    "DisplayableDataIds": {
      "rule_18": "",
      "rule_422": "(Gogtuk Neophyte)",
      "rule_421": "",
      "rule_623": "",
      "rule_3": "",
      "rule_6": "(Goblin, Troll)",
      "rule_133": "",
      "rule_430": "",
      "rule_420": "",
      "rule_609": "",
      "rule_443": "",
      "rule_41": ""
    }
  },
  {
    "Id": "statline_1012",
    "Name": "The Splendid Palanquin",
    "Type": "Statline",
    "Attributes": {
      "Ad": "7",
      "Ma": "7",
      "Di": "8",
      "Hgt": "1"
    },
    "DisplayableDataIds": {
      "rule_18": "",
      "rule_422": "(Gogtuk Neophyte)",
      "rule_623": "",
      "rule_3": "",
      "rule_6": "(Goblin, Troll)",
      "rule_133": "",
      "rule_430": "",
      "rule_420": "",
      "rule_609": "",
      "rule_443": "",
      "rule_41": ""
    }
  },
  {
    "Id": "statline_1013",
    "Name": "The Splendid Palanquin",
    "Type": "Statline",
    "Attributes": {
      "HP": "4",
      "Df": "3",
      "Re": "4",
      "Arm": "2"
    },
    "DisplayableDataIds": {
      "rule_51": "(4+)"
    }
  },
  {
    "Id": "statline_1014",
    "Name": "The Splendid Palanquin",
    "Type": "Statline",
    "Attributes": {
      "At": "2",
      "Of": "3",
      "St": "3",
      "AP": "1",
      "Ag": "3"
    },
    "DisplayableDataIds": {
      "rule_37": ""
    }
  },
  {
    "Id": "statline_1015",
    "Name": "Beastie Chariot",
    "Type": "Statline",
    "Attributes": {
      "Ad": "8",
      "Ma": "8",
      "Di": "8",
      "Hgt": "4"
    },
    "DisplayableDataIds": {
      "rule_18": "",
      "rule_422": "(Gogtuk Neophyte)",
      "rule_623": "",
      "rule_3": "",
      "rule_6": "(Beastie Chariot, Goblin Chariots)",
      "rule_133": "",
      "rule_430": "",
      "rule_420": "",
      "rule_609": "",
      "rule_4": "",
      "rule_443": "",
      "rule_41": "",
      "rule_5": ""
    }
  },
  {
    "Id": "statline_1016",
    "Name": "Beastie Chariot",
    "Type": "Statline",
    "Attributes": {
      "HP": "4",
      "Df": "3",
      "Re": "4",
      "Arm": "3"
    },
    "DisplayableDataIds": {
      "rule_51": "(4+)"
    }
  },
  {
    "Id": "statline_1017",
    "Name": "Chassis",
    "Type": "Statline",
    "Attributes": {
      "At": "",
      "Of": "",
      "St": "5",
      "AP": "2",
      "Ag": ""
    },
    "DisplayableDataIds": {
      "rule_10": "(D6+1hits)"
    }
  },
  {
    "Id": "statline_1018",
    "Name": "Feral Orcs",
    "Type": "Statline",
    "Attributes": {
      "Ad": "4",
      "Ma": "4",
      "Di": "7",
      "Hgt": "1"
    },
    "DisplayableDataIds": {
      "rule_24": "",
      "rule_22": ""
    }
  },
  {
    "Id": "statline_1019",
    "Name": "Feral Orcs",
    "Type": "Statline",
    "Attributes": {
      "HP": "1",
      "Df": "2",
      "Re": "4",
      "Arm": "0"
    },
    "DisplayableDataIds": {
      "rule_27": ""
    }
  },
  {
    "Id": "statline_1020",
    "Name": "Feral Orc",
    "Type": "Statline",
    "Attributes": {
      "At": "1",
      "Of": "3",
      "St": "4",
      "AP": "0",
      "Ag": "2"
    },
    "DisplayableDataIds": {
      "rule_431": "",
      "rule_23": "",
      "rule_429": "",
      "rule_32": "",
      "rule_116": ""
    }
  },
  {
    "Id": "statline_1021",
    "Name": "Feral Orc Marauders",
    "Type": "Statline",
    "Attributes": {
      "Ad": "7",
      "Ma": "7",
      "Di": "7",
      "Hgt": "2"
    },
    "DisplayableDataIds": {
      "rule_24": "",
      "rule_22": "",
      "rule_5": ""
    }
  },
  {
    "Id": "statline_1022",
    "Name": "Feral Orc Marauders",
    "Type": "Statline",
    "Attributes": {
      "HP": "1",
      "Df": "2",
      "Re": "4",
      "Arm": "2"
    },
    "DisplayableDataIds": {
      "rule_27": ""
    }
  },
  {
    "Id": "statline_1023",
    "Name": "Feral Orc",
    "Type": "Statline",
    "Attributes": {
      "At": "1",
      "Of": "3",
      "St": "4",
      "AP": "0",
      "Ag": "2"
    },
    "DisplayableDataIds": {
      "rule_429": "",
      "rule_431": "",
      "rule_23": "",
      "rule_38": "",
      "rule_32": ""
    }
  },
  {
    "Id": "statline_1024",
    "Name": "Goblin Rabble",
    "Type": "Statline",
    "Attributes": {
      "Ad": "4",
      "Ma": "4",
      "Di": "6",
      "Hgt": "1"
    },
    "DisplayableDataIds": {
      "rule_420": "",
      "rule_133": ""
    }
  },
  {
    "Id": "statline_1025",
    "Name": "Goblin Rabble",
    "Type": "Statline",
    "Attributes": {
      "HP": "1",
      "Df": "2",
      "Re": "3",
      "Arm": "1"
    }
  },
  {
    "Id": "statline_1026",
    "Name": "Goblin",
    "Type": "Statline",
    "Attributes": {
      "At": "1",
      "Of": "2",
      "St": "2",
      "AP": "0",
      "Ag": "3"
    }
  },
  {
    "Id": "statline_1027",
    "Name": "Goblin Reavers",
    "Type": "Statline",
    "Attributes": {
      "Ad": "8",
      "Ma": "8",
      "Di": "6",
      "Hgt": "2"
    },
    "DisplayableDataIds": {
      "rule_420": "",
      "rule_5": "",
      "rule_133": ""
    }
  },
  {
    "Id": "statline_1028",
    "Name": "Goblin Reavers",
    "Type": "Statline",
    "Attributes": {
      "HP": "1",
      "Df": "2",
      "Re": "3",
      "Arm": "2"
    }
  },
  {
    "Id": "statline_1029",
    "Name": "Veteran Orcs",
    "Type": "Statline",
    "Attributes": {
      "Ad": "4",
      "Ma": "4",
      "Di": "8",
      "Hgt": "1"
    },
    "DisplayableDataIds": {
      "rule_24": ""
    }
  },
  {
    "Id": "statline_1030",
    "Name": "Veteran Orcs",
    "Type": "Statline",
    "Attributes": {
      "HP": "1",
      "Df": "4",
      "Re": "4",
      "Arm": "1"
    }
  },
  {
    "Id": "statline_1031",
    "Name": "Veteran Orc",
    "Type": "Statline",
    "Attributes": {
      "At": "1",
      "Of": "4",
      "St": "4",
      "AP": "1",
      "Ag": "2"
    },
    "DisplayableDataIds": {
      "rule_429": ""
    }
  },
  {
    "Id": "statline_1032",
    "Name": "Veteran Orc Marauders",
    "Type": "Statline",
    "Attributes": {
      "Ad": "7",
      "Ma": "7",
      "Di": "8",
      "Hgt": "2"
    },
    "DisplayableDataIds": {
      "rule_24": "",
      "rule_5": ""
    }
  },
  {
    "Id": "statline_1033",
    "Name": "Veteran Orc Marauders",
    "Type": "Statline",
    "Attributes": {
      "HP": "1",
      "Df": "4",
      "Re": "4",
      "Arm": "3"
    },
    "DisplayableDataIds": {
      "rule_27": ""
    }
  },
  {
    "Id": "statline_1034",
    "Name": "Veteran Orc",
    "Type": "Statline",
    "Attributes": {
      "At": "1",
      "Of": "4",
      "St": "4",
      "AP": "1",
      "Ag": "2"
    },
    "DisplayableDataIds": {
      "rule_429": "",
      "rule_278": ""
    }
  },
  {
    "Id": "statline_1035",
    "Name": "Giant",
    "Type": "Statline",
    "Attributes": {
      "Ad": "7",
      "Ma": "7",
      "Di": "8",
      "Hgt": "5"
    },
    "DisplayableDataIds": {
      "rule_432": "",
      "rule_4": "",
      "rule_45": "",
      "rule_11": ""
    }
  },
  {
    "Id": "statline_1036",
    "Name": "Giant",
    "Type": "Statline",
    "Attributes": {
      "HP": "8",
      "Df": "3",
      "Re": "5",
      "Arm": "1"
    }
  },
  {
    "Id": "statline_1037",
    "Name": "Giant",
    "Type": "Statline",
    "Attributes": {
      "At": "5",
      "Of": "3",
      "St": "5",
      "AP": "2",
      "Ag": "3"
    },
    "DisplayableDataIds": {
      "rule_58": "",
      "rule_46": "(D6)"
    }
  },
  {
    "Id": "statline_1038",
    "Name": "Gnashers",
    "Type": "Statline",
    "Attributes": {
      "Ad": "5",
      "Ma": "5",
      "Di": "5",
      "Hgt": "1"
    },
    "DisplayableDataIds": {
      "rule_21": "",
      "rule_5": "",
      "rule_11": "",
      "rule_33": "",
      "rule_24": ""
    }
  },
  {
    "Id": "statline_1039",
    "Name": "Gnashers",
    "Type": "Statline",
    "Attributes": {
      "HP": "1",
      "Df": "2",
      "Re": "3",
      "Arm": "0"
    }
  },
  {
    "Id": "statline_1040",
    "Name": "Gnasher",
    "Type": "Statline",
    "Attributes": {
      "At": "2",
      "Of": "4",
      "St": "5",
      "AP": "2",
      "Ag": "4"
    }
  },
  {
    "Id": "statline_1041",
    "Name": "Goblin Artillery",
    "Type": "Statline",
    "Attributes": {
      "Ad": "0",
      "Ma": "4",
      "Di": "6",
      "Hgt": "2"
    },
    "DisplayableDataIds": {
      "rule_196": "",
      "rule_11": "",
      "rule_433": "(4+)"
    }
  },
  {
    "Id": "statline_1042",
    "Name": "Goblin Artillery",
    "Type": "Statline",
    "Attributes": {
      "HP": "5",
      "Df": "1",
      "Re": "4",
      "Arm": "1"
    }
  },
  {
    "Id": "statline_1043",
    "Name": "Goblin Crew",
    "Type": "Statline",
    "Attributes": {
      "At": "3",
      "Of": "2",
      "St": "2",
      "AP": "0",
      "Ag": "3"
    }
  },
  {
    "Id": "statline_1044",
    "Name": "Goblin Chariots",
    "Type": "Statline",
    "Attributes": {
      "Ad": "8",
      "Ma": "4",
      "Di": "6",
      "Hgt": "4"
    },
    "DisplayableDataIds": {
      "rule_4": "",
      "rule_5": "",
      "rule_420": "",
      "rule_6": "(Beastie Chariot)",
      "rule_133": ""
    }
  },
  {
    "Id": "statline_1045",
    "Name": "Goblin Chariots",
    "Type": "Statline",
    "Attributes": {
      "HP": "4",
      "Df": "2",
      "Re": "4",
      "Arm": "2"
    }
  },
  {
    "Id": "statline_1046",
    "Name": "Goblin (3)",
    "Type": "Statline",
    "Attributes": {
      "At": "1",
      "Of": "2",
      "St": "2",
      "AP": "0",
      "Ag": "3"
    },
    "DisplayableDataIds": {
      "rule_278": "",
      "rule_31": "(4+)"
    }
  },
  {
    "Id": "statline_1047",
    "Name": "Gogtuk Neophytes",
    "Type": "Statline",
    "Attributes": {
      "Ad": "4",
      "Ma": "4",
      "Di": "7",
      "Hgt": "1"
    },
    "DisplayableDataIds": {
      "rule_34": "(Table Edge)",
      "rule_420": "",
      "rule_133": ""
    }
  },
  {
    "Id": "statline_1048",
    "Name": "Gogtuk Neophytes",
    "Type": "Statline",
    "Attributes": {
      "HP": "1",
      "Df": "3",
      "Re": "3",
      "Arm": "1"
    }
  },
  {
    "Id": "statline_1049",
    "Name": "Gogtuk Neophyte",
    "Type": "Statline",
    "Attributes": {
      "At": "2",
      "Of": "3",
      "St": "3",
      "AP": "1",
      "Ag": "3"
    },
    "DisplayableDataIds": {
      "rule_434": "",
      "rule_348": "(5+)"
    }
  },
  {
    "Id": "statline_1050",
    "Name": "Great Green Idol",
    "Type": "Statline",
    "Attributes": {
      "Ad": "6",
      "Ma": "6",
      "Di": "8",
      "Hgt": "5"
    },
    "DisplayableDataIds": {
      "rule_21": "",
      "rule_42": "",
      "rule_41": "",
      "rule_45": "",
      "rule_363": "",
      "rule_435": "",
      "rule_436": "",
      "rule_11": ""
    }
  },
  {
    "Id": "statline_1051",
    "Name": "Great Green Idol",
    "Type": "Statline",
    "Attributes": {
      "HP": "8",
      "Df": "2",
      "Re": "8",
      "Arm": "3"
    }
  },
  {
    "Id": "statline_1052",
    "Name": "Great Green Idol",
    "Type": "Statline",
    "Attributes": {
      "At": "1",
      "Of": "2",
      "St": "6",
      "AP": "3",
      "Ag": "2"
    },
    "DisplayableDataIds": {
      "rule_318": "",
      "rule_46": "(D6)",
      "rule_149": "(D3)"
    }
  },
  {
    "Id": "statline_1053",
    "Name": "Grotlings",
    "Type": "Statline",
    "Attributes": {
      "Ad": "6",
      "Ma": "6",
      "Di": "4",
      "Hgt": "0"
    },
    "DisplayableDataIds": {
      "rule_33": "",
      "rule_30": "",
      "rule_28": "",
      "rule_4": "",
      "rule_42": "",
      "rule_21": "",
      "rule_188": "(-2 Def)",
      "rule_24": ""
    }
  },
  {
    "Id": "statline_1054",
    "Name": "Grotlings",
    "Type": "Statline",
    "Attributes": {
      "HP": "5",
      "Df": "2",
      "Re": "2",
      "Arm": "0"
    },
    "DisplayableDataIds": {
      "rule_29": "(1)",
      "rule_121": "(1)"
    }
  },
  {
    "Id": "statline_1055",
    "Name": "Grotlings",
    "Type": "Statline",
    "Attributes": {
      "At": "6",
      "Of": "2",
      "St": "2",
      "AP": "1",
      "Ag": "2"
    }
  },
  {
    "Id": "statline_1056",
    "Name": "Grotling Scrap Wagon",
    "Type": "Statline",
    "Attributes": {
      "Ad": "3D6",
      "Ma": "3D6",
      "Di": "4",
      "Hgt": "4"
    },
    "DisplayableDataIds": {
      "rule_40": "(3D6\")",
      "rule_33": "",
      "rule_42": "",
      "rule_21": "",
      "rule_11": "",
      "rule_188": "(-2 Def)"
    }
  },
  {
    "Id": "statline_1057",
    "Name": "Grotling Scrap Wagon",
    "Type": "Statline",
    "Attributes": {
      "HP": "6",
      "Df": "2",
      "Re": "4",
      "Arm": "1"
    }
  },
  {
    "Id": "statline_1058",
    "Name": "Chassis",
    "Type": "Statline",
    "Attributes": {
      "At": "0",
      "Of": "0",
      "St": "4",
      "AP": "3",
      "Ag": "3"
    },
    "DisplayableDataIds": {
      "rule_9": "(+10 Agi)",
      "rule_149": "(2D6)"
    }
  },
  {
    "Id": "statline_1059",
    "Name": "Guardian Behemoth",
    "Type": "Statline",
    "Attributes": {
      "Ad": "7",
      "Ma": "7",
      "Di": "6",
      "Hgt": "5"
    },
    "DisplayableDataIds": {
      "rule_21": "",
      "rule_420": "",
      "rule_5": "",
      "rule_45": "",
      "rule_11": "",
      "rule_133": ""
    }
  },
  {
    "Id": "statline_1060",
    "Name": "Guardian Behemoth",
    "Type": "Statline",
    "Attributes": {
      "HP": "6",
      "Df": "3",
      "Re": "6",
      "Arm": "1"
    }
  },
  {
    "Id": "statline_1061",
    "Name": "Rider (4)",
    "Type": "Statline",
    "Attributes": {
      "At": "1",
      "Of": "2",
      "St": "2",
      "AP": "0",
      "Ag": "3"
    },
    "DisplayableDataIds": {
      "rule_278": "",
      "rule_31": "(4+)"
    }
  },
  {
    "Id": "statline_1062",
    "Name": "Gogyag Behemoth",
    "Type": "Statline",
    "Attributes": {
      "At": "6",
      "Of": "3",
      "St": "6",
      "AP": "3",
      "Ag": "4"
    },
    "DisplayableDataIds": {
      "rule_46": "(D6)"
    }
  },
  {
    "Id": "statline_1063",
    "Name": "Iron Orc Chariots",
    "Type": "Statline",
    "Attributes": {
      "Ad": "7",
      "Ma": "4",
      "Di": "8",
      "Hgt": "4"
    },
    "DisplayableDataIds": {
      "rule_5": "",
      "rule_21": "",
      "rule_24": "",
      "rule_4": "",
      "rule_6": "(Grunter Chariot)"
    }
  },
  {
    "Id": "statline_1064",
    "Name": "Iron Orc Chariots",
    "Type": "Statline",
    "Attributes": {
      "HP": "4",
      "Df": "5",
      "Re": "5",
      "Arm": "4"
    }
  },
  {
    "Id": "statline_1065",
    "Name": "Iron Orc (2)",
    "Type": "Statline",
    "Attributes": {
      "At": "1",
      "Of": "5",
      "St": "4",
      "AP": "2",
      "Ag": "2"
    },
    "DisplayableDataIds": {
      "rule_429": "",
      "rule_232": "",
      "rule_32": "",
      "rule_39": ""
    }
  },
  {
    "Id": "statline_1066",
    "Name": "Chassis",
    "Type": "Statline",
    "Attributes": {
      "At": "0",
      "Of": null,
      "St": "5",
      "AP": "2",
      "Ag": null
    },
    "DisplayableDataIds": {
      "rule_10": "(D6)"
    }
  },
  {
    "Id": "statline_1067",
    "Name": "Iron Orcs",
    "Type": "Statline",
    "Attributes": {
      "Ad": "4",
      "Ma": "4",
      "Di": "8",
      "Hgt": "1"
    },
    "DisplayableDataIds": {
      "rule_21": "",
      "rule_24": ""
    }
  },
  {
    "Id": "statline_1068",
    "Name": "Iron Orcs",
    "Type": "Statline",
    "Attributes": {
      "HP": "1",
      "Df": "5",
      "Re": "4",
      "Arm": "2"
    },
    "DisplayableDataIds": {
      "rule_27": ""
    }
  },
  {
    "Id": "statline_1069",
    "Name": "Iron Orc",
    "Type": "Statline",
    "Attributes": {
      "At": "1",
      "Of": "5",
      "St": "4",
      "AP": "2",
      "Ag": "2"
    },
    "DisplayableDataIds": {
      "rule_429": "",
      "rule_232": "",
      "rule_32": "",
      "rule_39": "",
      "rule_357": ""
    }
  },
  {
    "Id": "statline_1070",
    "Name": "Trolls",
    "Type": "Statline",
    "Attributes": {
      "Ad": "4",
      "Ma": "6",
      "Di": "6",
      "Hgt": "3"
    },
    "DisplayableDataIds": {
      "rule_21": ""
    }
  },
  {
    "Id": "statline_1071",
    "Name": "Trolls",
    "Type": "Statline",
    "Attributes": {
      "HP": "3",
      "Df": "3",
      "Re": "5",
      "Arm": "0"
    },
    "DisplayableDataIds": {
      "rule_109": "(4+)"
    }
  },
  {
    "Id": "statline_1072",
    "Name": "Troll",
    "Type": "Statline",
    "Attributes": {
      "At": "2",
      "Of": "3",
      "St": "5",
      "AP": "2",
      "Ag": "1"
    },
    "DisplayableDataIds": {
      "rule_437": ""
    }
  },
  {
    "Id": "statline_1073",
    "Name": "Wrecking Team",
    "Type": "Statline",
    "Attributes": {
      "Ad": "3D6",
      "Ma": "3D6",
      "Di": "5",
      "Hgt": "3"
    },
    "DisplayableDataIds": {
      "rule_40": "(3D6\")",
      "rule_21": "",
      "rule_11": "",
      "rule_33": ""
    }
  },
  {
    "Id": "statline_1074",
    "Name": "Wrecking Team",
    "Type": "Statline",
    "Attributes": {
      "HP": "3",
      "Df": "0",
      "Re": "4",
      "Arm": "0"
    },
    "DisplayableDataIds": {
      "rule_29": "(1)"
    }
  },
  {
    "Id": "statline_1075",
    "Name": "Wrecking Team",
    "Type": "Statline",
    "Attributes": {
      "At": "0",
      "Of": "0",
      "St": "6",
      "AP": "3",
      "Ag": "3"
    },
    "DisplayableDataIds": {
      "rule_428": "(2D6)"
    }
  }
]