[
  {
    "Id": "unit_328",
    "Name": "Goblin Demagogue",
    "Type": "Unit",
    "Attributes": {
      "height": "Standard"
    },
    "BasicProfileIds": [
      "68357f6f790d8280c4b24525"
    ],
    "DefaultFront": 1,
    "Formation": 1
  },
  {
    "Id": "unit_329",
    "Name": "Goblin Demagogue on Beastie",
    "Type": "Unit",
    "Attributes": {
      "height": "Standard"
    },
    "BasicProfileIds": [
      "4b8856ad-0bc8-4d19-a239-297e4b3f751e"
    ],
    "DefaultFront": 1,
    "Formation": 1
  },
  {
    "Id": "unit_330",
    "Name": "Goblin Demagogue on Beastie Chariot",
    "Type": "Unit",
    "Attributes": {
      "height": "Large"
    },
    "BasicProfileIds": [
      "0ebdb68f-facc-4eb6-9ae9-74165a26526a"
    ],
    "DefaultFront": 1,
    "Formation": 1
  },
  {
    "Id": "unit_331",
    "Name": "Goblin Demagogue on Pet Monster",
    "Type": "Unit",
    "Attributes": {
      "height": "Large"
    },
    "BasicProfileIds": [
      "974a0f60-b5b0-4db8-bc87-e01a19876e50"
    ],
    "DefaultFront": 1,
    "Formation": 1
  },
  {
    "Id": "unit_332",
    "Name": "Goblin Demagogue on Gargantula",
    "Type": "Unit",
    "Attributes": {
      "height": "Gigantic"
    },
    "BasicProfileIds": [
      "a73447aa-15ed-4a92-8011-eec837b1ac3b"
    ],
    "DefaultFront": 1,
    "Formation": 1
  },
  {
    "Id": "unit_333",
    "Name": "Goblin Witch",
    "Type": "Unit",
    "Attributes": {
      "height": "Standard"
    },
    "BasicProfileIds": [
      "68357f6f790d8280c4b2475e"
    ],
    "DefaultFront": 1,
    "Formation": 1
  },
  {
    "Id": "unit_334",
    "Name": "Goblin Witch on Beastie",
    "Type": "Unit",
    "Attributes": {
      "height": "Standard"
    },
    "BasicProfileIds": [
      "2cfeb0ad-8e27-40b9-bd54-902b5d50b689"
    ],
    "DefaultFront": 1,
    "Formation": 1
  },
  {
    "Id": "unit_335",
    "Name": "Goblin Witch on Beastie Chariot",
    "Type": "Unit",
    "Attributes": {
      "height": "Large"
    },
    "BasicProfileIds": [
      "72920905-2674-4226-8bca-90e23638d662"
    ],
    "DefaultFront": 1,
    "Formation": 1
  },
  {
    "Id": "unit_336",
    "Name": "Goblin Witch on Pet Monster",
    "Type": "Unit",
    "Attributes": {
      "height": "Large"
    },
    "BasicProfileIds": [
      "5f5c1cfb-8bfb-49d6-ae8e-282ca09a785b"
    ],
    "DefaultFront": 1,
    "Formation": 1
  },
  {
    "Id": "unit_337",
    "Name": "Goblin Witch on Gargantula",
    "Type": "Unit",
    "Attributes": {
      "height": "Gigantic"
    },
    "BasicProfileIds": [
      "80ca8729-8b3c-462b-9fb1-9b826ff74fe2"
    ],
    "DefaultFront": 1,
    "Formation": 1
  },
  {
    "Id": "unit_338",
    "Name": "Gogtuk Initiate",
    "Type": "Unit",
    "Attributes": {
      "height": "Standard"
    },
    "BasicProfileIds": [
      "68357f70790d8280c4b248ca"
    ],
    "DefaultFront": 1,
    "Formation": 1
  },
  {
    "Id": "unit_339",
    "Name": "Gogtuk Initiate on Beastie",
    "Type": "Unit",
    "Attributes": {
      "height": "Standard"
    },
    "BasicProfileIds": [
      "4b8856ad-0bc8-4d19-a239-297e4b3f751e"
    ],
    "DefaultFront": 1,
    "Formation": 1
  },
  {
    "Id": "unit_340",
    "Name": "Gogtuk Initiate on Beastie - Creepy-Crawlies",
    "Type": "Unit",
    "Attributes": {
      "height": "Standard"
    },
    "BasicProfileIds": [
      "4b8856ad-0bc8-4d19-a239-297e4b3f991e"
    ],
    "DefaultFront": 1,
    "Formation": 1
  },
  {
    "Id": "unit_341",
    "Name": "Gogtuk Initiate - Netter",
    "Type": "Unit",
    "Attributes": {
      "height": "Large"
    },
    "BasicProfileIds": [
      "68357f70790d8280c4b248ca"
    ],
    "DefaultFront": 1,
    "Formation": 1
  },
  {
    "Id": "unit_342",
    "Name": "Gogtuk Initiate - Mauler",
    "Type": "Unit",
    "Attributes": {
      "height": "Large"
    },
    "BasicProfileIds": [
      "68357f70790d8280c4b248cc"
    ],
    "DefaultFront": 1,
    "Formation": 1
  },
  {
    "Id": "unit_343",
    "Name": "Gogtuk Initiate - Headhunter",
    "Type": "Unit",
    "Attributes": {
      "height": "Large"
    },
    "BasicProfileIds": [
      "68357f70790d8280c4b248cb"
    ],
    "DefaultFront": 1,
    "Formation": 1
  },
  {
    "Id": "unit_344",
    "Name": "Mad Git",
    "Type": "Unit",
    "Attributes": {
      "height": "Standard"
    },
    "BasicProfileIds": [
      "68357f70790d8280c4b2492d"
    ],
    "DefaultFront": 1,
    "Formation": 1
  },
  {
    "Id": "unit_345",
    "Name": "Orc Shaman",
    "Type": "Unit",
    "Attributes": {
      "height": "Standard"
    },
    "BasicProfileIds": [
      "c1b49d82e7a05f7d917ad8b5f"
    ],
    "DefaultFront": 1,
    "Formation": 1
  },
  {
    "Id": "unit_346",
    "Name": "Orc Shaman on Grunter",
    "Type": "Unit",
    "Attributes": {
      "height": "Standard"
    },
    "BasicProfileIds": [
      "448796cf-fb67-4790-9c70-577601870c16"
    ],
    "DefaultFront": 1,
    "Formation": 1
  },
  {
    "Id": "unit_347",
    "Name": "Orc Shaman on Grunter Chariot",
    "Type": "Unit",
    "Attributes": {
      "height": "Large"
    },
    "BasicProfileIds": [
      "da0ac3f9-980f-4b35-8743-9f1376c8d4af"
    ],
    "DefaultFront": 1,
    "Formation": 1
  },
  {
    "Id": "unit_348",
    "Name": "Orc Shaman on Wyvern",
    "Type": "Unit",
    "Attributes": {
      "height": "Large"
    },
    "BasicProfileIds": [
      "52169ece-81c0-4e20-affc-f88e9b98e335"
    ],
    "DefaultFront": 1,
    "Formation": 1
  },
  {
    "Id": "unit_349",
    "Name": "Orc Shaman on Wyvern (Big Wing)",
    "Type": "Unit",
    "Attributes": {
      "height": "Large"
    },
    "BasicProfileIds": [
      "6c3a7e9d-2f14-42b1-bd2e-12a1e02d890c"
    ],
    "DefaultFront": 1,
    "Formation": 1
  },
  {
    "Id": "unit_350",
    "Name": "Orc Warlord",
    "Type": "Unit",
    "Attributes": {
      "height": "Standard"
    },
    "BasicProfileIds": [
      "9b3d7eac257f1a4836c9a4d12"
    ],
    "DefaultFront": 1,
    "Formation": 1
  },
  {
    "Id": "unit_351",
    "Name": "Orc Warlord on Grunter",
    "Type": "Unit",
    "Attributes": {
      "height": "Standard"
    },
    "BasicProfileIds": [
      "b3ec713e-3a07-4956-90cf-d56f18ee64f1"
    ],
    "DefaultFront": 1,
    "Formation": 1
  },
  {
    "Id": "unit_352",
    "Name": "Orc Warlord on Grunter Chariot",
    "Type": "Unit",
    "Attributes": {
      "height": "Large"
    },
    "BasicProfileIds": [
      "51621983-2aff-4aca-84ab-e6c0b96ae03e"
    ],
    "DefaultFront": 1,
    "Formation": 1
  },
  {
    "Id": "unit_353",
    "Name": "Orc Warlord on Wyvern",
    "Type": "Unit",
    "Attributes": {
      "height": "Large"
    },
    "BasicProfileIds": [
      "aff0a0fa-571d-40fb-b877-8a567ac77b81"
    ],
    "DefaultFront": 1,
    "Formation": 1
  },
  {
    "Id": "unit_354",
    "Name": "Orc Warlord on Wyvern (Big Wing)",
    "Type": "Unit",
    "Attributes": {
      "height": "Large"
    },
    "BasicProfileIds": [
      "f29d6f7b-4a6b-420b-a973-00d0a7e7b0d6"
    ],
    "DefaultFront": 1,
    "Formation": 1
  },
  {
    "Id": "unit_355",
    "Name": "Iron Orc Loner",
    "Type": "Unit",
    "Attributes": {
      "height": "Standard"
    },
    "BasicProfileIds": [
      "9a347d2f30f5a8b6c9b09fdf2"
    ],
    "DefaultFront": 1,
    "Formation": 1
  },
  {
    "Id": "unit_356",
    "Name": "Iron Orc Loner on Grunter",
    "Type": "Unit",
    "Attributes": {
      "height": "Standard"
    },
    "BasicProfileIds": [
      "d69c60ee-d25b-4d63-968f-727e25bcf3f2"
    ],
    "DefaultFront": 1,
    "Formation": 1
  },
  {
    "Id": "unit_357",
    "Name": "Iron Orc Loner on Grunter Chariot",
    "Type": "Unit",
    "Attributes": {
      "height": "Large"
    },
    "BasicProfileIds": [
      "760113c6-ee7c-428b-891d-4abd6a1f9bcd"
    ],
    "DefaultFront": 1,
    "Formation": 1
  },
  {
    "Id": "unit_358",
    "Name": "Iron Orc Loner on Wyvern",
    "Type": "Unit",
    "Attributes": {
      "height": "Large"
    },
    "BasicProfileIds": [
      "76838a98-00a6-4831-bda1-2f9ab22b12c1"
    ],
    "DefaultFront": 1,
    "Formation": 1
  },
  {
    "Id": "unit_359",
    "Name": "Iron Orc Loner on Wyvern (Big Wing)",
    "Type": "Unit",
    "Attributes": {
      "height": "Large"
    },
    "BasicProfileIds": [
      "f97b2c7e-56a9-4739-bf7d-8c2d4e5a7f03"
    ],
    "DefaultFront": 1,
    "Formation": 1
  },
  {
    "Id": "unit_360",
    "Name": "Brood Alpha",
    "Type": "Unit",
    "Attributes": {
      "height": "Standard"
    },
    "BasicProfileIds": [
      "68357f72790d8280c4b24cfe"
    ],
    "DefaultFront": 1,
    "Formation": 1
  },
  {
    "Id": "unit_361",
    "Name": "Amokek, the Only King",
    "Type": "Unit",
    "Attributes": {
      "height": "Standard"
    },
    "BasicProfileIds": [
      "d2a6fcb9238d9f4a7b12c8e17"
    ],
    "DefaultFront": 1,
    "Formation": 1
  },
  {
    "Id": "unit_362",
    "Name": "Amokek, the Only King on Tabetha 39",
    "Type": "Unit",
    "Attributes": {
      "height": "Standard"
    },
    "BasicProfileIds": [
      "a4f5c2d3-dad6-4bcb-bb21-e9a384ba0dff"
    ],
    "DefaultFront": 1,
    "Formation": 1
  },
  {
    "Id": "unit_363",
    "Name": "Lerrgog, the Smart Troll",
    "Type": "Unit",
    "Attributes": {
      "height": "Large"
    },
    "BasicProfileIds": [
      "b5f9c4a3d8b7e1a9d6c2f0e18"
    ],
    "DefaultFront": 1,
    "Formation": 1
  },
  {
    "Id": "unit_364",
    "Name": "The Splendid Leader",
    "Type": "Unit",
    "Attributes": {
      "height": "Standard"
    },
    "BasicProfileIds": [
      "f4927d8a3c5b1e7a9d4c8b6e1"
    ],
    "DefaultFront": 1,
    "Formation": 1
  },
  {
    "Id": "unit_365",
    "Name": "The Splendid Leader on Beastie",
    "Type": "Unit",
    "Attributes": {
      "height": "Standard"
    },
    "BasicProfileIds": [
      "a3b72d9f-8c7e-4b2a-9f0d-2e88f7b2c9d1"
    ],
    "DefaultFront": 1,
    "Formation": 1
  },
  {
    "Id": "unit_366",
    "Name": "The Splendid Leader on Beastie (Creepy-Crawlies)",
    "Type": "Unit",
    "Attributes": {
      "height": "Standard"
    },
    "BasicProfileIds": [
      "f9a84d2b-1d7f-4c3a-8e5b-3f09c8a6d2e7"
    ],
    "DefaultFront": 1,
    "Formation": 1
  },
  {
    "Id": "unit_367",
    "Name": "The Splendid Leader on The Splendid Palanquin",
    "Type": "Unit",
    "Attributes": {
      "height": "Large"
    },
    "BasicProfileIds": [
      "d72f1c5a-2e3b-4d8d-85c6-6a9a42d3bf1d"
    ],
    "DefaultFront": 1,
    "Formation": 1
  },
  {
    "Id": "unit_368",
    "Name": "The Splendid Leader on Beastie Chariot",
    "Type": "Unit",
    "Attributes": {
      "height": "Large"
    },
    "BasicProfileIds": [
      "a84d7e1f-1c2b-47f9-bfc4-88c9fa4ab93f"
    ],
    "DefaultFront": 1,
    "Formation": 1
  },
  {
    "Id": "unit_369",
    "Name": "Feral Orcs",
    "Type": "Unit",
    "Attributes": {
      "height": "Standard"
    },
    "BasicProfileIds": [
      "68357f72790d8280c4b24e0e"
    ],
    "DefaultFront": 5,
    "Formation": 1
  },
  {
    "Id": "unit_370",
    "Name": "Feral Orc Marauders",
    "Type": "Unit",
    "Attributes": {
      "height": "Standard"
    },
    "BasicProfileIds": [
      "68357f73790d8280c4b24e4a"
    ],
    "DefaultFront": 5,
    "Formation": 1
  },
  {
    "Id": "unit_371",
    "Name": "Goblin Rabble",
    "Type": "Unit",
    "Attributes": {
      "height": "Standard"
    },
    "BasicProfileIds": [
      "68357f73790d8280c4b24e80"
    ],
    "DefaultFront": 5,
    "Formation": 1
  },
  {
    "Id": "unit_372",
    "Name": "Goblin Reavers",
    "Type": "Unit",
    "Attributes": {
      "height": "Standard"
    },
    "BasicProfileIds": [
      "68357f73790d8280c4b24ec2"
    ],
    "DefaultFront": 5,
    "Formation": 1
  },
  {
    "Id": "unit_373",
    "Name": "Veteran Orcs",
    "Type": "Unit",
    "Attributes": {
      "height": "Standard"
    },
    "BasicProfileIds": [
      "68357f73790d8280c4b24f01"
    ],
    "DefaultFront": 5,
    "Formation": 1
  },
  {
    "Id": "unit_374",
    "Name": "Veteran Orc Marauders",
    "Type": "Unit",
    "Attributes": {
      "height": "Standard"
    },
    "BasicProfileIds": [
      "68357f73790d8280c4b24f49"
    ],
    "DefaultFront": 5,
    "Formation": 1
  },
  {
    "Id": "unit_375",
    "Name": "Giant",
    "Type": "Unit",
    "Attributes": {
      "height": "Gigantic"
    },
    "BasicProfileIds": [
      "68357f74790d8280c4b24f7d"
    ],
    "DefaultFront": 1,
    "Formation": 1
  },
  {
    "Id": "unit_376",
    "Name": "Gnashers",
    "Type": "Unit",
    "Attributes": {
      "height": "Standard"
    },
    "BasicProfileIds": [
      "68357f74790d8280c4b24f86"
    ],
    "DefaultFront": 5,
    "Formation": 1
  },
  {
    "Id": "unit_377",
    "Name": "Gnasher Dashers",
    "Type": "Unit",
    "Attributes": {
      "height": "Standard"
    },
    "BasicProfileIds": [
      "68357f74790d8280c4b24f8b"
    ],
    "DefaultFront": 5,
    "Formation": 1
  },
  {
    "Id": "unit_378",
    "Name": "Goblin Artillery",
    "Type": "Unit",
    "Attributes": {
      "height": "Standard"
    },
    "BasicProfileIds": [
      "68357f74790d8280c4b24f8e"
    ],
    "DefaultFront": 1,
    "Formation": 1
  },
  {
    "Id": "unit_379",
    "Name": "Goblin Chariots",
    "Type": "Unit",
    "Attributes": {
      "height": "Large"
    },
    "BasicProfileIds": [
      "68357f75790d8280c4b24fa4"
    ],
    "DefaultFront": 1,
    "Formation": 1
  },
  {
    "Id": "unit_380",
    "Name": "Gogtuk Neophytes",
    "Type": "Unit",
    "Attributes": {
      "height": "Standard"
    },
    "BasicProfileIds": [
      "68357f75790d8280c4b24fa9"
    ],
    "DefaultFront": 5,
    "Formation": 1
  },
  {
    "Id": "unit_381",
    "Name": "Great Green Idol",
    "Type": "Unit",
    "Attributes": {
      "height": "Gigantic"
    },
    "BasicProfileIds": [
      "68357f75790d8280c4b24fc5"
    ],
    "DefaultFront": 1,
    "Formation": 1
  },
  {
    "Id": "unit_382",
    "Name": "Grotlings",
    "Type": "Unit",
    "Attributes": {
      "height": "Standard"
    },
    "BasicProfileIds": [
      "68357f75790d8280c4b24fc8"
    ],
    "DefaultFront": 3,
    "Formation": 1
  },
  {
    "Id": "unit_383",
    "Name": "Grotling Scrap Wagon",
    "Type": "Unit",
    "Attributes": {
      "height": "Large"
    },
    "BasicProfileIds": [
      "68357f75790d8280c4b24fcb"
    ],
    "DefaultFront": 1,
    "Formation": 1
  },
  {
    "Id": "unit_384",
    "Name": "Guardian Behemoth",
    "Type": "Unit",
    "Attributes": {
      "height": "Gigantic"
    },
    "BasicProfileIds": [
      "68357f76790d8280c4b24fcc"
    ],
    "DefaultFront": 1,
    "Formation": 1
  },
  {
    "Id": "unit_385",
    "Name": "Iron Orc Chariots",
    "Type": "Unit",
    "Attributes": {
      "height": "Large"
    },
    "BasicProfileIds": [
      "68357f76790d8280c4b24fd5"
    ],
    "DefaultFront": 1,
    "Formation": 1
  },
  {
    "Id": "unit_386",
    "Name": "Iron Orcs",
    "Type": "Unit",
    "Attributes": {
      "height": "Standard"
    },
    "BasicProfileIds": [
      "68357f76790d8280c4b2500b"
    ],
    "DefaultFront": 5,
    "Formation": 1
  },
  {
    "Id": "unit_387",
    "Name": "Trolls",
    "Type": "Unit",
    "Attributes": {
      "height": "Large"
    },
    "BasicProfileIds": [
      "68357f76790d8280c4b25047"
    ],
    "DefaultFront": 3,
    "Formation": 1
  },
  {
    "Id": "unit_388",
    "Name": "Wrecking Team",
    "Type": "Unit",
    "Attributes": {
      "height": "Large"
    },
    "BasicProfileIds": [
      "68357f76790d8280c4b2504e"
    ],
    "DefaultFront": 1,
    "Formation": 1
  }
]