[
  {
    "OptionId": "5ca23719-28e6-44bf-8f44-8c2e484b8740",
    "UnitId": "unit_532",
    "NewUnitId": "unit_533"
  },
  {
    "OptionId": "b456d864-e6be-48d2-806b-7b38821d961b",
    "UnitId": "unit_534",
    "NewUnitId": "unit_535"
  },
  {
    "OptionId": "761c8357-cd97-4898-a327-296ce8bbad8b",
    "UnitId": "unit_534",
    "NewUnitId": "unit_536"
  },
  {
    "OptionId": "b456d864-e6be-48d2-806b-7b38821d961b",
    "UnitId": "unit_537",
    "NewUnitId": "unit_538"
  },
  {
    "OptionId": "65b11506-b568-4cad-9f4f-12cdce0b3815",
    "UnitId": "unit_539",
    "NewUnitId": "unit_540"
  },
  {
    "OptionId": "5d8f3a2b-9f57-49d1-8c1a-2b4d7a9c0e7d",
    "UnitId": "unit_542"
  },
  {
    "OptionId": "e5b3d8f9-2c7a-4f1d-8b3e-1d7a2c6f4a9d",
    "UnitId": "unit_543"
  },
  {
    "OptionId": "3a074005-878f-422e-a475-42dd13ce86ce",
    "UnitId": "unit_544"
  },
  {
    "OptionId": "c9519cd5-2b08-4a2e-9017-51463bfb9821",
    "UnitId": "unit_544"
  },
  {
    "OptionId": "3a074005-878f-422e-a475-42dd13ce86ce",
    "UnitId": "unit_545"
  },
  {
    "OptionId": "c9519cd5-2b08-4a2e-9017-51463bfb9821",
    "UnitId": "unit_545"
  },
  {
    "OptionId": "3a074005-878f-422e-a475-42dd13ce86ce",
    "UnitId": "unit_546"
  },
  {
    "OptionId": "c9519cd5-2b08-4a2e-9017-51463bfb9821",
    "UnitId": "unit_546"
  },
  {
    "OptionId": "3a074005-878f-422e-a475-42dd13ce86ce",
    "UnitId": "unit_547"
  },
  {
    "OptionId": "3a074005-878f-422e-a475-42dd13ce86ce",
    "UnitId": "unit_548"
  },
  {
    "OptionId": "c9519cd5-2b08-4a2e-9017-51463bfb9821",
    "UnitId": "unit_548"
  },
  {
    "OptionId": "3a074005-878f-422e-a475-42dd13ce86ce",
    "UnitId": "unit_549"
  },
  {
    "OptionId": "c9519cd5-2b08-4a2e-9017-51463bfb9821",
    "UnitId": "unit_549"
  },
  {
    "OptionId": "3a074005-878f-422e-a475-42dd13ce86ce",
    "UnitId": "unit_555"
  },
  {
    "OptionId": "c9519cd5-2b08-4a2e-9017-51463bfb9821",
    "UnitId": "unit_555"
  },
  {
    "OptionId": "3a074005-878f-422e-a475-42dd13ce86ce",
    "UnitId": "unit_556"
  },
  {
    "OptionId": "c9519cd5-2b08-4a2e-9017-51463bfb9821",
    "UnitId": "unit_556"
  },
  {
    "OptionId": "3a074005-878f-422e-a475-42dd13ce86ce",
    "UnitId": "unit_558"
  },
  {
    "OptionId": "3a074005-878f-422e-a475-42dd13ce86ce",
    "UnitId": "unit_559"
  },
  {
    "OptionId": "c9519cd5-2b08-4a2e-9017-51463bfb9821",
    "UnitId": "unit_559"
  },
  {
    "OptionId": "08df75a1-4ff2-4822-a0c6-eec46cb53622",
    "UnitId": "unit_563"
  },
  {
    "OptionId": "b495efec-7577-4d46-a78d-020f805fb6b4",
    "UnitId": "unit_544"
  },
  {
    "OptionId": "29998dd2-41cc-45d7-879b-fa3562f30c00",
    "UnitId": "unit_544"
  },
  {
    "OptionId": "50f06ce6-5b31-4d11-821f-248b03269ca9",
    "UnitId": "unit_544"
  },
  {
    "OptionId": "b786db11-e730-478c-82f6-ff104095d254",
    "UnitId": "unit_534"
  },
  {
    "OptionId": "a974648b-3a89-4c94-8f5c-ad3db30084ce",
    "UnitId": "unit_534"
  },
  {
    "OptionId": "656ba8fb-8d84-4ac0-a847-e11af02d92b1",
    "UnitId": "unit_534"
  },
  {
    "OptionId": "e4063b59-70ba-40ab-8d35-1ab3aeb6ca5e",
    "UnitId": "unit_534"
  },
  {
    "OptionId": "33baffbf-4728-4144-beba-f8c8dc093d73",
    "UnitId": "unit_534"
  },
  {
    "OptionId": "b4241335-9b4a-4be0-be3b-2dc01b85c72f",
    "UnitId": "unit_534"
  },
  {
    "OptionId": "24732b8e-c95c-4ee6-a09f-a9aaca66190e",
    "UnitId": "unit_560"
  },
  {
    "OptionId": "57d2fabc-56a8-4600-b604-75f1ebb6ff6c",
    "UnitId": "unit_560"
  },
  {
    "OptionId": "199f4b54-54c4-4fc4-8295-f77d896da2ae",
    "UnitId": "unit_560"
  },
  {
    "OptionId": "f3760bb5-dfde-4638-a93b-3a44b39f200b",
    "UnitId": "unit_560"
  },
  {
    "OptionId": "80d396ab-ae8e-45db-825b-2cfd183555d3",
    "UnitId": "unit_551"
  },
  {
    "OptionId": "24732b8e-c95c-4ee6-a09f-a9aaca66190e",
    "UnitId": "unit_537"
  },
  {
    "OptionId": "57d2fabc-56a8-4600-b604-75f1ebb6ff6c",
    "UnitId": "unit_537"
  },
  {
    "OptionId": "b786db11-e730-478c-82f6-ff104095d254",
    "UnitId": "unit_537"
  },
  {
    "OptionId": "4e496af9-94db-4d25-b35b-d5ac17cf5668",
    "UnitId": "unit_537"
  },
  {
    "OptionId": "e4063b59-70ba-40ab-8d35-1ab3aeb6ca5e",
    "UnitId": "unit_537"
  },
  {
    "OptionId": "de9e58d8-9e06-4151-95d4-504606f9f54d",
    "UnitId": "unit_537"
  },
  {
    "OptionId": "f3760bb5-dfde-4638-a93b-3a44b39f200b",
    "UnitId": "unit_537"
  },
  {
    "OptionId": "f90e625d-171b-4881-893a-d71d1cee5a63",
    "UnitId": "unit_537"
  },
  {
    "OptionId": "a51e2e1c-43ba-4ba2-ba9d-3038673134fc",
    "UnitId": "unit_537"
  },
  {
    "OptionId": "259eab3c-6618-4515-a14a-986d23255445",
    "UnitId": "unit_556"
  },
  {
    "OptionId": "29998dd2-41cc-45d7-879b-fa3562f30c00",
    "UnitId": "unit_556"
  },
  {
    "OptionId": "841b811a-71fc-48f7-9b6d-922b1af2964f",
    "UnitId": "unit_531"
  },
  {
    "OptionId": "4d18caa0-784a-445f-8b4c-e3ae007453dd",
    "UnitId": "unit_531"
  },
  {
    "OptionId": "29998dd2-41cc-45d7-879b-fa3562f30c00",
    "UnitId": "unit_558"
  },
  {
    "OptionId": "a742dcf0-5af4-4045-a212-2d7f0c5be45c",
    "UnitId": "unit_558"
  },
  {
    "OptionId": "f51742b1-c800-49f8-b297-df864d8cdabd",
    "UnitId": "unit_539"
  },
  {
    "OptionId": "6cc9cc30-1125-4970-b64a-1d2973f30d74",
    "UnitId": "unit_562"
  },
  {
    "OptionId": "29998dd2-41cc-45d7-879b-fa3562f30c00",
    "UnitId": "unit_546"
  },
  {
    "OptionId": "33baffbf-4728-4144-beba-f8c8dc093d73",
    "UnitId": "unit_546"
  },
  {
    "OptionId": "50f06ce6-5b31-4d11-821f-248b03269ca9",
    "UnitId": "unit_546"
  }
]