[
  {
    "Id": "5ca23719-28e6-44bf-8f44-8c2e484b8740",
    "Name": "Senatorial Litter",
    "Type": "UnitGlobalChange"
  },
  {
    "Id": "b456d864-e6be-48d2-806b-7b38821d961b",
    "Name": "Praetorian Brute",
    "Type": "UnitGlobalChange"
  },
  {
    "Id": "761c8357-cd97-4898-a327-296ce8bbad8b",
    "Name": "Triumphal Platform",
    "Type": "UnitGlobalChange"
  },
  {
    "Id": "65b11506-b568-4cad-9f4f-12cdce0b3815",
    "Name": "Sacred Platform",
    "Type": "UnitGlobalChange"
  },
  {
    "Id": "5d8f3a2b-9f57-49d1-8c1a-2b4d7a9c0e7d",
    "Name": "Professor Mauss",
    "Type": "UnitGlobalChange"
  },
  {
    "Id": "e5b3d8f9-2c7a-4f1d-8b3e-1d7a2c6f4a9d",
    "Name": "The Shadowslice Stalker",
    "Type": "UnitGlobalChange"
  },
  {
    "Id": "b495efec-7577-4d46-a78d-020f805fb6b4",
    "Name": "Bloodfur Praetorians",
    "Type": "UnitSwapDisplayable"
  },
  {
    "Id": "259eab3c-6618-4515-a14a-986d23255445",
    "Name": "Bloodpox Blades",
    "Type": "UnitSwapDisplayable",
    "DisplayableDataIdToAdd": {
      "rule_525": ""
    }
  },
  {
    "Id": "24732b8e-c95c-4ee6-a09f-a9aaca66190e",
    "Name": "Canister Launcher",
    "Type": "UnitSwapDisplayable",
    "DisplayableDataIdToAdd": {
      "rule_1107": ""
    }
  },
  {
    "Id": "57d2fabc-56a8-4600-b604-75f1ebb6ff6c",
    "Name": "Deepfire Thrower",
    "Type": "UnitSwapDisplayable",
    "DisplayableDataIdToAdd": {
      "rule_1108": ""
    }
  },
  {
    "Id": "80d396ab-ae8e-45db-825b-2cfd183555d3",
    "Name": "Dire Rats",
    "Type": "UnitSwapDisplayable"
  },
  {
    "Id": "b786db11-e730-478c-82f6-ff104095d254",
    "Name": "Greater Eagle Standard",
    "Type": "UnitSwapDisplayable"
  },
  {
    "Id": "841b811a-71fc-48f7-9b6d-922b1af2964f",
    "Name": "I am the Senate",
    "Type": "UnitSwapDisplayable",
    "DisplayableDataIdToAdd": {
      "rule_1111": ""
    }
  },
  {
    "Id": "4e496af9-94db-4d25-b35b-d5ac17cf5668",
    "Name": "Jezail",
    "Type": "UnitSwapDisplayable",
    "DisplayableDataIdToAdd": {
      "rule_530": ""
    }
  },
  {
    "Id": "199f4b54-54c4-4fc4-8295-f77d896da2ae",
    "Name": "Jezail and Shield",
    "Type": "UnitSwapDisplayable"
  },
  {
    "Id": "f51742b1-c800-49f8-b297-df864d8cdabd",
    "Name": "Pestilent Pulpit",
    "Type": "UnitSwapDisplayable",
    "DisplayableDataIdToAdd": {
      "rule_1106": ""
    }
  },
  {
    "Id": "4d18caa0-784a-445f-8b4c-e3ae007453dd",
    "Name": "Pontifex Maximus",
    "Type": "UnitSwapDisplayable",
    "DisplayableDataIdToAdd": {
      "rule_515": ""
    }
  },
  {
    "Id": "de9e58d8-9e06-4151-95d4-504606f9f54d",
    "Name": "Rakachit Technocrat",
    "Type": "UnitSwapDisplayable",
    "DisplayableDataIdToAdd": {
      "rule_1101": ""
    }
  },
  {
    "Id": "f3760bb5-dfde-4638-a93b-3a44b39f200b",
    "Name": "Rotary Gun",
    "Type": "UnitSwapDisplayable",
    "DisplayableDataIdToAdd": {
      "rule_1109": ""
    }
  },
  {
    "Id": "f90e625d-171b-4881-893a-d71d1cee5a63",
    "Name": "Skorchit Alchemist",
    "Type": "UnitSwapDisplayable",
    "DisplayableDataIdToAdd": {
      "rule_1102": ""
    }
  },
  {
    "Id": "6cc9cc30-1125-4970-b64a-1d2973f30d74",
    "Name": "Skorchit Ordnance",
    "Type": "UnitSwapDisplayable",
    "DisplayableDataIdToAdd": {
      "rule_535": ""
    }
  },
  {
    "Id": "50f06ce6-5b31-4d11-821f-248b03269ca9",
    "Name": "Standard Bearer with Eagle Standard",
    "Type": "UnitSwapDisplayable"
  },
  {
    "Id": "a51e2e1c-43ba-4ba2-ba9d-3038673134fc",
    "Name": "Stygian Overseer",
    "Type": "UnitSwapDisplayable",
    "DisplayableDataIdToAdd": {
      "rule_1099": ""
    }
  },
  {
    "Id": "08df75a1-4ff2-4822-a0c6-eec46cb53622",
    "Name": "Underworld Beast",
    "Type": "UnitSwapDisplayable",
    "DisplayableDataIdToAdd": {
      "rule_1320": ""
    }
  }
]