[
  {
    "Id": "68357f94790d8280c4b27059",
    "Name": "Ruinous Dictator",
    "Type": "Profile",
    "BaseId": "15",
    "DisplayableDataIds": {
      "statline_1499": "",
      "statline_1500": "",
      "statline_1501": ""
    }
  },
  {
    "Id": "68357f94790d8280c4b2708e",
    "Name": "Vermin Senator",
    "Type": "Profile",
    "BaseId": "5",
    "DisplayableDataIds": {
      "statline_1502": "",
      "statline_1503": "",
      "statline_1504": ""
    }
  },
  {
    "Id": "98f9185f-d679-4f4b-b7c9-a8b4dd5ccf17",
    "Name": "Blackfur Veteran (4)",
    "Type": "Profile",
    "BaseId": "3",
    "DisplayableDataIds": {
      "statline_1505": "",
      "statline_1506": "",
      "statline_1507": ""
    }
  },
  {
    "Id": "68357f94790d8280c4b27101",
    "Name": "Bloodfur Legate",
    "Type": "Profile",
    "BaseId": "5",
    "DisplayableDataIds": {
      "statline_1508": "",
      "statline_1509": "",
      "statline_1510": ""
    }
  },
  {
    "Id": "aa6c52e2-7df4-4d17-acf2-a0e295b275f0",
    "Name": "Praetorian Brute",
    "Type": "Profile",
    "BaseId": "3",
    "DisplayableDataIds": {
      "statline_1511": "",
      "statline_1512": "",
      "statline_1513": ""
    }
  },
  {
    "Id": "eaa11109-74a1-44e9-988a-a1efb6c7a1c9",
    "Name": "Praetorian Brute (3)",
    "Type": "Profile",
    "BaseId": "21",
    "DisplayableDataIds": {
      "statline_1514": "",
      "statline_1515": "",
      "statline_1516": "",
      "statline_1517": ""
    }
  },
  {
    "Id": "68357f94790d8280c4b27221",
    "Name": "House Prefect",
    "Type": "Profile",
    "BaseId": "5",
    "DisplayableDataIds": {
      "statline_1518": "",
      "statline_1519": "",
      "statline_1520": ""
    }
  },
  {
    "Id": "87f2a3f4-6b6d-4401-aec8-12e496805699",
    "Name": "Praetorian Brute",
    "Type": "Profile",
    "BaseId": "3",
    "DisplayableDataIds": {
      "statline_1521": "",
      "statline_1522": "",
      "statline_1513": ""
    }
  },
  {
    "Id": "68357f95790d8280c4b272aa",
    "Name": "Swarm Priest",
    "Type": "Profile",
    "BaseId": "5",
    "DisplayableDataIds": {
      "statline_1523": "",
      "statline_1524": "",
      "statline_1525": ""
    }
  },
  {
    "Id": "1ecfe8f5-f44b-44aa-a4c9-661d3718d76c",
    "Name": "Acolyte (8)",
    "Type": "Profile",
    "BaseId": "9",
    "DisplayableDataIds": {
      "statline_1526": "",
      "statline_1527": "",
      "statline_1528": "",
      "statline_1529": ""
    }
  },
  {
    "Id": "68357f95790d8280c4b27348",
    "Name": "Duskblade Assassin",
    "Type": "Profile",
    "BaseId": "5",
    "DisplayableDataIds": {
      "statline_1530": "",
      "statline_1531": "",
      "statline_1532": ""
    }
  },
  {
    "Id": "d4f8a2b7c3e1d9a0f5b6c4d3e",
    "Name": "Professor Mauss",
    "Type": "Profile",
    "BaseId": "9",
    "DisplayableDataIds": {
      "statline_1533": "",
      "statline_1534": "",
      "statline_1535": "",
      "statline_1536": ""
    }
  },
  {
    "Id": "d3f9e2b4a6d1f8c9b5a7d2c9b",
    "Name": "The Shadowslice Stalker",
    "Type": "Profile",
    "BaseId": "5",
    "DisplayableDataIds": {
      "statline_1537": "",
      "statline_1538": "",
      "statline_1539": ""
    }
  },
  {
    "Id": "68357f95790d8280c4b27353",
    "Name": "Blackfur Veterans",
    "Type": "Profile",
    "BaseId": "5",
    "DisplayableDataIds": {
      "statline_1540": "",
      "statline_1541": "",
      "statline_1542": ""
    }
  },
  {
    "Id": "68357f95790d8280c4b27386",
    "Name": "Plague Cultists",
    "Type": "Profile",
    "BaseId": "5",
    "DisplayableDataIds": {
      "statline_1543": "",
      "statline_1544": "",
      "statline_1545": ""
    }
  },
  {
    "Id": "68357f96790d8280c4b273b9",
    "Name": "Vermin Legionaries",
    "Type": "Profile",
    "BaseId": "5",
    "DisplayableDataIds": {
      "statline_1546": "",
      "statline_1547": "",
      "statline_1548": ""
    }
  },
  {
    "Id": "68357f96790d8280c4b273f2",
    "Name": "Vermin Slaves",
    "Type": "Profile",
    "BaseId": "5",
    "DisplayableDataIds": {
      "statline_1549": "",
      "statline_1550": "",
      "statline_1551": ""
    }
  },
  {
    "Id": "68357f96790d8280c4b27404",
    "Name": "Vermin Slingers",
    "Type": "Profile",
    "BaseId": "5",
    "DisplayableDataIds": {
      "statline_1552": "",
      "statline_1553": "",
      "statline_1554": ""
    }
  },
  {
    "Id": "68357f96790d8280c4b2741c",
    "Name": "Blackfur Veterans",
    "Type": "Profile",
    "BaseId": "5",
    "DisplayableDataIds": {
      "statline_1540": "",
      "statline_1541": "",
      "statline_1542": ""
    }
  },
  {
    "Id": "68357f97790d8280c4b2744f",
    "Name": "Vermin Brutes",
    "Type": "Profile",
    "BaseId": "3",
    "DisplayableDataIds": {
      "statline_1555": "",
      "statline_1556": "",
      "statline_1557": ""
    }
  },
  {
    "Id": "68357f97790d8280c4b27454",
    "Name": "Giant Rats",
    "Type": "Profile",
    "BaseId": "5",
    "DisplayableDataIds": {
      "statline_1558": "",
      "statline_1559": "",
      "statline_1560": ""
    }
  },
  {
    "Id": "68357f97790d8280c4b27459",
    "Name": "Giant Rats",
    "Type": "Profile",
    "BaseId": "5",
    "DisplayableDataIds": {
      "statline_1558": "",
      "statline_1559": "",
      "statline_1560": ""
    }
  },
  {
    "Id": "68357f97790d8280c4b2745e",
    "Name": "Rat Swarm",
    "Type": "Profile",
    "BaseId": "3",
    "DisplayableDataIds": {
      "statline_1561": "",
      "statline_1562": "",
      "statline_1563": ""
    }
  },
  {
    "Id": "68357f97790d8280c4b27461",
    "Name": "Legionary Drill Team",
    "Type": "Profile",
    "BaseId": "3",
    "DisplayableDataIds": {
      "statline_1564": "",
      "statline_1565": "",
      "statline_1566": ""
    }
  },
  {
    "Id": "68357f97790d8280c4b27464",
    "Name": "Gladiator Brutes",
    "Type": "Profile",
    "BaseId": "6",
    "DisplayableDataIds": {
      "statline_1567": "",
      "statline_1568": "",
      "statline_1569": ""
    }
  },
  {
    "Id": "68357f98790d8280c4b27497",
    "Name": "Plague Cultists",
    "Type": "Profile",
    "BaseId": "5",
    "DisplayableDataIds": {
      "statline_1543": "",
      "statline_1544": "",
      "statline_1545": ""
    }
  },
  {
    "Id": "68357f98790d8280c4b274c8",
    "Name": "Doomspark Device",
    "Type": "Profile",
    "BaseId": "2",
    "DisplayableDataIds": {
      "statline_1570": "",
      "statline_1571": "",
      "statline_1572": "",
      "statline_1573": ""
    }
  },
  {
    "Id": "68357f98790d8280c4b274cb",
    "Name": "Shadowfur Stalkers",
    "Type": "Profile",
    "BaseId": "5",
    "DisplayableDataIds": {
      "statline_1574": "",
      "statline_1575": "",
      "statline_1576": ""
    }
  },
  {
    "Id": "68357f98790d8280c4b274df",
    "Name": "Thunder Brutes",
    "Type": "Profile",
    "BaseId": "6",
    "DisplayableDataIds": {
      "statline_1577": "",
      "statline_1578": "",
      "statline_1579": ""
    }
  },
  {
    "Id": "68357f99790d8280c4b27521",
    "Name": "Experimental Weapon Teams",
    "Type": "Profile",
    "BaseId": "4",
    "DisplayableDataIds": {
      "statline_1580": "",
      "statline_1581": "",
      "statline_1582": ""
    }
  },
  {
    "Id": "68357f99790d8280c4b2752b",
    "Name": "Ignifier Grenadiers",
    "Type": "Profile",
    "BaseId": "5",
    "DisplayableDataIds": {
      "statline_1583": "",
      "statline_1584": "",
      "statline_1585": ""
    }
  },
  {
    "Id": "68357f99790d8280c4b2752e",
    "Name": "Vermin Artillery",
    "Type": "Profile",
    "BaseId": "15",
    "DisplayableDataIds": {
      "statline_1586": "",
      "statline_1587": "",
      "statline_1588": ""
    }
  },
  {
    "Id": "68357f99790d8280c4b27532",
    "Name": "Arena Beast",
    "Type": "Profile",
    "BaseId": "2",
    "DisplayableDataIds": {
      "statline_1589": "",
      "statline_1590": "",
      "statline_1591": "",
      "statline_1592": ""
    }
  },
  {
    "Id": "68357f99790d8280c4b27537",
    "Name": "Dreadmill Chariots",
    "Type": "Profile",
    "BaseId": "2",
    "DisplayableDataIds": {
      "statline_1593": "",
      "statline_1594": "",
      "statline_1595": "",
      "statline_1596": ""
    }
  },
  {
    "Id": "68357f99790d8280c4b2753a",
    "Name": "Stygian Earthbreaker",
    "Type": "Profile",
    "BaseId": "2",
    "DisplayableDataIds": {
      "statline_1597": "",
      "statline_1598": "",
      "statline_1599": ""
    }
  }
]