[
  {
    "Id": "statline_1499",
    "Name": "Ruinous Dictator",
    "Type": "Statline",
    "Attributes": {
      "Ad": "7",
      "Ma": "7",
      "Di": "8",
      "Hgt": "5"
    },
    "DisplayableDataIds": {
      "rule_4": "",
      "rule_21": "",
      "rule_3": "",
      "rule_132": "",
      "rule_513": "",
      "rule_11": "",
      "rule_514": "",
      "rule_45": "",
      "rule_112": "",
      "rule_515": "",
      "rule_516": ""
    }
  },
  {
    "Id": "statline_1500",
    "Name": "Ruinous Dictator",
    "Type": "Statline",
    "Attributes": {
      "HP": "8",
      "Df": "6",
      "Re": "5",
      "Arm": "2"
    },
    "DisplayableDataIds": {
      "rule_51": "(5+)"
    }
  },
  {
    "Id": "statline_1501",
    "Name": "Ruinous Dictator",
    "Type": "Statline",
    "Attributes": {
      "At": "4",
      "Of": "6",
      "St": "5",
      "AP": "3",
      "Ag": "8"
    },
    "DisplayableDataIds": {
      "rule_46": "(D6)",
      "rule_134": ""
    }
  },
  {
    "Id": "statline_1502",
    "Name": "Vermin Senator",
    "Type": "Statline",
    "Attributes": {
      "Ad": "5",
      "Ma": "5",
      "Di": "8",
      "Hgt": "1"
    },
    "DisplayableDataIds": {
      "rule_513": "",
      "rule_339": "",
      "rule_310": "(6\")",
      "rule_17": "",
      "rule_18": "",
      "rule_4": ""
    }
  },
  {
    "Id": "statline_1503",
    "Name": "Vermin Senator",
    "Type": "Statline",
    "Attributes": {
      "HP": "3",
      "Df": "3",
      "Re": "3",
      "Arm": "1"
    }
  },
  {
    "Id": "statline_1504",
    "Name": "Vermin Senator",
    "Type": "Statline",
    "Attributes": {
      "At": "2",
      "Of": "3",
      "St": "3",
      "AP": "0",
      "Ag": "4"
    },
    "DisplayableDataIds": {
      "rule_266": "(4+)"
    }
  },
  {
    "Id": "statline_1505",
    "Name": "Blackfur Veteran (4)",
    "Type": "Statline",
    "Attributes": {
      "Ad": "5",
      "Ma": "5",
      "Di": "8",
      "Hgt": "1"
    },
    "DisplayableDataIds": {
      "rule_513": "",
      "rule_339": "",
      "rule_310": "(6\")",
      "rule_17": "",
      "rule_18": "",
      "rule_4": ""
    }
  },
  {
    "Id": "statline_1506",
    "Name": "Blackfur Veteran (4)",
    "Type": "Statline",
    "Attributes": {
      "HP": "4",
      "Df": "3",
      "Re": "4",
      "Arm": "3"
    }
  },
  {
    "Id": "statline_1507",
    "Name": "Blackfur Veteran (4)",
    "Type": "Statline",
    "Attributes": {
      "At": "1",
      "Of": "4",
      "St": "4",
      "AP": "1",
      "Ag": "5"
    }
  },
  {
    "Id": "statline_1508",
    "Name": "Bloodfur Legate",
    "Type": "Statline",
    "Attributes": {
      "Ad": "5",
      "Ma": "5",
      "Di": "8",
      "Hgt": "1"
    },
    "DisplayableDataIds": {
      "rule_513": "",
      "rule_3": "",
      "rule_4": ""
    }
  },
  {
    "Id": "statline_1509",
    "Name": "Bloodfur Legate",
    "Type": "Statline",
    "Attributes": {
      "HP": "3",
      "Df": "5",
      "Re": "4",
      "Arm": "2"
    },
    "DisplayableDataIds": {
      "rule_27": ""
    }
  },
  {
    "Id": "statline_1510",
    "Name": "Bloodfur Legate",
    "Type": "Statline",
    "Attributes": {
      "At": "4",
      "Of": "5",
      "St": "4",
      "AP": "1",
      "Ag": "6"
    }
  },
  {
    "Id": "statline_1511",
    "Name": "Praetorian Brute",
    "Type": "Statline",
    "Attributes": {
      "Ad": "6",
      "Ma": "6",
      "Di": "8",
      "Hgt": "3"
    },
    "DisplayableDataIds": {
      "rule_513": "",
      "rule_3": "",
      "rule_4": ""
    }
  },
  {
    "Id": "statline_1512",
    "Name": "Praetorian Brute",
    "Type": "Statline",
    "Attributes": {
      "HP": "3",
      "Df": "5",
      "Re": "5",
      "Arm": "4"
    },
    "DisplayableDataIds": {
      "rule_27": ""
    }
  },
  {
    "Id": "statline_1513",
    "Name": "Praetorian Brute",
    "Type": "Statline",
    "Attributes": {
      "At": "4",
      "Of": "3",
      "St": "5",
      "AP": "2",
      "Ag": "4"
    }
  },
  {
    "Id": "statline_1514",
    "Name": "Praetorian Brute (3)",
    "Type": "Statline",
    "Attributes": {
      "Ad": "0",
      "Ma": "3",
      "Di": "8",
      "Hgt": "5"
    },
    "DisplayableDataIds": {
      "rule_513": "",
      "rule_3": "",
      "rule_105": "",
      "rule_6": "(Blackfur Veterans, Bloodfur Praetorians, Vermin Brutes, Vermin Legionaries)",
      "rule_18": "",
      "rule_45": "",
      "rule_4": ""
    }
  },
  {
    "Id": "statline_1515",
    "Name": "Praetorian Brute (3)",
    "Type": "Statline",
    "Attributes": {
      "HP": "8",
      "Df": "1",
      "Re": "5",
      "Arm": "4"
    },
    "DisplayableDataIds": {
      "rule_27": ""
    }
  },
  {
    "Id": "statline_1516",
    "Name": "Praetorian Brute (3)",
    "Type": "Statline",
    "Attributes": {
      "At": "4",
      "Of": "3",
      "St": "5",
      "AP": "2",
      "Ag": "4"
    }
  },
  {
    "Id": "statline_1517",
    "Name": "Chassis",
    "Type": "Statline",
    "Attributes": {
      "At": "0",
      "Of": "0",
      "St": "5",
      "AP": "2",
      "Ag": "0"
    },
    "DisplayableDataIds": {
      "rule_10": "(D6+1)"
    }
  },
  {
    "Id": "statline_1518",
    "Name": "House Prefect",
    "Type": "Statline",
    "Attributes": {
      "Ad": "5",
      "Ma": "5",
      "Di": "7",
      "Hgt": "1"
    },
    "DisplayableDataIds": {
      "rule_513": "",
      "rule_4": "",
      "rule_17": "",
      "rule_18": "",
      "rule_517": ""
    }
  },
  {
    "Id": "statline_1519",
    "Name": "House Prefect",
    "Type": "Statline",
    "Attributes": {
      "HP": "3",
      "Df": "4",
      "Re": "4",
      "Arm": "2"
    },
    "DisplayableDataIds": {
      "rule_27": ""
    }
  },
  {
    "Id": "statline_1520",
    "Name": "House Prefect",
    "Type": "Statline",
    "Attributes": {
      "At": "3",
      "Of": "4",
      "St": "4",
      "AP": "1",
      "Ag": "5"
    },
    "DisplayableDataIds": {
      "rule_266": "(3+)"
    }
  },
  {
    "Id": "statline_1521",
    "Name": "Praetorian Brute",
    "Type": "Statline",
    "Attributes": {
      "Ad": "6",
      "Ma": "6",
      "Di": "7",
      "Hgt": "3"
    },
    "DisplayableDataIds": {
      "rule_513": "",
      "rule_4": "",
      "rule_17": "",
      "rule_18": "",
      "rule_517": ""
    }
  },
  {
    "Id": "statline_1522",
    "Name": "Praetorian Brute",
    "Type": "Statline",
    "Attributes": {
      "HP": "3",
      "Df": "4",
      "Re": "5",
      "Arm": "4"
    },
    "DisplayableDataIds": {
      "rule_27": ""
    }
  },
  {
    "Id": "statline_1523",
    "Name": "Swarm Priest",
    "Type": "Statline",
    "Attributes": {
      "Ad": "5",
      "Ma": "5",
      "Di": "5",
      "Hgt": "1"
    },
    "DisplayableDataIds": {
      "rule_513": "",
      "rule_518": "",
      "rule_4": "",
      "rule_20": ""
    }
  },
  {
    "Id": "statline_1524",
    "Name": "Swarm Priest",
    "Type": "Statline",
    "Attributes": {
      "HP": "3",
      "Df": "2",
      "Re": "3",
      "Arm": "0"
    }
  },
  {
    "Id": "statline_1525",
    "Name": "Swarm Priest",
    "Type": "Statline",
    "Attributes": {
      "At": "1",
      "Of": "2",
      "St": "3",
      "AP": "0",
      "Ag": "4"
    }
  },
  {
    "Id": "statline_1526",
    "Name": "Acolyte (8)",
    "Type": "Statline",
    "Attributes": {
      "Ad": "0",
      "Ma": "3",
      "Di": "5",
      "Hgt": "5"
    },
    "DisplayableDataIds": {
      "rule_513": "",
      "rule_518": "",
      "rule_105": "",
      "rule_114": "(1)",
      "rule_18": "",
      "rule_21": "",
      "rule_45": "",
      "rule_4": "",
      "rule_20": ""
    }
  },
  {
    "Id": "statline_1527",
    "Name": "Acolyte (8)",
    "Type": "Statline",
    "Attributes": {
      "HP": "7",
      "Df": "1",
      "Re": "5",
      "Arm": "2"
    },
    "DisplayableDataIds": {
      "rule_51": "(5+)"
    }
  },
  {
    "Id": "statline_1528",
    "Name": "Acolyte (8)",
    "Type": "Statline",
    "Attributes": {
      "At": "1",
      "Of": "3",
      "St": "5",
      "AP": "2",
      "Ag": "4",
      "Agi": "0"
    },
    "DisplayableDataIds": {
      "rule_39": "",
      "rule_519": ""
    }
  },
  {
    "Id": "statline_1529",
    "Name": "Chassis",
    "Type": "Statline",
    "Attributes": {
      "At": "0",
      "Of": "0",
      "St": "5",
      "AP": "2",
      "Ag": "0"
    }
  },
  {
    "Id": "statline_1530",
    "Name": "Duskblade Assassin",
    "Type": "Statline",
    "Attributes": {
      "Ad": "6",
      "Ma": "6",
      "Di": "6",
      "Hgt": "1"
    },
    "DisplayableDataIds": {
      "rule_513": "",
      "rule_18": "",
      "rule_181": "",
      "rule_4": ""
    }
  },
  {
    "Id": "statline_1531",
    "Name": "Duskblade Assassin",
    "Type": "Statline",
    "Attributes": {
      "HP": "2",
      "Df": "4",
      "Re": "3",
      "Arm": "0"
    },
    "DisplayableDataIds": {
      "rule_121": "(1)"
    }
  },
  {
    "Id": "statline_1532",
    "Name": "Duskblade Assassin",
    "Type": "Statline",
    "Attributes": {
      "At": "3",
      "Of": "5",
      "St": "4",
      "AP": "3",
      "Ag": "8"
    },
    "DisplayableDataIds": {
      "rule_47": "",
      "rule_146": "(2 against Character)",
      "rule_111": "( against Character)",
      "rule_32": "",
      "rule_348": "(2+)"
    }
  },
  {
    "Id": "statline_1533",
    "Name": "Professor Mauss",
    "Type": "Statline",
    "Attributes": {
      "Ad": "2D6",
      "Ma": "2d6",
      "Di": "7",
      "Hgt": "5"
    },
    "DisplayableDataIds": {
      "rule_21": "",
      "rule_1132": "",
      "rule_107": "",
      "rule_40": "(2D6)",
      "rule_11": "",
      "rule_41": "",
      "rule_1133": "",
      "rule_45": "",
      "rule_42": ""
    }
  },
  {
    "Id": "statline_1534",
    "Name": "Professor Mauss",
    "Type": "Statline",
    "Attributes": {
      "HP": "8",
      "Df": "1",
      "Re": "8",
      "Arm": "4"
    }
  },
  {
    "Id": "statline_1535",
    "Name": "Professor Mauss",
    "Type": "Statline",
    "Attributes": {
      "At": "3",
      "Of": "4",
      "St": "4",
      "AP": "1",
      "Ag": "5"
    },
    "DisplayableDataIds": {
      "rule_536": "(To-Hit Roll)",
      "rule_1109": "(3+)"
    }
  },
  {
    "Id": "statline_1536",
    "Name": "Chassis",
    "Type": "Statline",
    "Attributes": {
      "At": "",
      "Of": "",
      "St": "5",
      "AP": "2",
      "Ag": "2"
    },
    "DisplayableDataIds": {
      "rule_9": "(+1 Str, +1 AP, +10 Agi)",
      "rule_149": "(3D3 hits, Lightning Attacks)",
      "rule_1134": ""
    }
  },
  {
    "Id": "statline_1537",
    "Name": "The Shadowslice Stalker",
    "Type": "Statline",
    "Attributes": {
      "Ad": "6",
      "Ma": "6",
      "Di": "6",
      "Hgt": "1"
    },
    "DisplayableDataIds": {
      "rule_34": "(Tunnel Ambush)",
      "rule_513": "",
      "rule_1135": "",
      "rule_181": "",
      "rule_4": ""
    }
  },
  {
    "Id": "statline_1538",
    "Name": "The Shadowslice Stalker",
    "Type": "Statline",
    "Attributes": {
      "HP": "2",
      "Df": "4",
      "Re": "3",
      "Arm": "0"
    },
    "DisplayableDataIds": {
      "rule_121": "",
      "rule_1136": ""
    }
  },
  {
    "Id": "statline_1539",
    "Name": "The Shadowslice Stalker",
    "Type": "Statline",
    "Attributes": {
      "At": "3",
      "Of": "5",
      "St": "4",
      "AP": "3",
      "Ag": "8"
    },
    "DisplayableDataIds": {
      "rule_47": "",
      "rule_111": "(against Characters)",
      "rule_146": "(2, against Characters)",
      "rule_55": "",
      "rule_1137": ""
    }
  },
  {
    "Id": "statline_1540",
    "Name": "Blackfur Veterans",
    "Type": "Statline",
    "Attributes": {
      "Ad": "5",
      "Ma": "5",
      "Di": "6",
      "Hgt": "1"
    },
    "DisplayableDataIds": {
      "rule_520": ""
    }
  },
  {
    "Id": "statline_1541",
    "Name": "Blackfur Veterans",
    "Type": "Statline",
    "Attributes": {
      "HP": "1",
      "Df": "3",
      "Re": "2",
      "Arm": "2"
    },
    "DisplayableDataIds": {
      "rule_27": ""
    }
  },
  {
    "Id": "statline_1542",
    "Name": "Blackfur Veteran",
    "Type": "Statline",
    "Attributes": {
      "At": "1",
      "Of": "4",
      "St": "3",
      "AP": "0",
      "Ag": "5"
    },
    "DisplayableDataIds": {
      "rule_521": "",
      "rule_522": "",
      "rule_37": "",
      "rule_232": ""
    }
  },
  {
    "Id": "statline_1543",
    "Name": "Plague Cultists",
    "Type": "Statline",
    "Attributes": {
      "Ad": "5",
      "Ma": "5",
      "Di": "4",
      "Hgt": "1"
    },
    "DisplayableDataIds": {
      "rule_231": "",
      "rule_520": "",
      "rule_182": "",
      "rule_24": "",
      "rule_5": ""
    }
  },
  {
    "Id": "statline_1544",
    "Name": "Plague Cultists",
    "Type": "Statline",
    "Attributes": {
      "HP": "1",
      "Df": "2",
      "Re": "2",
      "Arm": "0"
    }
  },
  {
    "Id": "statline_1545",
    "Name": "Plague Cultist",
    "Type": "Statline",
    "Attributes": {
      "At": "1",
      "Of": "2",
      "St": "3",
      "AP": "0",
      "Ag": "4"
    },
    "DisplayableDataIds": {
      "rule_524": "",
      "rule_525": ""
    }
  },
  {
    "Id": "statline_1546",
    "Name": "Vermin Legionaries",
    "Type": "Statline",
    "Attributes": {
      "Ad": "5",
      "Ma": "5",
      "Di": "5",
      "Hgt": "1"
    },
    "DisplayableDataIds": {
      "rule_520": ""
    }
  },
  {
    "Id": "statline_1547",
    "Name": "Vermin Legionaries",
    "Type": "Statline",
    "Attributes": {
      "HP": "1",
      "Df": "2",
      "Re": "2",
      "Arm": "1"
    },
    "DisplayableDataIds": {
      "rule_27": ""
    }
  },
  {
    "Id": "statline_1548",
    "Name": "Vermin Legionary",
    "Type": "Statline",
    "Attributes": {
      "At": "1",
      "Of": "3",
      "St": "3",
      "AP": "0",
      "Ag": "4"
    },
    "DisplayableDataIds": {
      "rule_521": ""
    }
  },
  {
    "Id": "statline_1549",
    "Name": "Vermin Slaves",
    "Type": "Statline",
    "Attributes": {
      "Ad": "5",
      "Ma": "5",
      "Di": "4",
      "Hgt": "1"
    },
    "DisplayableDataIds": {
      "rule_33": "",
      "rule_520": "",
      "rule_526": "",
      "rule_24": "",
      "rule_6": "(Cult of Errahman)"
    }
  },
  {
    "Id": "statline_1550",
    "Name": "Vermin Slaves",
    "Type": "Statline",
    "Attributes": {
      "HP": "1",
      "Df": "2",
      "Re": "2",
      "Arm": "0"
    }
  },
  {
    "Id": "statline_1551",
    "Name": "Vermin Slave",
    "Type": "Statline",
    "Attributes": {
      "At": "1",
      "Of": "2",
      "St": "3",
      "AP": "0",
      "Ag": "4"
    }
  },
  {
    "Id": "statline_1552",
    "Name": "Vermin Slingers",
    "Type": "Statline",
    "Attributes": {
      "Ad": "5",
      "Ma": "5",
      "Di": "5",
      "Hgt": "1"
    },
    "DisplayableDataIds": {
      "rule_520": "",
      "rule_513": ""
    }
  },
  {
    "Id": "statline_1553",
    "Name": "Vermin Slingers",
    "Type": "Statline",
    "Attributes": {
      "HP": "1",
      "Df": "2",
      "Re": "2",
      "Arm": "1"
    }
  },
  {
    "Id": "statline_1554",
    "Name": "Vermin Slinger",
    "Type": "Statline",
    "Attributes": {
      "At": "1",
      "Of": "3",
      "St": "3",
      "AP": "0",
      "Ag": "4"
    },
    "DisplayableDataIds": {
      "rule_521": "",
      "rule_32": "",
      "rule_527": "(4+)"
    }
  },
  {
    "Id": "statline_1555",
    "Name": "Vermin Brutes",
    "Type": "Statline",
    "Attributes": {
      "Ad": "6",
      "Ma": "6",
      "Di": "5",
      "Hgt": "3"
    },
    "DisplayableDataIds": {
      "rule_24": ""
    }
  },
  {
    "Id": "statline_1556",
    "Name": "Vermin Brutes",
    "Type": "Statline",
    "Attributes": {
      "HP": "3",
      "Df": "3",
      "Re": "5",
      "Arm": "0"
    }
  },
  {
    "Id": "statline_1557",
    "Name": "Vermin Brute",
    "Type": "Statline",
    "Attributes": {
      "At": "3",
      "Of": "2",
      "St": "4",
      "AP": "2",
      "Ag": "4"
    },
    "DisplayableDataIds": {
      "rule_118": "",
      "rule_32": ""
    }
  },
  {
    "Id": "statline_1558",
    "Name": "Giant Rats",
    "Type": "Statline",
    "Attributes": {
      "Ad": "7",
      "Ma": "7",
      "Di": "5",
      "Hgt": "1"
    },
    "DisplayableDataIds": {
      "rule_33": "",
      "rule_42": "",
      "rule_24": "",
      "rule_5": "",
      "rule_11": ""
    }
  },
  {
    "Id": "statline_1559",
    "Name": "Giant Rats",
    "Type": "Statline",
    "Attributes": {
      "HP": "1",
      "Df": "2",
      "Re": "2",
      "Arm": "0"
    }
  },
  {
    "Id": "statline_1560",
    "Name": "Giant Rat",
    "Type": "Statline",
    "Attributes": {
      "At": "1",
      "Of": "2",
      "St": "3",
      "AP": "1",
      "Ag": "5"
    },
    "DisplayableDataIds": {
      "rule_9": "(+1 Att)"
    }
  },
  {
    "Id": "statline_1561",
    "Name": "Rat Swarm",
    "Type": "Statline",
    "Attributes": {
      "Ad": "6",
      "Ma": "6",
      "Di": "4",
      "Hgt": "0"
    },
    "DisplayableDataIds": {
      "rule_21": "",
      "rule_42": "",
      "rule_33": "",
      "rule_4": "",
      "rule_28": "",
      "rule_24": "",
      "rule_5": "",
      "rule_11": "",
      "rule_188": "(-1 Def, -1 Off)"
    }
  },
  {
    "Id": "statline_1562",
    "Name": "Rat Swarm",
    "Type": "Statline",
    "Attributes": {
      "HP": "5",
      "Df": "2",
      "Re": "2",
      "Arm": "0"
    },
    "DisplayableDataIds": {
      "rule_29": "(1)",
      "rule_121": "(1)"
    }
  },
  {
    "Id": "statline_1563",
    "Name": "Rat Swarm",
    "Type": "Statline",
    "Attributes": {
      "At": "6",
      "Of": "2",
      "St": "2",
      "AP": "1",
      "Ag": "2"
    }
  },
  {
    "Id": "statline_1564",
    "Name": "Legionary Drill Team",
    "Type": "Statline",
    "Attributes": {
      "Ad": "5",
      "Ma": "5",
      "Di": "5",
      "Hgt": "3"
    },
    "DisplayableDataIds": {
      "rule_520": "",
      "rule_105": "",
      "rule_18": "",
      "rule_528": "",
      "rule_6": "(Legionary)"
    }
  },
  {
    "Id": "statline_1565",
    "Name": "Legionary Drill Team",
    "Type": "Statline",
    "Attributes": {
      "HP": "4",
      "Df": "2",
      "Re": "3",
      "Arm": "3"
    }
  },
  {
    "Id": "statline_1566",
    "Name": "Legionary Drill Team",
    "Type": "Statline",
    "Attributes": {
      "At": "0",
      "Of": "0",
      "St": "6",
      "AP": "3",
      "Ag": "4"
    },
    "DisplayableDataIds": {
      "rule_149": "(3)"
    }
  },
  {
    "Id": "statline_1567",
    "Name": "Gladiator Brutes",
    "Type": "Statline",
    "Attributes": {
      "Ad": "6",
      "Ma": "6",
      "Di": "6",
      "Hgt": "3"
    }
  },
  {
    "Id": "statline_1568",
    "Name": "Gladiator Brutes",
    "Type": "Statline",
    "Attributes": {
      "HP": "3",
      "Df": "4",
      "Re": "5",
      "Arm": "2"
    }
  },
  {
    "Id": "statline_1569",
    "Name": "Gladiator Brute",
    "Type": "Statline",
    "Attributes": {
      "At": "3",
      "Of": "3",
      "St": "5",
      "AP": "2",
      "Ag": "4"
    },
    "DisplayableDataIds": {
      "rule_521": "",
      "rule_232": "",
      "rule_32": "",
      "rule_37": "",
      "rule_27": ""
    }
  },
  {
    "Id": "statline_1570",
    "Name": "Doomspark Device",
    "Type": "Statline",
    "Attributes": {
      "Ad": "6",
      "Ma": "6",
      "Di": "6",
      "Hgt": "4"
    },
    "DisplayableDataIds": {
      "rule_4": "",
      "rule_513": "",
      "rule_5": ""
    }
  },
  {
    "Id": "statline_1571",
    "Name": "Doomspark Device",
    "Type": "Statline",
    "Attributes": {
      "HP": "4",
      "Df": "2",
      "Re": "5",
      "Arm": "3"
    }
  },
  {
    "Id": "statline_1572",
    "Name": "Rakachit Engineer (3)",
    "Type": "Statline",
    "Attributes": {
      "At": "1",
      "Of": "2",
      "St": "3",
      "AP": "0",
      "Ag": "4"
    }
  },
  {
    "Id": "statline_1573",
    "Name": "Chassis",
    "Type": "Statline",
    "Attributes": {
      "At": "0",
      "Of": "0",
      "St": "5",
      "AP": "2",
      "Ag": "2"
    },
    "DisplayableDataIds": {
      "rule_149": "(D6+1, Str D6+1, AP 3, Lightning Attacks, Unmodifiable)",
      "rule_529": ""
    }
  },
  {
    "Id": "statline_1574",
    "Name": "Shadowfur Stalkers",
    "Type": "Statline",
    "Attributes": {
      "Ad": "5",
      "Ma": "5",
      "Di": "5",
      "Hgt": "1"
    },
    "DisplayableDataIds": {
      "rule_513": "",
      "rule_4": "",
      "rule_520": "",
      "rule_28": "",
      "rule_30": "",
      "rule_34": "(Terrain Feature with a friendly Tunnel Marker)"
    }
  },
  {
    "Id": "statline_1575",
    "Name": "Shadowfur Stalkers",
    "Type": "Statline",
    "Attributes": {
      "HP": "1",
      "Df": "3",
      "Re": "2",
      "Arm": "0"
    },
    "DisplayableDataIds": {
      "rule_29": "(1)"
    }
  },
  {
    "Id": "statline_1576",
    "Name": "Shadowfur Stalker",
    "Type": "Statline",
    "Attributes": {
      "At": "1",
      "Of": "3",
      "St": "3",
      "AP": "1",
      "Ag": "5"
    },
    "DisplayableDataIds": {
      "rule_32": "",
      "rule_348": "(4+)"
    }
  },
  {
    "Id": "statline_1577",
    "Name": "Thunder Brutes",
    "Type": "Statline",
    "Attributes": {
      "Ad": "6",
      "Ma": "6",
      "Di": "6",
      "Hgt": "3"
    },
    "DisplayableDataIds": {
      "rule_513": "",
      "rule_530": "(4+)"
    }
  },
  {
    "Id": "statline_1578",
    "Name": "Thunder Brutes",
    "Type": "Statline",
    "Attributes": {
      "HP": "3",
      "Df": "4",
      "Re": "5",
      "Arm": "2"
    },
    "DisplayableDataIds": {
      "rule_27": ""
    }
  },
  {
    "Id": "statline_1579",
    "Name": "Thunder Brute",
    "Type": "Statline",
    "Attributes": {
      "At": "3",
      "Of": "3",
      "St": "5",
      "AP": "2",
      "Ag": "4"
    },
    "DisplayableDataIds": {
      "rule_521": ""
    }
  },
  {
    "Id": "statline_1580",
    "Name": "Experimental Weapon Teams",
    "Type": "Statline",
    "Attributes": {
      "Ad": "5",
      "Ma": "4",
      "Di": "5",
      "Hgt": "1"
    },
    "DisplayableDataIds": {
      "rule_513": "",
      "rule_4": "",
      "rule_531": ""
    }
  },
  {
    "Id": "statline_1581",
    "Name": "Experimental Weapon Teams",
    "Type": "Statline",
    "Attributes": {
      "HP": "3",
      "Df": "2",
      "Re": "2",
      "Arm": "2"
    },
    "DisplayableDataIds": {
      "rule_27": ""
    }
  },
  {
    "Id": "statline_1582",
    "Name": "Exp. Weapon Team",
    "Type": "Statline",
    "Attributes": {
      "At": "2",
      "Of": "3",
      "St": "3",
      "AP": "0",
      "Ag": "4"
    },
    "DisplayableDataIds": {
      "rule_530": "(4+)"
    }
  },
  {
    "Id": "statline_1583",
    "Name": "Ignifier Grenadiers",
    "Type": "Statline",
    "Attributes": {
      "Ad": "5",
      "Ma": "5",
      "Di": "6",
      "Hgt": "1"
    },
    "DisplayableDataIds": {
      "rule_513": "",
      "rule_28": "",
      "rule_4": "",
      "rule_520": ""
    }
  },
  {
    "Id": "statline_1584",
    "Name": "Ignifier Grenadiers",
    "Type": "Statline",
    "Attributes": {
      "HP": "1",
      "Df": "3",
      "Re": "2",
      "Arm": "2"
    },
    "DisplayableDataIds": {
      "rule_321": "(Flaming Attacks)",
      "rule_29": "(1)"
    }
  },
  {
    "Id": "statline_1585",
    "Name": "Ignifier Grenadier",
    "Type": "Statline",
    "Attributes": {
      "At": "1",
      "Of": "4",
      "St": "3",
      "AP": "0",
      "Ag": "5"
    },
    "DisplayableDataIds": {
      "rule_532": "(5+)"
    }
  },
  {
    "Id": "statline_1586",
    "Name": "Vermin Artillery",
    "Type": "Statline",
    "Attributes": {
      "Ad": "0",
      "Ma": "5",
      "Di": "6",
      "Hgt": "3"
    },
    "DisplayableDataIds": {
      "rule_513": "",
      "rule_196": "",
      "rule_11": "",
      "rule_533": "",
      "rule_535": "(5+)"
    }
  },
  {
    "Id": "statline_1587",
    "Name": "Vermin Artillery",
    "Type": "Statline",
    "Attributes": {
      "HP": "5",
      "Df": "1",
      "Re": "4",
      "Arm": "0"
    }
  },
  {
    "Id": "statline_1588",
    "Name": "Crew",
    "Type": "Statline",
    "Attributes": {
      "At": "3",
      "Of": "3",
      "St": "3",
      "AP": "0",
      "Ag": "4"
    },
    "DisplayableDataIds": {
      "rule_536": "(To-hit roll)"
    }
  },
  {
    "Id": "statline_1589",
    "Name": "Arena Beast",
    "Type": "Statline",
    "Attributes": {
      "Ad": "6",
      "Ma": "6",
      "Di": "6",
      "Hgt": "5"
    },
    "DisplayableDataIds": {
      "rule_513": "",
      "rule_21": "",
      "rule_45": "",
      "rule_5": "",
      "rule_11": ""
    }
  },
  {
    "Id": "statline_1590",
    "Name": "Arena Beast",
    "Type": "Statline",
    "Attributes": {
      "HP": "7",
      "Df": "3",
      "Re": "5",
      "Arm": "2"
    },
    "DisplayableDataIds": {
      "rule_109": "(5+)"
    }
  },
  {
    "Id": "statline_1591",
    "Name": "Arena Beast",
    "Type": "Statline",
    "Attributes": {
      "At": "2D3+1",
      "Of": "3",
      "St": "7",
      "AP": "3",
      "Ag": "3"
    },
    "DisplayableDataIds": {
      "rule_46": "(D6)"
    }
  },
  {
    "Id": "statline_1592",
    "Name": "Pitmaster",
    "Type": "Statline",
    "Attributes": {
      "At": "3",
      "Of": "4",
      "St": "4",
      "AP": "1",
      "Ag": "5"
    },
    "DisplayableDataIds": {
      "rule_37": ""
    }
  },
  {
    "Id": "statline_1593",
    "Name": "Dreadmill Chariots",
    "Type": "Statline",
    "Attributes": {
      "Ad": "7",
      "Ma": "5",
      "Di": "6",
      "Hgt": "4"
    },
    "DisplayableDataIds": {
      "rule_513": "",
      "rule_5": "",
      "rule_4": "",
      "rule_537": "",
      "rule_21": "",
      "rule_33": ""
    }
  },
  {
    "Id": "statline_1594",
    "Name": "Dreadmill Chariots",
    "Type": "Statline",
    "Attributes": {
      "HP": "3",
      "Df": "2",
      "Re": "4",
      "Arm": "3"
    },
    "DisplayableDataIds": {
      "rule_321": "(Flaming Attacks)"
    }
  },
  {
    "Id": "statline_1595",
    "Name": "Dreadmill Driver",
    "Type": "Statline",
    "Attributes": {
      "At": "1",
      "Of": "3",
      "St": "3",
      "AP": "0",
      "Ag": "4"
    },
    "DisplayableDataIds": {
      "rule_266": "(4+)"
    }
  },
  {
    "Id": "statline_1596",
    "Name": "Chassis",
    "Type": "Statline",
    "Attributes": {
      "At": "0",
      "Of": "0",
      "St": "5",
      "AP": "2",
      "Ag": "4"
    },
    "DisplayableDataIds": {
      "rule_10": "(D6)"
    }
  },
  {
    "Id": "statline_1597",
    "Name": "Stygian Earthbreaker",
    "Type": "Statline",
    "Attributes": {
      "Ad": "6",
      "Ma": "3",
      "Di": "6",
      "Hgt": "4"
    },
    "DisplayableDataIds": {
      "rule_2": "",
      "rule_41": "",
      "rule_528": "",
      "rule_45": "",
      "rule_34": "(Terrain Feature with a friendly Tunnel Marker)"
    }
  },
  {
    "Id": "statline_1598",
    "Name": "Stygian Earthbreaker",
    "Type": "Statline",
    "Attributes": {
      "HP": "5",
      "Df": "1",
      "Re": "5",
      "Arm": "5"
    }
  },
  {
    "Id": "statline_1599",
    "Name": "Stygian Earthbreaker",
    "Type": "Statline",
    "Attributes": {
      "At": "0",
      "Of": "0",
      "St": "6",
      "AP": "4",
      "Ag": "2"
    },
    "DisplayableDataIds": {
      "rule_149": "(3D3)",
      "rule_9": "(+10 Agi)"
    }
  }
]