[
  {
    "Id": "unit_531",
    "Name": "Ruinous Dictator",
    "Type": "Unit",
    "Attributes": {
      "height": "Gigantic"
    },
    "BasicProfileIds": [
      "68357f94790d8280c4b27059"
    ],
    "DefaultFront": 1,
    "Formation": 1
  },
  {
    "Id": "unit_532",
    "Name": "Vermin Senator",
    "Type": "Unit",
    "Attributes": {
      "height": "Standard"
    },
    "BasicProfileIds": [
      "68357f94790d8280c4b2708e"
    ],
    "DefaultFront": 1,
    "Formation": 1
  },
  {
    "Id": "unit_533",
    "Name": "Vermin Senator on Senatorial Litter",
    "Type": "Unit",
    "Attributes": {
      "height": "Standard"
    },
    "BasicProfileIds": [
      "98f9185f-d679-4f4b-b7c9-a8b4dd5ccf17"
    ],
    "DefaultFront": 1,
    "Formation": 1
  },
  {
    "Id": "unit_534",
    "Name": "Bloodfur Legate",
    "Type": "Unit",
    "Attributes": {
      "height": "Standard"
    },
    "BasicProfileIds": [
      "68357f94790d8280c4b27101"
    ],
    "DefaultFront": 1,
    "Formation": 1
  },
  {
    "Id": "unit_535",
    "Name": "Bloodfur Legate on Praetorian Brute",
    "Type": "Unit",
    "Attributes": {
      "height": "Large"
    },
    "BasicProfileIds": [
      "aa6c52e2-7df4-4d17-acf2-a0e295b275f0"
    ],
    "DefaultFront": 1,
    "Formation": 1
  },
  {
    "Id": "unit_536",
    "Name": "Bloodfur Legate on Triumphal Platform",
    "Type": "Unit",
    "Attributes": {
      "height": "Gigantic"
    },
    "BasicProfileIds": [
      "eaa11109-74a1-44e9-988a-a1efb6c7a1c9"
    ],
    "DefaultFront": 1,
    "Formation": 1
  },
  {
    "Id": "unit_537",
    "Name": "House Prefect",
    "Type": "Unit",
    "Attributes": {
      "height": "Standard"
    },
    "BasicProfileIds": [
      "68357f94790d8280c4b27221"
    ],
    "DefaultFront": 1,
    "Formation": 1
  },
  {
    "Id": "unit_538",
    "Name": "House Prefect on Praetorian Brute",
    "Type": "Unit",
    "Attributes": {
      "height": "Large"
    },
    "BasicProfileIds": [
      "87f2a3f4-6b6d-4401-aec8-12e496805699"
    ],
    "DefaultFront": 1,
    "Formation": 1
  },
  {
    "Id": "unit_539",
    "Name": "Swarm Priest",
    "Type": "Unit",
    "Attributes": {
      "height": "Standard"
    },
    "BasicProfileIds": [
      "68357f95790d8280c4b272aa"
    ],
    "DefaultFront": 1,
    "Formation": 1
  },
  {
    "Id": "unit_540",
    "Name": "Swarm Priest on Sacred Platform",
    "Type": "Unit",
    "Attributes": {
      "height": "Gigantic"
    },
    "BasicProfileIds": [
      "1ecfe8f5-f44b-44aa-a4c9-661d3718d76c"
    ],
    "DefaultFront": 1,
    "Formation": 1
  },
  {
    "Id": "unit_541",
    "Name": "Duskblade Assassin",
    "Type": "Unit",
    "Attributes": {
      "height": "Standard"
    },
    "BasicProfileIds": [
      "68357f95790d8280c4b27348"
    ],
    "DefaultFront": 1,
    "Formation": 1
  },
  {
    "Id": "unit_542",
    "Name": "Professor Mauss",
    "Type": "Unit",
    "Attributes": {
      "height": "Gigantic"
    },
    "BasicProfileIds": [
      "d4f8a2b7c3e1d9a0f5b6c4d3e"
    ],
    "DefaultFront": 1,
    "Formation": 1
  },
  {
    "Id": "unit_543",
    "Name": "The Shadowslice Stalker",
    "Type": "Unit",
    "Attributes": {
      "height": "Standard"
    },
    "BasicProfileIds": [
      "d3f9e2b4a6d1f8c9b5a7d2c9b"
    ],
    "DefaultFront": 1,
    "Formation": 1
  },
  {
    "Id": "unit_544",
    "Name": "Blackfur Veterans",
    "Type": "Unit",
    "Attributes": {
      "height": "Standard"
    },
    "BasicProfileIds": [
      "68357f95790d8280c4b27353"
    ],
    "DefaultFront": 5,
    "Formation": 1
  },
  {
    "Id": "unit_545",
    "Name": "Plague Cultists",
    "Type": "Unit",
    "Attributes": {
      "height": "Standard"
    },
    "BasicProfileIds": [
      "68357f95790d8280c4b27386"
    ],
    "DefaultFront": 5,
    "Formation": 1
  },
  {
    "Id": "unit_546",
    "Name": "Vermin Legionaries",
    "Type": "Unit",
    "Attributes": {
      "height": "Standard"
    },
    "BasicProfileIds": [
      "68357f96790d8280c4b273b9"
    ],
    "DefaultFront": 5,
    "Formation": 1
  },
  {
    "Id": "unit_547",
    "Name": "Vermin Slaves",
    "Type": "Unit",
    "Attributes": {
      "height": "Standard"
    },
    "BasicProfileIds": [
      "68357f96790d8280c4b273f2"
    ],
    "DefaultFront": 5,
    "Formation": 1
  },
  {
    "Id": "unit_548",
    "Name": "Vermin Slingers",
    "Type": "Unit",
    "Attributes": {
      "height": "Standard"
    },
    "BasicProfileIds": [
      "68357f96790d8280c4b27404"
    ],
    "DefaultFront": 5,
    "Formation": 1
  },
  {
    "Id": "unit_549",
    "Name": "Bloodfur Praetorians",
    "Type": "Unit",
    "Attributes": {
      "height": "Standard"
    },
    "BasicProfileIds": [
      "68357f96790d8280c4b2741c"
    ],
    "DefaultFront": 5,
    "Formation": 1
  },
  {
    "Id": "unit_550",
    "Name": "Vermin Brutes",
    "Type": "Unit",
    "Attributes": {
      "height": "Large"
    },
    "BasicProfileIds": [
      "68357f97790d8280c4b2744f"
    ],
    "DefaultFront": 3,
    "Formation": 1
  },
  {
    "Id": "unit_551",
    "Name": "Giant Rats",
    "Type": "Unit",
    "Attributes": {
      "height": "Standard"
    },
    "BasicProfileIds": [
      "68357f97790d8280c4b27454"
    ],
    "DefaultFront": 5,
    "Formation": 1
  },
  {
    "Id": "unit_552",
    "Name": "Fire Rats",
    "Type": "Unit",
    "Attributes": {
      "height": "Standard"
    },
    "BasicProfileIds": [
      "68357f97790d8280c4b27459"
    ],
    "DefaultFront": 5,
    "Formation": 1
  },
  {
    "Id": "unit_553",
    "Name": "Rat Swarm",
    "Type": "Unit",
    "Attributes": {
      "height": "Standard"
    },
    "BasicProfileIds": [
      "68357f97790d8280c4b2745e"
    ],
    "DefaultFront": 3,
    "Formation": 1
  },
  {
    "Id": "unit_554",
    "Name": "Legionary Drill Team",
    "Type": "Unit",
    "Attributes": {
      "height": "Large"
    },
    "BasicProfileIds": [
      "68357f97790d8280c4b27461"
    ],
    "DefaultFront": 1,
    "Formation": 1
  },
  {
    "Id": "unit_555",
    "Name": "Gladiator Brutes",
    "Type": "Unit",
    "Attributes": {
      "height": "Large"
    },
    "BasicProfileIds": [
      "68357f97790d8280c4b27464"
    ],
    "DefaultFront": 3,
    "Formation": 1
  },
  {
    "Id": "unit_556",
    "Name": "Plague Disciples",
    "Type": "Unit",
    "Attributes": {
      "height": "Standard"
    },
    "BasicProfileIds": [
      "68357f98790d8280c4b27497"
    ],
    "DefaultFront": 5,
    "Formation": 1
  },
  {
    "Id": "unit_557",
    "Name": "Doomspark Device",
    "Type": "Unit",
    "Attributes": {
      "height": "Large"
    },
    "BasicProfileIds": [
      "68357f98790d8280c4b274c8"
    ],
    "DefaultFront": 1,
    "Formation": 1
  },
  {
    "Id": "unit_558",
    "Name": "Shadowfur Stalkers",
    "Type": "Unit",
    "Attributes": {
      "height": "Standard"
    },
    "BasicProfileIds": [
      "68357f98790d8280c4b274cb"
    ],
    "DefaultFront": 5,
    "Formation": 1
  },
  {
    "Id": "unit_559",
    "Name": "Thunder Brutes",
    "Type": "Unit",
    "Attributes": {
      "height": "Large"
    },
    "BasicProfileIds": [
      "68357f98790d8280c4b274df"
    ],
    "DefaultFront": 3,
    "Formation": 1
  },
  {
    "Id": "unit_560",
    "Name": "Experimental Weapon Teams",
    "Type": "Unit",
    "Attributes": {
      "height": "Standard"
    },
    "BasicProfileIds": [
      "68357f99790d8280c4b27521"
    ],
    "DefaultFront": 1,
    "Formation": 1
  },
  {
    "Id": "unit_561",
    "Name": "Ignifier Grenadiers",
    "Type": "Unit",
    "Attributes": {
      "height": "Standard"
    },
    "BasicProfileIds": [
      "68357f99790d8280c4b2752b"
    ],
    "DefaultFront": 5,
    "Formation": 1
  },
  {
    "Id": "unit_562",
    "Name": "Vermin Artillery",
    "Type": "Unit",
    "Attributes": {
      "height": "Large"
    },
    "BasicProfileIds": [
      "68357f99790d8280c4b2752e"
    ],
    "DefaultFront": 1,
    "Formation": 1
  },
  {
    "Id": "unit_563",
    "Name": "Arena Beast",
    "Type": "Unit",
    "Attributes": {
      "height": "Gigantic"
    },
    "BasicProfileIds": [
      "68357f99790d8280c4b27532"
    ],
    "DefaultFront": 1,
    "Formation": 1
  },
  {
    "Id": "unit_564",
    "Name": "Dreadmill Chariots",
    "Type": "Unit",
    "Attributes": {
      "height": "Large"
    },
    "BasicProfileIds": [
      "68357f99790d8280c4b27537"
    ],
    "DefaultFront": 1,
    "Formation": 1
  },
  {
    "Id": "unit_565",
    "Name": "Stygian Earthbreaker",
    "Type": "Unit",
    "Attributes": {
      "height": "Large"
    },
    "BasicProfileIds": [
      "68357f99790d8280c4b2753a"
    ],
    "DefaultFront": 1,
    "Formation": 1
  }
]