[
  {
    "Id": "a7f23b55-4c6f-4808-81f0-c1dfb771dafe",
    "Name": "Raiding Chariot",
    "Type": "UnitGlobalChange"
  },
  {
    "Id": "429d8862-81a3-4c5f-b461-6d18393fca94",
    "Name": "Razortusk Chariot",
    "Type": "UnitGlobalChange"
  },
  {
    "Id": "b69726cf-5716-4168-8889-8bbd1f6a5119",
    "Name": "Beast Axe",
    "Type": "UnitSwapDisplayable",
    "DisplayableDataIdToAdd": {
      "rule_743": ""
    }
  },
  {
    "Id": "d64d11f3-cef2-4cdb-af17-7eb275856f98",
    "Name": "Paired Weapons and Throwing Weapons",
    "Type": "UnitSwapDisplayable"
  }
]