[
  {
    "Id": "68357f25790d8280c4b1e20c",
    "Name": "Wildhorn Lord",
    "Type": "Profile",
    "BaseId": "1",
    "DisplayableDataIds": {
      "statline_1": "",
      "statline_2": "",
      "statline_3": ""
    }
  },
  {
    "Id": "a2600f11-2540-44f6-ad33-2acbc6e213aa",
    "Name": "Grunter (2)",
    "Type": "Profile",
    "BaseId": "2",
    "DisplayableDataIds": {
      "statline_4": "",
      "statline_5": "",
      "statline_6": "",
      "statline_7": ""
    }
  },
  {
    "Id": "d0efe3cd-1302-415c-b002-08a98574ed70",
    "Name": "Razortusk",
    "Type": "Profile",
    "BaseId": "2",
    "DisplayableDataIds": {
      "statline_8": "",
      "statline_9": "",
      "statline_10": "",
      "statline_7": ""
    }
  },
  {
    "Id": "68357f25790d8280c4b1e32c",
    "Name": "Wildhorn Chieftain",
    "Type": "Profile",
    "BaseId": "1",
    "DisplayableDataIds": {
      "statline_11": "",
      "statline_12": "",
      "statline_13": ""
    }
  },
  {
    "Id": "08f722f6-aea9-43bf-b995-7fde6dc0e6ae",
    "Name": "Grunter (2)",
    "Type": "Profile",
    "BaseId": "2",
    "DisplayableDataIds": {
      "statline_14": "",
      "statline_15": "",
      "statline_6": "",
      "statline_7": ""
    }
  },
  {
    "Id": "68357f26790d8280c4b1e403",
    "Name": "Soothsayer",
    "Type": "Profile",
    "BaseId": "1",
    "DisplayableDataIds": {
      "statline_16": "",
      "statline_17": "",
      "statline_18": ""
    }
  },
  {
    "Id": "035dfa56-3979-4ae1-a0b4-07f4dc3f0607",
    "Name": "Grunter (2)",
    "Type": "Profile",
    "BaseId": "2",
    "DisplayableDataIds": {
      "statline_19": "",
      "statline_20": "",
      "statline_6": "",
      "statline_7": ""
    }
  },
  {
    "Id": "68357f26790d8280c4b1e492",
    "Name": "Minotaur Warlord",
    "Type": "Profile",
    "BaseId": "3",
    "DisplayableDataIds": {
      "statline_21": "",
      "statline_22": "",
      "statline_23": ""
    }
  },
  {
    "Id": "68357f26790d8280c4b1e4dd",
    "Name": "Minotaur Chieftain",
    "Type": "Profile",
    "BaseId": "3",
    "DisplayableDataIds": {
      "statline_24": "",
      "statline_25": "",
      "statline_26": ""
    }
  },
  {
    "Id": "68357f26790d8280c4b1e535",
    "Name": "Centaur Chieftain",
    "Type": "Profile",
    "BaseId": "4",
    "DisplayableDataIds": {
      "statline_27": "",
      "statline_28": "",
      "statline_29": ""
    }
  },
  {
    "Id": "b1d4e8a9237c5f2a9d8b1c3d4",
    "Name": "Moohoarrgh, the Perpetuator of Heroes",
    "Type": "Profile",
    "BaseId": "1",
    "DisplayableDataIds": {
      "statline_30": "",
      "statline_31": "",
      "statline_32": ""
    }
  },
  {
    "Id": "a7d8f9b2c4a1e3f9d6c8b0e5",
    "Name": "Ghaa, THE Quiet Muzzle",
    "Type": "Profile",
    "BaseId": "3",
    "DisplayableDataIds": {
      "statline_33": "",
      "statline_34": "",
      "statline_35": ""
    }
  },
  {
    "Id": "68357f26790d8280c4b1e597",
    "Name": "Wildhorn Herd",
    "Type": "Profile",
    "BaseId": "1",
    "DisplayableDataIds": {
      "statline_36": "",
      "statline_37": "",
      "statline_38": ""
    }
  },
  {
    "Id": "68357f26790d8280c4b1e5eb",
    "Name": "Mongrel Herd",
    "Type": "Profile",
    "BaseId": "5",
    "DisplayableDataIds": {
      "statline_39": "",
      "statline_40": "",
      "statline_41": ""
    }
  },
  {
    "Id": "68357f27790d8280c4b1e627",
    "Name": "Mongrel Raiders",
    "Type": "Profile",
    "BaseId": "5",
    "DisplayableDataIds": {
      "statline_42": "",
      "statline_43": "",
      "statline_44": ""
    }
  },
  {
    "Id": "68357f27790d8280c4b1e639",
    "Name": "Feral Hounds",
    "Type": "Profile",
    "BaseId": "4",
    "DisplayableDataIds": {
      "statline_45": "",
      "statline_46": "",
      "statline_47": ""
    }
  },
  {
    "Id": "68357f27790d8280c4b1e63e",
    "Name": "Longhorn Herd",
    "Type": "Profile",
    "BaseId": "1",
    "DisplayableDataIds": {
      "statline_48": "",
      "statline_49": "",
      "statline_50": ""
    }
  },
  {
    "Id": "68357f27790d8280c4b1e68c",
    "Name": "Minotaurs",
    "Type": "Profile",
    "BaseId": "3",
    "DisplayableDataIds": {
      "statline_51": "",
      "statline_52": "",
      "statline_53": ""
    }
  },
  {
    "Id": "68357f27790d8280c4b1e6d7",
    "Name": "Centaurs",
    "Type": "Profile",
    "BaseId": "4",
    "DisplayableDataIds": {
      "statline_54": "",
      "statline_55": "",
      "statline_56": ""
    }
  },
  {
    "Id": "68357f28790d8280c4b1e72e",
    "Name": "Raiding Chariots",
    "Type": "Profile",
    "BaseId": "2",
    "DisplayableDataIds": {
      "statline_57": "",
      "statline_58": "",
      "statline_59": "",
      "statline_60": "",
      "statline_7": ""
    }
  },
  {
    "Id": "68357f28790d8280c4b1e733",
    "Name": "Razortusk Herd",
    "Type": "Profile",
    "BaseId": "6",
    "DisplayableDataIds": {
      "statline_61": "",
      "statline_62": "",
      "statline_63": ""
    }
  },
  {
    "Id": "68357f28790d8280c4b1e736",
    "Name": "Razortusk Chariot",
    "Type": "Profile",
    "BaseId": "2",
    "DisplayableDataIds": {
      "statline_64": "",
      "statline_65": "",
      "statline_59": "",
      "statline_63": "",
      "statline_7": ""
    }
  },
  {
    "Id": "68357f28790d8280c4b1e737",
    "Name": "Briar Beast",
    "Type": "Profile",
    "BaseId": "3",
    "DisplayableDataIds": {
      "statline_66": "",
      "statline_67": "",
      "statline_68": ""
    }
  },
  {
    "Id": "68357f28790d8280c4b1e73a",
    "Name": "Gargoyles",
    "Type": "Profile",
    "BaseId": "5",
    "DisplayableDataIds": {
      "statline_69": "",
      "statline_70": "",
      "statline_71": ""
    }
  },
  {
    "Id": "68357f28790d8280c4b1e73d",
    "Name": "Cyclops",
    "Type": "Profile",
    "BaseId": "2",
    "DisplayableDataIds": {
      "statline_72": "",
      "statline_73": "",
      "statline_74": ""
    }
  },
  {
    "Id": "68357f28790d8280c4b1e73e",
    "Name": "Gortach",
    "Type": "Profile",
    "BaseId": "2",
    "DisplayableDataIds": {
      "statline_75": "",
      "statline_76": "",
      "statline_77": ""
    }
  },
  {
    "Id": "68357f28790d8280c4b1e73f",
    "Name": "Jabberwock",
    "Type": "Profile",
    "BaseId": "2",
    "DisplayableDataIds": {
      "statline_78": "",
      "statline_79": "",
      "statline_80": ""
    }
  },
  {
    "Id": "68357f29790d8280c4b1e740",
    "Name": "Beast Giant",
    "Type": "Profile",
    "BaseId": "7",
    "DisplayableDataIds": {
      "statline_81": "",
      "statline_82": "",
      "statline_83": ""
    }
  },
  {
    "Id": "68357f29790d8280c4b1e74f",
    "Name": "Totemic Beast",
    "Type": "Profile",
    "BaseId": "3",
    "DisplayableDataIds": {
      "statline_84": "",
      "statline_85": "",
      "statline_86": ""
    }
  }
]