[
  {
    "Id": "statline_1",
    "Name": "Wildhorn Lord",
    "Type": "Statline",
    "Attributes": {
      "Ad": "5",
      "Ma": "5",
      "Di": "9",
      "Hgt": "1"
    },
    "DisplayableDataIds": {
      "rule_1": "",
      "rule_2": "(Forest)",
      "rule_3": "",
      "rule_4": ""
    }
  },
  {
    "Id": "statline_2",
    "Name": "Wildhorn Lord",
    "Type": "Statline",
    "Attributes": {
      "HP": "3",
      "Df": "6",
      "Re": "5",
      "Arm": "2"
    }
  },
  {
    "Id": "statline_3",
    "Name": "Wildhorn Lord",
    "Type": "Statline",
    "Attributes": {
      "At": "4",
      "Of": "6",
      "St": "5",
      "AP": "2",
      "Ag": "5"
    },
    "DisplayableDataIds": {
      "rule_13": ""
    }
  },
  {
    "Id": "statline_4",
    "Name": "Grunter (2)",
    "Type": "Statline",
    "Attributes": {
      "Ad": "7",
      "Ma": "4",
      "Di": "9",
      "Hgt": "4"
    },
    "DisplayableDataIds": {
      "rule_1": "",
      "rule_2": "(Forest)",
      "rule_3": "",
      "rule_4": "",
      "rule_5": "",
      "rule_6": "(Raiding Chariots)"
    }
  },
  {
    "Id": "statline_5",
    "Name": "Grunter (2)",
    "Type": "Statline",
    "Attributes": {
      "HP": "4",
      "Df": "6",
      "Re": "5",
      "Arm": "4"
    }
  },
  {
    "Id": "statline_6",
    "Name": "Grunter (2)",
    "Type": "Statline",
    "Attributes": {
      "At": "1",
      "Of": "3",
      "St": "5",
      "AP": "2",
      "Ag": "2"
    },
    "DisplayableDataIds": {
      "rule_9": "(+1 Str, +1 AP)"
    }
  },
  {
    "Id": "statline_7",
    "Name": "Chassis",
    "Type": "Statline",
    "Attributes": {
      "At": null,
      "Of": null,
      "St": "5",
      "AP": "2",
      "Ag": null
    },
    "DisplayableDataIds": {
      "rule_10": "(D6)"
    }
  },
  {
    "Id": "statline_8",
    "Name": "Razortusk",
    "Type": "Statline",
    "Attributes": {
      "Ad": "7",
      "Ma": "4",
      "Di": "9",
      "Hgt": "4"
    },
    "DisplayableDataIds": {
      "rule_1": "",
      "rule_2": "(Forest)",
      "rule_3": "",
      "rule_4": "",
      "rule_5": "",
      "rule_11": "",
      "rule_12": ""
    }
  },
  {
    "Id": "statline_9",
    "Name": "Razortusk",
    "Type": "Statline",
    "Attributes": {
      "HP": "5",
      "Df": "6",
      "Re": "5",
      "Arm": "3"
    }
  },
  {
    "Id": "statline_10",
    "Name": "Razortusk",
    "Type": "Statline",
    "Attributes": {
      "At": "4",
      "Of": "3",
      "St": "6",
      "AP": "3",
      "Ag": "2"
    },
    "DisplayableDataIds": {
      "rule_9": "(+1 Str, +1 AP)"
    }
  },
  {
    "Id": "statline_11",
    "Name": "Wildhorn Chieftain",
    "Type": "Statline",
    "Attributes": {
      "Ad": "5",
      "Ma": "5",
      "Di": "8",
      "Hgt": "1"
    },
    "DisplayableDataIds": {
      "rule_1": "",
      "rule_2": "(Forest)",
      "rule_17": "",
      "rule_18": "",
      "rule_4": ""
    }
  },
  {
    "Id": "statline_12",
    "Name": "Wildhorn Chieftain",
    "Type": "Statline",
    "Attributes": {
      "HP": "3",
      "Df": "5",
      "Re": "5",
      "Arm": "2"
    }
  },
  {
    "Id": "statline_13",
    "Name": "Wildhorn Chieftain",
    "Type": "Statline",
    "Attributes": {
      "At": "3",
      "Of": "5",
      "St": "4",
      "AP": "1",
      "Ag": "4"
    },
    "DisplayableDataIds": {
      "rule_13": ""
    }
  },
  {
    "Id": "statline_14",
    "Name": "Grunter (2)",
    "Type": "Statline",
    "Attributes": {
      "Ad": "7",
      "Ma": "4",
      "Di": "8",
      "Hgt": "4"
    },
    "DisplayableDataIds": {
      "rule_1": "",
      "rule_2": "(Forest)",
      "rule_4": "",
      "rule_5": "",
      "rule_6": "(Raiding Chariots)",
      "rule_17": "",
      "rule_18": ""
    }
  },
  {
    "Id": "statline_15",
    "Name": "Grunter (2)",
    "Type": "Statline",
    "Attributes": {
      "HP": "4",
      "Df": "5",
      "Re": "5",
      "Arm": "4"
    }
  },
  {
    "Id": "statline_16",
    "Name": "Soothsayer",
    "Type": "Statline",
    "Attributes": {
      "Ad": "5",
      "Ma": "5",
      "Di": "8",
      "Hgt": "1"
    },
    "DisplayableDataIds": {
      "rule_1": "",
      "rule_2": "(Forest)",
      "rule_19": "",
      "rule_4": "",
      "rule_20": ""
    }
  },
  {
    "Id": "statline_17",
    "Name": "Soothsayer",
    "Type": "Statline",
    "Attributes": {
      "HP": "3",
      "Df": "4",
      "Re": "5",
      "Arm": "0"
    }
  },
  {
    "Id": "statline_18",
    "Name": "Soothsayer",
    "Type": "Statline",
    "Attributes": {
      "At": "1",
      "Of": "4",
      "St": "3",
      "AP": "0",
      "Ag": "3"
    },
    "DisplayableDataIds": {
      "rule_13": ""
    }
  },
  {
    "Id": "statline_19",
    "Name": "Grunter (2)",
    "Type": "Statline",
    "Attributes": {
      "Ad": "7",
      "Ma": "4",
      "Di": "8",
      "Hgt": "4"
    },
    "DisplayableDataIds": {
      "rule_1": "",
      "rule_2": "(Forest)",
      "rule_19": "",
      "rule_4": "",
      "rule_5": "",
      "rule_6": "(Raiding Chariots)",
      "rule_20": ""
    }
  },
  {
    "Id": "statline_20",
    "Name": "Grunter (2)",
    "Type": "Statline",
    "Attributes": {
      "HP": "4",
      "Df": "4",
      "Re": "5",
      "Arm": "2"
    }
  },
  {
    "Id": "statline_21",
    "Name": "Minotaur Warlord",
    "Type": "Statline",
    "Attributes": {
      "Ad": "6",
      "Ma": "6",
      "Di": "9",
      "Hgt": "3"
    },
    "DisplayableDataIds": {
      "rule_21": "",
      "rule_22": "",
      "rule_2": "(Forest)",
      "rule_4": ""
    }
  },
  {
    "Id": "statline_22",
    "Name": "Minotaur Warlord",
    "Type": "Statline",
    "Attributes": {
      "HP": "5",
      "Df": "5",
      "Re": "5",
      "Arm": "2"
    }
  },
  {
    "Id": "statline_23",
    "Name": "Minotaur Warlord",
    "Type": "Statline",
    "Attributes": {
      "At": "5",
      "Of": "6",
      "St": "6",
      "AP": "3",
      "Ag": "5"
    },
    "DisplayableDataIds": {
      "rule_13": "",
      "rule_23": "",
      "rule_10": "(D3)"
    }
  },
  {
    "Id": "statline_24",
    "Name": "Minotaur Chieftain",
    "Type": "Statline",
    "Attributes": {
      "Ad": "6",
      "Ma": "6",
      "Di": "8",
      "Hgt": "3"
    },
    "DisplayableDataIds": {
      "rule_21": "",
      "rule_22": "",
      "rule_2": "(Forest)",
      "rule_4": "",
      "rule_24": ""
    }
  },
  {
    "Id": "statline_25",
    "Name": "Minotaur Chieftain",
    "Type": "Statline",
    "Attributes": {
      "HP": "4",
      "Df": "4",
      "Re": "5",
      "Arm": "2"
    }
  },
  {
    "Id": "statline_26",
    "Name": "Minotaur Chieftain",
    "Type": "Statline",
    "Attributes": {
      "At": "4",
      "Of": "5",
      "St": "5",
      "AP": "2",
      "Ag": "4"
    },
    "DisplayableDataIds": {
      "rule_13": "",
      "rule_23": "",
      "rule_10": "(D3)"
    }
  },
  {
    "Id": "statline_27",
    "Name": "Centaur Chieftain",
    "Type": "Statline",
    "Attributes": {
      "Ad": "8",
      "Ma": "8",
      "Di": "8",
      "Hgt": "2"
    },
    "DisplayableDataIds": {
      "rule_2": "(Forest)",
      "rule_25": "",
      "rule_26": "",
      "rule_5": ""
    }
  },
  {
    "Id": "statline_28",
    "Name": "Centaur Chieftain",
    "Type": "Statline",
    "Attributes": {
      "HP": "3",
      "Df": "5",
      "Re": "5",
      "Arm": "2"
    }
  },
  {
    "Id": "statline_29",
    "Name": "Centaur Chieftain",
    "Type": "Statline",
    "Attributes": {
      "At": "4",
      "Of": "5",
      "St": "5",
      "AP": "2",
      "Ag": "4"
    },
    "DisplayableDataIds": {
      "rule_13": ""
    }
  },
  {
    "Id": "statline_30",
    "Name": "Moohoarrgh, the Perpetuator of Heroes",
    "Type": "Statline",
    "Attributes": {
      "Ad": "5",
      "Ma": "5",
      "Di": "8",
      "Hgt": "1"
    },
    "DisplayableDataIds": {
      "rule_114": "(1)",
      "rule_4": "",
      "rule_143": "",
      "rule_1": "",
      "rule_135": "(3)",
      "rule_339": "",
      "rule_2": "(Forest)",
      "rule_14": ""
    }
  },
  {
    "Id": "statline_31",
    "Name": "Moohoarrgh, the Perpetuator of Heroes",
    "Type": "Statline",
    "Attributes": {
      "HP": "3",
      "Df": "4",
      "Re": "5",
      "Arm": "0"
    }
  },
  {
    "Id": "statline_32",
    "Name": "Moohoarrgh, the Perpetuator of Heroes",
    "Type": "Statline",
    "Attributes": {
      "At": "1",
      "Of": "4",
      "St": "3",
      "AP": "0",
      "Ag": "3"
    },
    "DisplayableDataIds": {
      "rule_13": ""
    }
  },
  {
    "Id": "statline_33",
    "Name": "Ghaa, THE Quiet Muzzle",
    "Type": "Statline",
    "Attributes": {
      "Ad": "6",
      "Ma": "6",
      "Di": "8",
      "Hgt": "1"
    },
    "DisplayableDataIds": {
      "rule_34": "(Battlefield Edge)",
      "rule_6": "(Units withut other Character)",
      "rule_21": "",
      "rule_22": "",
      "rule_4": "",
      "rule_363": "",
      "rule_15": "",
      "rule_2": "(Forest)",
      "rule_41": ""
    }
  },
  {
    "Id": "statline_34",
    "Name": "Ghaa, THE Quiet Muzzle",
    "Type": "Statline",
    "Attributes": {
      "HP": "4",
      "Df": "4",
      "Re": "5",
      "Arm": "2"
    },
    "DisplayableDataIds": {
      "rule_142": ""
    }
  },
  {
    "Id": "statline_35",
    "Name": "Ghaa, THE Quiet Muzzle",
    "Type": "Statline",
    "Attributes": {
      "At": "4",
      "Of": "5",
      "St": "5",
      "AP": "2",
      "Ag": "4"
    },
    "DisplayableDataIds": {
      "rule_1550": "",
      "rule_10": "(D3 hits)",
      "rule_13": "",
      "rule_182": ""
    }
  },
  {
    "Id": "statline_36",
    "Name": "Wildhorn Herd",
    "Type": "Statline",
    "Attributes": {
      "Ad": "5",
      "Ma": "5",
      "Di": "7",
      "Hgt": "1"
    },
    "DisplayableDataIds": {
      "rule_1": "",
      "rule_2": "(Forest)"
    }
  },
  {
    "Id": "statline_37",
    "Name": "Wildhorn Herd",
    "Type": "Statline",
    "Attributes": {
      "HP": "1",
      "Df": "4",
      "Re": "4",
      "Arm": "0"
    },
    "DisplayableDataIds": {
      "rule_27": ""
    }
  },
  {
    "Id": "statline_38",
    "Name": "Wildhorn",
    "Type": "Statline",
    "Attributes": {
      "At": "1",
      "Of": "4",
      "St": "3",
      "AP": "0",
      "Ag": "3"
    },
    "DisplayableDataIds": {
      "rule_13": ""
    }
  },
  {
    "Id": "statline_39",
    "Name": "Mongrel Herd",
    "Type": "Statline",
    "Attributes": {
      "Ad": "5",
      "Ma": "5",
      "Di": "6",
      "Hgt": "1"
    },
    "DisplayableDataIds": {
      "rule_1": "",
      "rule_2": "(Forest)"
    }
  },
  {
    "Id": "statline_40",
    "Name": "Mongrel Herd",
    "Type": "Statline",
    "Attributes": {
      "HP": "1",
      "Df": "3",
      "Re": "3",
      "Arm": "0"
    },
    "DisplayableDataIds": {
      "rule_27": ""
    }
  },
  {
    "Id": "statline_41",
    "Name": "Mongrel",
    "Type": "Statline",
    "Attributes": {
      "At": "1",
      "Of": "3",
      "St": "3",
      "AP": "0",
      "Ag": "3"
    },
    "DisplayableDataIds": {
      "rule_13": ""
    }
  },
  {
    "Id": "statline_42",
    "Name": "Mongrel Raiders",
    "Type": "Statline",
    "Attributes": {
      "Ad": "5",
      "Ma": "5",
      "Di": "6",
      "Hgt": "1"
    },
    "DisplayableDataIds": {
      "rule_4": "",
      "rule_1": "",
      "rule_28": "",
      "rule_2": "(Forest)",
      "rule_29": "(1)",
      "rule_30": ""
    }
  },
  {
    "Id": "statline_43",
    "Name": "Mongrel Raiders",
    "Type": "Statline",
    "Attributes": {
      "HP": "1",
      "Df": "3",
      "Re": "3",
      "Arm": "0"
    }
  },
  {
    "Id": "statline_44",
    "Name": "Mongrel Raider",
    "Type": "Statline",
    "Attributes": {
      "At": "1",
      "Of": "3",
      "St": "3",
      "AP": "0",
      "Ag": "3"
    },
    "DisplayableDataIds": {
      "rule_13": "",
      "rule_31": "(4+)",
      "rule_32": ""
    }
  },
  {
    "Id": "statline_45",
    "Name": "Feral Hounds",
    "Type": "Statline",
    "Attributes": {
      "Ad": "8",
      "Ma": "8",
      "Di": "5",
      "Hgt": "1"
    },
    "DisplayableDataIds": {
      "rule_33": "",
      "rule_34": "(Table Edge)",
      "rule_35": "",
      "rule_2": "(Forest)",
      "rule_1": "",
      "rule_5": "",
      "rule_24": ""
    }
  },
  {
    "Id": "statline_46",
    "Name": "Feral Hounds",
    "Type": "Statline",
    "Attributes": {
      "HP": "1",
      "Df": "3",
      "Re": "3",
      "Arm": "0"
    }
  },
  {
    "Id": "statline_47",
    "Name": "Feral Hound",
    "Type": "Statline",
    "Attributes": {
      "At": "2",
      "Of": "3",
      "St": "3",
      "AP": "1",
      "Ag": "3"
    }
  },
  {
    "Id": "statline_48",
    "Name": "Longhorn Herd",
    "Type": "Statline",
    "Attributes": {
      "Ad": "5",
      "Ma": "5",
      "Di": "8",
      "Hgt": "1"
    },
    "DisplayableDataIds": {
      "rule_1": "",
      "rule_2": "(Forest)",
      "rule_36": "(Wildhorn Lord, Wildhorn Chieftain)"
    }
  },
  {
    "Id": "statline_49",
    "Name": "Longhorn Herd",
    "Type": "Statline",
    "Attributes": {
      "HP": "1",
      "Df": "4",
      "Re": "4",
      "Arm": "2"
    }
  },
  {
    "Id": "statline_50",
    "Name": "Longhorn",
    "Type": "Statline",
    "Attributes": {
      "At": "1",
      "Of": "4",
      "St": "4",
      "AP": "1",
      "Ag": "3"
    },
    "DisplayableDataIds": {
      "rule_13": "",
      "rule_37": ""
    }
  },
  {
    "Id": "statline_51",
    "Name": "Minotaurs",
    "Type": "Statline",
    "Attributes": {
      "Ad": "6",
      "Ma": "6",
      "Di": "7",
      "Hgt": "3"
    },
    "DisplayableDataIds": {
      "rule_21": "",
      "rule_2": "(Forest)",
      "rule_22": "",
      "rule_24": ""
    }
  },
  {
    "Id": "statline_52",
    "Name": "Minotaurs",
    "Type": "Statline",
    "Attributes": {
      "HP": "3",
      "Df": "3",
      "Re": "4",
      "Arm": "1"
    }
  },
  {
    "Id": "statline_53",
    "Name": "Minotaur",
    "Type": "Statline",
    "Attributes": {
      "At": "3",
      "Of": "4",
      "St": "5",
      "AP": "2",
      "Ag": "3"
    },
    "DisplayableDataIds": {
      "rule_13": "",
      "rule_23": "",
      "rule_10": "(1)"
    }
  },
  {
    "Id": "statline_54",
    "Name": "Centaurs",
    "Type": "Statline",
    "Attributes": {
      "Ad": "8",
      "Ma": "8",
      "Di": "7",
      "Hgt": "2"
    },
    "DisplayableDataIds": {
      "rule_26": "",
      "rule_2": "(Forest)",
      "rule_5": ""
    }
  },
  {
    "Id": "statline_55",
    "Name": "Centaurs",
    "Type": "Statline",
    "Attributes": {
      "HP": "1",
      "Df": "4",
      "Re": "4",
      "Arm": "1"
    },
    "DisplayableDataIds": {
      "rule_27": ""
    }
  },
  {
    "Id": "statline_56",
    "Name": "Centaur",
    "Type": "Statline",
    "Attributes": {
      "At": "2",
      "Of": "4",
      "St": "4",
      "AP": "1",
      "Ag": "3"
    },
    "DisplayableDataIds": {
      "rule_13": ""
    }
  },
  {
    "Id": "statline_57",
    "Name": "Raiding Chariots",
    "Type": "Statline",
    "Attributes": {
      "Ad": "7",
      "Ma": "4",
      "Di": "8",
      "Hgt": "4"
    },
    "DisplayableDataIds": {
      "rule_4": "",
      "rule_2": "(Forest)",
      "rule_5": "",
      "rule_6": "(Raiding Chariots)"
    }
  },
  {
    "Id": "statline_58",
    "Name": "Raiding Chariots",
    "Type": "Statline",
    "Attributes": {
      "HP": "4",
      "Df": "4",
      "Re": "4",
      "Arm": "3"
    }
  },
  {
    "Id": "statline_59",
    "Name": "Longhorn Crew (2)",
    "Type": "Statline",
    "Attributes": {
      "At": "1",
      "Of": "4",
      "St": "4",
      "AP": "1",
      "Ag": "3"
    },
    "DisplayableDataIds": {
      "rule_38": "",
      "rule_39": "",
      "rule_13": ""
    }
  },
  {
    "Id": "statline_60",
    "Name": "Grunter (2)",
    "Type": "Statline",
    "Attributes": {
      "At": "1",
      "Of": "3",
      "St": "4",
      "AP": "1",
      "Ag": "2"
    },
    "DisplayableDataIds": {
      "rule_9": "(+1 Str, +1 AP)"
    }
  },
  {
    "Id": "statline_61",
    "Name": "Razortusk Herd",
    "Type": "Statline",
    "Attributes": {
      "Ad": "7",
      "Ma": "7",
      "Di": "7",
      "Hgt": "3"
    },
    "DisplayableDataIds": {
      "rule_2": "(Forest)",
      "rule_5": "",
      "rule_24": ""
    }
  },
  {
    "Id": "statline_62",
    "Name": "Razortusk Herd",
    "Type": "Statline",
    "Attributes": {
      "HP": "3",
      "Df": "3",
      "Re": "5",
      "Arm": "0"
    }
  },
  {
    "Id": "statline_63",
    "Name": "Razortusk",
    "Type": "Statline",
    "Attributes": {
      "At": "4",
      "Of": "3",
      "St": "5",
      "AP": "2",
      "Ag": "2"
    },
    "DisplayableDataIds": {
      "rule_9": "(+1 Str, +1 AP)"
    }
  },
  {
    "Id": "statline_64",
    "Name": "Razortusk Chariot",
    "Type": "Statline",
    "Attributes": {
      "Ad": "7",
      "Ma": "4",
      "Di": "8",
      "Hgt": "4"
    },
    "DisplayableDataIds": {
      "rule_4": "",
      "rule_2": "(Forest)",
      "rule_5": "",
      "rule_11": "",
      "rule_12": ""
    }
  },
  {
    "Id": "statline_65",
    "Name": "Razortusk Chariot",
    "Type": "Statline",
    "Attributes": {
      "HP": "5",
      "Df": "4",
      "Re": "5",
      "Arm": "3"
    }
  },
  {
    "Id": "statline_66",
    "Name": "Briar Beast",
    "Type": "Statline",
    "Attributes": {
      "Ad": "3D6",
      "Ma": "3D6",
      "Di": "7",
      "Hgt": "3"
    },
    "DisplayableDataIds": {
      "rule_24": "",
      "rule_21": "",
      "rule_2": "(Forest)",
      "rule_40": "(3D6\")",
      "rule_41": "",
      "rule_42": "",
      "rule_34": "(Field, Forest, or Water Terrain)",
      "rule_43": "",
      "rule_11": ""
    }
  },
  {
    "Id": "statline_67",
    "Name": "Briar Beast",
    "Type": "Statline",
    "Attributes": {
      "HP": "5",
      "Df": "3",
      "Re": "5",
      "Arm": "0"
    }
  },
  {
    "Id": "statline_68",
    "Name": "Briar Beast",
    "Type": "Statline",
    "Attributes": {
      "At": "D6+1",
      "Of": "3",
      "St": "5",
      "AP": "2",
      "Ag": "2"
    }
  },
  {
    "Id": "statline_69",
    "Name": "Gargoyles",
    "Type": "Statline",
    "Attributes": {
      "Ad": "9",
      "Ma": "9",
      "Di": "7",
      "Hgt": "1"
    },
    "DisplayableDataIds": {
      "rule_28": "",
      "rule_44": "",
      "rule_2": "(Forest)",
      "rule_4": "",
      "rule_5": "",
      "rule_29": "(1)",
      "rule_30": ""
    }
  },
  {
    "Id": "statline_70",
    "Name": "Gargoyles",
    "Type": "Statline",
    "Attributes": {
      "HP": "1",
      "Df": "3",
      "Re": "4",
      "Arm": "0"
    }
  },
  {
    "Id": "statline_71",
    "Name": "Gargoyle",
    "Type": "Statline",
    "Attributes": {
      "At": "2",
      "Of": "3",
      "St": "4",
      "AP": "1",
      "Ag": "4"
    },
    "DisplayableDataIds": {
      "rule_13": "",
      "rule_9": "(Distracting)"
    }
  },
  {
    "Id": "statline_72",
    "Name": "Cyclops",
    "Type": "Statline",
    "Attributes": {
      "Ad": "7",
      "Ma": "7",
      "Di": "8",
      "Hgt": "5"
    },
    "DisplayableDataIds": {
      "rule_21": "",
      "rule_2": "(Forest)",
      "rule_45": "",
      "rule_11": ""
    }
  },
  {
    "Id": "statline_73",
    "Name": "Cyclops",
    "Type": "Statline",
    "Attributes": {
      "HP": "6",
      "Df": "2",
      "Re": "5",
      "Arm": "0"
    },
    "DisplayableDataIds": {
      "rule_50": "(3)",
      "rule_51": "(5+)"
    }
  },
  {
    "Id": "statline_74",
    "Name": "Cyclops",
    "Type": "Statline",
    "Attributes": {
      "At": "5",
      "Of": "2",
      "St": "6",
      "AP": "3",
      "Ag": "3"
    },
    "DisplayableDataIds": {
      "rule_46": "(D6)",
      "rule_47": "",
      "rule_48": "",
      "rule_49": ""
    }
  },
  {
    "Id": "statline_75",
    "Name": "Gortach",
    "Type": "Statline",
    "Attributes": {
      "Ad": "7",
      "Ma": "7",
      "Di": "9",
      "Hgt": "5"
    },
    "DisplayableDataIds": {
      "rule_21": "",
      "rule_2": "(Forest)",
      "rule_22": "",
      "rule_45": "",
      "rule_11": "",
      "rule_24": ""
    }
  },
  {
    "Id": "statline_76",
    "Name": "Gortach",
    "Type": "Statline",
    "Attributes": {
      "HP": "6",
      "Df": "3",
      "Re": "7",
      "Arm": "2"
    }
  },
  {
    "Id": "statline_77",
    "Name": "Gortach",
    "Type": "Statline",
    "Attributes": {
      "At": "6",
      "Of": "4",
      "St": "6",
      "AP": "3",
      "Ag": "3"
    },
    "DisplayableDataIds": {
      "rule_52": "",
      "rule_13": "",
      "rule_10": "(D3)",
      "rule_23": "",
      "rule_53": "",
      "rule_46": "(D6)"
    }
  },
  {
    "Id": "statline_78",
    "Name": "Jabberwock",
    "Type": "Statline",
    "Attributes": {
      "Ad": "8",
      "Ma": "8",
      "Di": "8",
      "Hgt": "5"
    },
    "DisplayableDataIds": {
      "rule_24": "",
      "rule_21": "",
      "rule_2": "(Forest)",
      "rule_44": "",
      "rule_54": "",
      "rule_4": "",
      "rule_11": "",
      "rule_45": "",
      "rule_5": ""
    }
  },
  {
    "Id": "statline_79",
    "Name": "Jabberwock",
    "Type": "Statline",
    "Attributes": {
      "HP": "5",
      "Df": "4",
      "Re": "5",
      "Arm": "3"
    }
  },
  {
    "Id": "statline_80",
    "Name": "Jabberwock",
    "Type": "Statline",
    "Attributes": {
      "At": "4",
      "Of": "4",
      "St": "5",
      "AP": "2",
      "Ag": "2"
    },
    "DisplayableDataIds": {
      "rule_55": "",
      "rule_46": "(D6)",
      "rule_56": "(Str 3, AP 2)"
    }
  },
  {
    "Id": "statline_81",
    "Name": "Beast Giant",
    "Type": "Statline",
    "Attributes": {
      "Ad": "7",
      "Ma": "7",
      "Di": "8",
      "Hgt": "5"
    },
    "DisplayableDataIds": {
      "rule_57": "",
      "rule_4": "",
      "rule_45": "",
      "rule_11": ""
    }
  },
  {
    "Id": "statline_82",
    "Name": "Beast Giant",
    "Type": "Statline",
    "Attributes": {
      "HP": "8",
      "Df": "3",
      "Re": "5",
      "Arm": "1"
    }
  },
  {
    "Id": "statline_83",
    "Name": "Beast Giant",
    "Type": "Statline",
    "Attributes": {
      "At": "5",
      "Of": "3",
      "St": "5",
      "AP": "2",
      "Ag": "3"
    },
    "DisplayableDataIds": {
      "rule_58": "",
      "rule_46": "(D6)",
      "rule_59": ""
    }
  },
  {
    "Id": "statline_84",
    "Name": "Totemic Beast",
    "Type": "Statline",
    "Attributes": {
      "Ad": "3D6",
      "Ma": "0",
      "Di": "7",
      "Hgt": "3"
    },
    "DisplayableDataIds": {
      "rule_21": "",
      "rule_40": "(3D6\")",
      "rule_11": "",
      "rule_42": ""
    }
  },
  {
    "Id": "statline_85",
    "Name": "Totemic Beast",
    "Type": "Statline",
    "Attributes": {
      "HP": "4",
      "Df": "3",
      "Re": "5",
      "Arm": "0"
    }
  },
  {
    "Id": "statline_86",
    "Name": "Totemic Beast",
    "Type": "Statline",
    "Attributes": {
      "At": "4",
      "Of": "3",
      "St": "6",
      "AP": "3",
      "Ag": "3"
    }
  }
]