[
  {
    "Id": "unit_1",
    "Name": "Wildhorn Lord",
    "Type": "Unit",
    "Attributes": {
      "height": "Standard"
    },
    "BasicProfileIds": [
      "68357f25790d8280c4b1e20c"
    ],
    "DefaultFront": 1,
    "Formation": 1
  },
  {
    "Id": "unit_2",
    "Name": "Wildhorn Lord on Raiding Chariot",
    "Type": "Unit",
    "Attributes": {
      "height": "Large"
    },
    "BasicProfileIds": [
      "a2600f11-2540-44f6-ad33-2acbc6e213aa"
    ],
    "DefaultFront": 1,
    "Formation": 1
  },
  {
    "Id": "unit_3",
    "Name": "Wildhorn Lord on Razortusk Chariot",
    "Type": "Unit",
    "Attributes": {
      "height": "Large"
    },
    "BasicProfileIds": [
      "d0efe3cd-1302-415c-b002-08a98574ed70"
    ],
    "DefaultFront": 1,
    "Formation": 1
  },
  {
    "Id": "unit_4",
    "Name": "Wildhorn Chieftain",
    "Type": "Unit",
    "Attributes": {
      "height": "Standard"
    },
    "BasicProfileIds": [
      "68357f25790d8280c4b1e32c"
    ],
    "DefaultFront": 1,
    "Formation": 1
  },
  {
    "Id": "unit_5",
    "Name": "Wildhorn Chieftain on Raiding Chariot",
    "Type": "Unit",
    "Attributes": {
      "height": "Large"
    },
    "BasicProfileIds": [
      "08f722f6-aea9-43bf-b995-7fde6dc0e6ae"
    ],
    "DefaultFront": 1,
    "Formation": 1
  },
  {
    "Id": "unit_6",
    "Name": "Soothsayer",
    "Type": "Unit",
    "Attributes": {
      "height": "Standard"
    },
    "BasicProfileIds": [
      "68357f26790d8280c4b1e403"
    ],
    "DefaultFront": 1,
    "Formation": 1
  },
  {
    "Id": "unit_7",
    "Name": "Soothsayer on Raiding Chariot",
    "Type": "Unit",
    "Attributes": {
      "height": "Large"
    },
    "BasicProfileIds": [
      "035dfa56-3979-4ae1-a0b4-07f4dc3f0607"
    ],
    "DefaultFront": 1,
    "Formation": 1
  },
  {
    "Id": "unit_8",
    "Name": "Minotaur Warlord",
    "Type": "Unit",
    "Attributes": {
      "height": "Large"
    },
    "BasicProfileIds": [
      "68357f26790d8280c4b1e492"
    ],
    "DefaultFront": 1,
    "Formation": 1
  },
  {
    "Id": "unit_9",
    "Name": "Minotaur Chieftain",
    "Type": "Unit",
    "Attributes": {
      "height": "Large"
    },
    "BasicProfileIds": [
      "68357f26790d8280c4b1e4dd"
    ],
    "DefaultFront": 1,
    "Formation": 1
  },
  {
    "Id": "unit_10",
    "Name": "Centaur Chieftain",
    "Type": "Unit",
    "Attributes": {
      "height": "Standard"
    },
    "BasicProfileIds": [
      "68357f26790d8280c4b1e535"
    ],
    "DefaultFront": 1,
    "Formation": 1
  },
  {
    "Id": "unit_11",
    "Name": "Moohoarrgh, the Perpetuator of Heroes",
    "Type": "Unit",
    "Attributes": {
      "height": "Standard"
    },
    "BasicProfileIds": [
      "b1d4e8a9237c5f2a9d8b1c3d4"
    ],
    "DefaultFront": 1,
    "Formation": 1
  },
  {
    "Id": "unit_12",
    "Name": "Ghaa, THE Quiet Muzzle",
    "Type": "Unit",
    "Attributes": {
      "height": "Large"
    },
    "BasicProfileIds": [
      "a7d8f9b2c4a1e3f9d6c8b0e5"
    ],
    "DefaultFront": 1,
    "Formation": 1
  },
  {
    "Id": "unit_13",
    "Name": "Wildhorn Herd",
    "Type": "Unit",
    "Attributes": {
      "height": "Standard"
    },
    "BasicProfileIds": [
      "68357f26790d8280c4b1e597"
    ],
    "DefaultFront": 5,
    "Formation": 1
  },
  {
    "Id": "unit_14",
    "Name": "Mongrel Herd",
    "Type": "Unit",
    "Attributes": {
      "height": "Standard"
    },
    "BasicProfileIds": [
      "68357f26790d8280c4b1e5eb"
    ],
    "DefaultFront": 5,
    "Formation": 1
  },
  {
    "Id": "unit_15",
    "Name": "Mongrel Raiders",
    "Type": "Unit",
    "Attributes": {
      "height": "Standard"
    },
    "BasicProfileIds": [
      "68357f27790d8280c4b1e627"
    ],
    "DefaultFront": 5,
    "Formation": 1
  },
  {
    "Id": "unit_16",
    "Name": "Feral Hounds",
    "Type": "Unit",
    "Attributes": {
      "height": "Standard"
    },
    "BasicProfileIds": [
      "68357f27790d8280c4b1e639"
    ],
    "DefaultFront": 5,
    "Formation": 1
  },
  {
    "Id": "unit_17",
    "Name": "Longhorn Herd",
    "Type": "Unit",
    "Attributes": {
      "height": "Standard"
    },
    "BasicProfileIds": [
      "68357f27790d8280c4b1e63e"
    ],
    "DefaultFront": 5,
    "Formation": 1
  },
  {
    "Id": "unit_18",
    "Name": "Minotaurs",
    "Type": "Unit",
    "Attributes": {
      "height": "Large"
    },
    "BasicProfileIds": [
      "68357f27790d8280c4b1e68c"
    ],
    "DefaultFront": 3,
    "Formation": 1
  },
  {
    "Id": "unit_19",
    "Name": "Centaurs",
    "Type": "Unit",
    "Attributes": {
      "height": "Standard"
    },
    "BasicProfileIds": [
      "68357f27790d8280c4b1e6d7"
    ],
    "DefaultFront": 5,
    "Formation": 1
  },
  {
    "Id": "unit_20",
    "Name": "Raiding Chariots",
    "Type": "Unit",
    "Attributes": {
      "height": "Large"
    },
    "BasicProfileIds": [
      "68357f28790d8280c4b1e72e"
    ],
    "DefaultFront": 1,
    "Formation": 1
  },
  {
    "Id": "unit_21",
    "Name": "Razortusk Herd",
    "Type": "Unit",
    "Attributes": {
      "height": "Large"
    },
    "BasicProfileIds": [
      "68357f28790d8280c4b1e733"
    ],
    "DefaultFront": 3,
    "Formation": 1
  },
  {
    "Id": "unit_22",
    "Name": "Razortusk Chariot",
    "Type": "Unit",
    "Attributes": {
      "height": "Large"
    },
    "BasicProfileIds": [
      "68357f28790d8280c4b1e736"
    ],
    "DefaultFront": 1,
    "Formation": 1
  },
  {
    "Id": "unit_23",
    "Name": "Briar Beast",
    "Type": "Unit",
    "Attributes": {
      "height": "Large"
    },
    "BasicProfileIds": [
      "68357f28790d8280c4b1e737"
    ],
    "DefaultFront": 1,
    "Formation": 1
  },
  {
    "Id": "unit_24",
    "Name": "Gargoyles",
    "Type": "Unit",
    "Attributes": {
      "height": "Standard"
    },
    "BasicProfileIds": [
      "68357f28790d8280c4b1e73a"
    ],
    "DefaultFront": 5,
    "Formation": 1
  },
  {
    "Id": "unit_25",
    "Name": "Cyclops",
    "Type": "Unit",
    "Attributes": {
      "height": "Gigantic"
    },
    "BasicProfileIds": [
      "68357f28790d8280c4b1e73d"
    ],
    "DefaultFront": 1,
    "Formation": 1
  },
  {
    "Id": "unit_26",
    "Name": "Gortach",
    "Type": "Unit",
    "Attributes": {
      "height": "Gigantic"
    },
    "BasicProfileIds": [
      "68357f28790d8280c4b1e73e"
    ],
    "DefaultFront": 1,
    "Formation": 1
  },
  {
    "Id": "unit_27",
    "Name": "Jabberwock",
    "Type": "Unit",
    "Attributes": {
      "height": "Gigantic"
    },
    "BasicProfileIds": [
      "68357f28790d8280c4b1e73f"
    ],
    "DefaultFront": 1,
    "Formation": 1
  },
  {
    "Id": "unit_28",
    "Name": "Beast Giant",
    "Type": "Unit",
    "Attributes": {
      "height": "Gigantic"
    },
    "BasicProfileIds": [
      "68357f29790d8280c4b1e740"
    ],
    "DefaultFront": 1,
    "Formation": 1
  },
  {
    "Id": "unit_29",
    "Name": "Totemic Beast",
    "Type": "Unit",
    "Attributes": {
      "height": "Large"
    },
    "BasicProfileIds": [
      "68357f29790d8280c4b1e74f"
    ],
    "DefaultFront": 1,
    "Formation": 1
  }
]