[
  {
    "OptionId": "90e9f57e-f8a1-4d66-a76f-8be0baf7ec8d",
    "UnitId": "unit_30",
    "NewUnitId": "unit_31"
  },
  {
    "OptionId": "45d81b3a-d60a-48b1-a1a4-ce40113751ad",
    "UnitId": "unit_30",
    "NewUnitId": "unit_32"
  },
  {
    "OptionId": "c1de82c6-b21c-4917-a19a-ab39bb63466e",
    "UnitId": "unit_30",
    "NewUnitId": "unit_33"
  },
  {
    "OptionId": "791c30c0-18e2-427f-9e26-95dc03bee2a8",
    "UnitId": "unit_30",
    "NewUnitId": "unit_34"
  },
  {
    "OptionId": "1f072ae4-ee06-44a7-888e-fccface4334d",
    "UnitId": "unit_39",
    "NewUnitId": "unit_40"
  },
  {
    "OptionId": "07f7e790-59fa-4e44-9429-42d01a561c20",
    "UnitId": "unit_41",
    "NewUnitId": "unit_42"
  },
  {
    "OptionId": "791c30c0-18e2-427f-9e26-95dc03bee2a8",
    "UnitId": "unit_41",
    "NewUnitId": "unit_43"
  },
  {
    "OptionId": "a9b3d1f0-c3f2-5b6a-9e31-72db1c3e4f2d",
    "UnitId": "unit_45"
  },
  {
    "OptionId": "90e9f57e-f8a1-4d66-a76f-8be0baf7ec8d",
    "UnitId": "unit_46",
    "NewUnitId": "unit_47"
  },
  {
    "OptionId": "45d81b3a-d60a-48b1-a1a4-ce40113751ad",
    "UnitId": "unit_46",
    "NewUnitId": "unit_48"
  },
  {
    "OptionId": "3a074005-878f-422e-a475-42dd13ce86ce",
    "UnitId": "unit_49"
  },
  {
    "OptionId": "c9519cd5-2b08-4a2e-9017-51463bfb9821",
    "UnitId": "unit_49"
  },
  {
    "OptionId": "3a074005-878f-422e-a475-42dd13ce86ce",
    "UnitId": "unit_50"
  },
  {
    "OptionId": "c9519cd5-2b08-4a2e-9017-51463bfb9821",
    "UnitId": "unit_50"
  },
  {
    "OptionId": "3a074005-878f-422e-a475-42dd13ce86ce",
    "UnitId": "unit_51"
  },
  {
    "OptionId": "c9519cd5-2b08-4a2e-9017-51463bfb9821",
    "UnitId": "unit_51"
  },
  {
    "OptionId": "3a074005-878f-422e-a475-42dd13ce86ce",
    "UnitId": "unit_52"
  },
  {
    "OptionId": "c9519cd5-2b08-4a2e-9017-51463bfb9821",
    "UnitId": "unit_52"
  },
  {
    "OptionId": "3a074005-878f-422e-a475-42dd13ce86ce",
    "UnitId": "unit_54"
  },
  {
    "OptionId": "418ac56c-93d0-4959-8163-bf480bdbf809",
    "UnitId": "unit_55"
  },
  {
    "OptionId": "fce4934c-7b19-4f27-b538-d3ba50fd2f90",
    "UnitId": "unit_55"
  },
  {
    "OptionId": "987435d9-ef74-46be-a002-5b40850d1a6b",
    "UnitId": "unit_55"
  },
  {
    "OptionId": "c9519cd5-2b08-4a2e-9017-51463bfb9821",
    "UnitId": "unit_55"
  },
  {
    "OptionId": "189d97d0-5bae-4c61-a112-b3e51ff04318",
    "UnitId": "unit_56"
  },
  {
    "OptionId": "3a074005-878f-422e-a475-42dd13ce86ce",
    "UnitId": "unit_58"
  },
  {
    "OptionId": "c9519cd5-2b08-4a2e-9017-51463bfb9821",
    "UnitId": "unit_58"
  },
  {
    "OptionId": "3a074005-878f-422e-a475-42dd13ce86ce",
    "UnitId": "unit_59"
  },
  {
    "OptionId": "c9519cd5-2b08-4a2e-9017-51463bfb9821",
    "UnitId": "unit_59"
  },
  {
    "OptionId": "3a074005-878f-422e-a475-42dd13ce86ce",
    "UnitId": "unit_60"
  },
  {
    "OptionId": "c9519cd5-2b08-4a2e-9017-51463bfb9821",
    "UnitId": "unit_60"
  },
  {
    "OptionId": "3a074005-878f-422e-a475-42dd13ce86ce",
    "UnitId": "unit_63"
  },
  {
    "OptionId": "c9519cd5-2b08-4a2e-9017-51463bfb9821",
    "UnitId": "unit_63"
  },
  {
    "OptionId": "3a074005-878f-422e-a475-42dd13ce86ce",
    "UnitId": "unit_66"
  },
  {
    "OptionId": "c9519cd5-2b08-4a2e-9017-51463bfb9821",
    "UnitId": "unit_66"
  },
  {
    "OptionId": "418ac56c-93d0-4959-8163-bf480bdbf809",
    "UnitId": "unit_61"
  },
  {
    "OptionId": "29998dd2-41cc-45d7-879b-fa3562f30c00",
    "UnitId": "unit_66"
  },
  {
    "OptionId": "29998dd2-41cc-45d7-879b-fa3562f30c00",
    "UnitId": "unit_63"
  },
  {
    "OptionId": "29998dd2-41cc-45d7-879b-fa3562f30c00",
    "UnitId": "unit_58"
  },
  {
    "OptionId": "29998dd2-41cc-45d7-879b-fa3562f30c00",
    "UnitId": "unit_53"
  },
  {
    "OptionId": "d35a8cfd-ab6e-4b41-ac88-4138e78b207b",
    "UnitId": "unit_30"
  },
  {
    "OptionId": "7bda18e2-0445-46ff-b6a7-090c3aa3bccd",
    "UnitId": "unit_30"
  },
  {
    "OptionId": "3808b74d-078f-4c1c-9404-bfb8fc90c6ff",
    "UnitId": "unit_30"
  },
  {
    "OptionId": "8fe1efa8-e0b7-4d7c-901a-0d4d664171e4",
    "UnitId": "unit_30"
  },
  {
    "OptionId": "29998dd2-41cc-45d7-879b-fa3562f30c00",
    "UnitId": "unit_54"
  },
  {
    "OptionId": "29998dd2-41cc-45d7-879b-fa3562f30c00",
    "UnitId": "unit_59"
  },
  {
    "OptionId": "1030bb23-7879-4f56-8e08-84f5f085fd0e",
    "UnitId": "unit_62"
  },
  {
    "OptionId": "29998dd2-41cc-45d7-879b-fa3562f30c00",
    "UnitId": "unit_49"
  },
  {
    "OptionId": "418ac56c-93d0-4959-8163-bf480bdbf809",
    "UnitId": "unit_35"
  },
  {
    "OptionId": "29998dd2-41cc-45d7-879b-fa3562f30c00",
    "UnitId": "unit_51"
  },
  {
    "OptionId": "29998dd2-41cc-45d7-879b-fa3562f30c00",
    "UnitId": "unit_52"
  },
  {
    "OptionId": "29998dd2-41cc-45d7-879b-fa3562f30c00",
    "UnitId": "unit_50"
  },
  {
    "OptionId": "f088f5f9-c793-49a5-b3f1-924abef7bf1d",
    "UnitId": "unit_46"
  },
  {
    "OptionId": "c9519cd5-2b08-4a2e-9017-51463bfb9821",
    "UnitId": "unit_56"
  },
  {
    "OptionId": "29998dd2-41cc-45d7-879b-fa3562f30c00",
    "UnitId": "unit_65"
  }
]