[
  {
    "Id": "90e9f57e-f8a1-4d66-a76f-8be0baf7ec8d",
    "Name": "Hellsteed",
    "Type": "UnitGlobalChange"
  },
  {
    "Id": "45d81b3a-d60a-48b1-a1a4-ce40113751ad",
    "Name": "Great Beast of Prophecy",
    "Type": "UnitGlobalChange"
  },
  {
    "Id": "c1de82c6-b21c-4917-a19a-ab39bb63466e",
    "Name": "Burning Wheel",
    "Type": "UnitGlobalChange"
  },
  {
    "Id": "791c30c0-18e2-427f-9e26-95dc03bee2a8",
    "Name": "Dark Pulpit",
    "Type": "UnitGlobalChange"
  },
  {
    "Id": "1f072ae4-ee06-44a7-888e-fccface4334d",
    "Name": "Throne of Overwhelming Splendour",
    "Type": "UnitGlobalChange"
  },
  {
    "Id": "07f7e790-59fa-4e44-9429-42d01a561c20",
    "Name": "Strixian Spirit",
    "Type": "UnitGlobalChange"
  },
  {
    "Id": "a9b3d1f0-c3f2-5b6a-9e31-72db1c3e4f2d",
    "Name": "Tristitia",
    "Type": "UnitGlobalChange"
  },
  {
    "Id": "418ac56c-93d0-4959-8163-bf480bdbf809",
    "Name": "Fly",
    "Type": "UnitSwapDisplayable",
    "DisplayableDataIdToAdd": {
      "rule_44": ""
    }
  },
  {
    "Id": "fce4934c-7b19-4f27-b538-d3ba50fd2f90",
    "Name": "Horde Thresher",
    "Type": "UnitSwapDisplayable",
    "DisplayableDataIdToAdd": {
      "rule_155": ""
    }
  },
  {
    "Id": "987435d9-ef74-46be-a002-5b40850d1a6b",
    "Name": "Legion Thresher",
    "Type": "UnitSwapDisplayable",
    "DisplayableDataIdToAdd": {
      "rule_156": ""
    }
  },
  {
    "Id": "7bda18e2-0445-46ff-b6a7-090c3aa3bccd",
    "Name": "Dark Fire",
    "Type": "UnitSwapDisplayable",
    "DisplayableDataIdToAdd": {
      "rule_1349": ""
    }
  },
  {
    "Id": "1030bb23-7879-4f56-8e08-84f5f085fd0e",
    "Name": "Engine of Damnation",
    "Type": "UnitSwapDisplayable",
    "DisplayableDataIdToAdd": {
      "rule_686": ""
    }
  },
  {
    "Id": "3808b74d-078f-4c1c-9404-bfb8fc90c6ff",
    "Name": "Fly and Armour set to C",
    "Type": "UnitSwapDisplayable"
  },
  {
    "Id": "8fe1efa8-e0b7-4d7c-901a-0d4d664171e4",
    "Name": "Pale Horse",
    "Type": "UnitSwapDisplayable"
  },
  {
    "Id": "f088f5f9-c793-49a5-b3f1-924abef7bf1d",
    "Name": "Tergon's Great Beast of Prophecy",
    "Type": "UnitSwapDisplayable"
  }
]