[
  {
    "Id": "68357f2e790d8280c4b1ec4a",
    "Name": "Harbinger of Father Chaos",
    "Type": "Profile",
    "BaseId": "1",
    "DisplayableDataIds": {
      "statline_87": "",
      "statline_88": "",
      "statline_89": ""
    }
  },
  {
    "Id": "6731dc76-26c1-4354-8968-3d106b0b0139",
    "Name": "Hellsteed",
    "Type": "Profile",
    "BaseId": "4",
    "DisplayableDataIds": {
      "statline_90": "",
      "statline_91": "",
      "statline_92": ""
    }
  },
  {
    "Id": "75afaeaa-4824-4969-946c-7ffc1dd490e5",
    "Name": "Great Beast",
    "Type": "Profile",
    "BaseId": "7",
    "DisplayableDataIds": {
      "statline_93": "",
      "statline_94": "",
      "statline_95": ""
    }
  },
  {
    "Id": "ca83a9a1-281d-4d5e-9bea-a02e05e65700",
    "Name": "Burning Wheel",
    "Type": "Profile",
    "BaseId": "6",
    "DisplayableDataIds": {
      "statline_96": "",
      "statline_97": "",
      "statline_98": ""
    }
  },
  {
    "Id": "d996d1ef-02e9-456a-8b33-134c7235afea",
    "Name": "Dark Pulpit",
    "Type": "Profile",
    "BaseId": "2",
    "DisplayableDataIds": {
      "statline_99": "",
      "statline_100": "",
      "statline_101": ""
    }
  },
  {
    "Id": "68357f2e790d8280c4b1ee41",
    "Name": "Kuulima's Deceiver",
    "Type": "Profile",
    "BaseId": "1",
    "DisplayableDataIds": {
      "statline_102": "",
      "statline_103": "",
      "statline_104": ""
    }
  },
  {
    "Id": "68357f2e790d8280c4b1ee6d",
    "Name": "Maw of Akaan",
    "Type": "Profile",
    "BaseId": "8",
    "DisplayableDataIds": {
      "statline_105": "",
      "statline_106": "",
      "statline_107": ""
    }
  },
  {
    "Id": "68357f2e790d8280c4b1ee9b",
    "Name": "Miser of Sugulag",
    "Type": "Profile",
    "BaseId": "2",
    "DisplayableDataIds": {
      "statline_108": "",
      "statline_109": "",
      "statline_110": ""
    }
  },
  {
    "Id": "68357f2f790d8280c4b1eec8",
    "Name": "Courtesan of Cibaresh",
    "Type": "Profile",
    "BaseId": "2",
    "DisplayableDataIds": {
      "statline_111": "",
      "statline_112": "",
      "statline_113": ""
    }
  },
  {
    "Id": "68357f2f790d8280c4b1eef5",
    "Name": "Omen of Savar",
    "Type": "Profile",
    "BaseId": "6",
    "DisplayableDataIds": {
      "statline_114": "",
      "statline_115": "",
      "statline_116": ""
    }
  },
  {
    "Id": "af0a6cf2-d137-49ae-b130-febc4e5760e5",
    "Name": "Hellsteed (2)",
    "Type": "Profile",
    "BaseId": "2",
    "DisplayableDataIds": {
      "statline_117": "",
      "statline_118": "",
      "statline_119": "",
      "statline_120": ""
    }
  },
  {
    "Id": "68357f2f790d8280c4b1ef54",
    "Name": "Sentinel of Nukuja",
    "Type": "Profile",
    "BaseId": "2",
    "DisplayableDataIds": {
      "statline_121": "",
      "statline_122": "",
      "statline_123": ""
    }
  },
  {
    "Id": "88f8d128-71d9-4dfe-8dc2-174e970fb704ss",
    "Name": "Sentinel of Nukuja",
    "Type": "Profile",
    "BaseId": "2",
    "DisplayableDataIds": {
      "statline_124": "",
      "statline_125": "",
      "statline_126": ""
    }
  },
  {
    "Id": "88f8d128-71d9-4dfe-8dc2-174e970fb704",
    "Name": "Dark Pulpit",
    "Type": "Profile",
    "BaseId": "2",
    "DisplayableDataIds": {
      "statline_127": "",
      "statline_128": "",
      "statline_101": ""
    }
  },
  {
    "Id": "68357f2f790d8280c4b1efb2",
    "Name": "Vanadra's Scourge",
    "Type": "Profile",
    "BaseId": "2",
    "DisplayableDataIds": {
      "statline_129": "",
      "statline_130": "",
      "statline_131": ""
    }
  },
  {
    "Id": "d2a8f4b12d3c5e7a9f9b0c4d2",
    "Name": "Tristitia",
    "Type": "Profile",
    "BaseId": "2",
    "DisplayableDataIds": {
      "statline_132": "",
      "statline_133": "",
      "statline_134": ""
    }
  },
  {
    "Id": "e2937d5b4f6a9c882ab9b1f70",
    "Name": "Tergon Khan",
    "Type": "Profile",
    "BaseId": "1",
    "DisplayableDataIds": {
      "statline_135": "",
      "statline_136": "",
      "statline_137": ""
    }
  },
  {
    "Id": "f39d2ac4-5b99-42e1-b0f7-7b0adf5d6d9b",
    "Name": "Hellsteed",
    "Type": "Profile",
    "BaseId": "4",
    "DisplayableDataIds": {
      "statline_138": "",
      "statline_139": "",
      "statline_92": ""
    }
  },
  {
    "Id": "b39e2b7f-7a6c-49b0-b57a-3e6c79d8abf7",
    "Name": "Great Beast",
    "Type": "Profile",
    "BaseId": "7",
    "DisplayableDataIds": {
      "statline_140": "",
      "statline_141": "",
      "statline_142": ""
    }
  },
  {
    "Id": "68357f30790d8280c4b1efe2",
    "Name": "Imps",
    "Type": "Profile",
    "BaseId": "1",
    "DisplayableDataIds": {
      "statline_143": "",
      "statline_144": "",
      "statline_145": ""
    }
  },
  {
    "Id": "68357f30790d8280c4b1f012",
    "Name": "Succubi",
    "Type": "Profile",
    "BaseId": "1",
    "DisplayableDataIds": {
      "statline_146": "",
      "statline_147": "",
      "statline_148": ""
    }
  },
  {
    "Id": "68357f30790d8280c4b1f03c",
    "Name": "Lemures",
    "Type": "Profile",
    "BaseId": "1",
    "DisplayableDataIds": {
      "statline_149": "",
      "statline_150": "",
      "statline_151": ""
    }
  },
  {
    "Id": "68357f30790d8280c4b1f066",
    "Name": "Myrmidons",
    "Type": "Profile",
    "BaseId": "1",
    "DisplayableDataIds": {
      "statline_152": "",
      "statline_153": "",
      "statline_154": ""
    }
  },
  {
    "Id": "68357f31790d8280c4b1f090",
    "Name": "Eidolons",
    "Type": "Profile",
    "BaseId": "1",
    "DisplayableDataIds": {
      "statline_155": "",
      "statline_156": "",
      "statline_157": ""
    }
  },
  {
    "Id": "68357f31790d8280c4b1f09d",
    "Name": "Hellhounds",
    "Type": "Profile",
    "BaseId": "4",
    "DisplayableDataIds": {
      "statline_158": "",
      "statline_159": "",
      "statline_160": ""
    }
  },
  {
    "Id": "68357f31790d8280c4b1f0b7",
    "Name": "Threshing Engine",
    "Type": "Profile",
    "BaseId": "2",
    "DisplayableDataIds": {
      "statline_161": "",
      "statline_162": "",
      "statline_163": "",
      "statline_119": "",
      "statline_120": ""
    }
  },
  {
    "Id": "68357f31790d8280c4b1f10a",
    "Name": "Titanslayer Chariot",
    "Type": "Profile",
    "BaseId": "2",
    "DisplayableDataIds": {
      "statline_164": "",
      "statline_165": "",
      "statline_166": "",
      "statline_167": "",
      "statline_168": ""
    }
  },
  {
    "Id": "68357f31790d8280c4b1f11e",
    "Name": "Mageblight Gremlins",
    "Type": "Profile",
    "BaseId": "3",
    "DisplayableDataIds": {
      "statline_169": "",
      "statline_170": "",
      "statline_171": ""
    }
  },
  {
    "Id": "68357f32790d8280c4b1f12a",
    "Name": "Clawed Fiends",
    "Type": "Profile",
    "BaseId": "3",
    "DisplayableDataIds": {
      "statline_172": "",
      "statline_173": "",
      "statline_174": ""
    }
  },
  {
    "Id": "68357f32790d8280c4b1f154",
    "Name": "Hoarders",
    "Type": "Profile",
    "BaseId": "3",
    "DisplayableDataIds": {
      "statline_175": "",
      "statline_176": "",
      "statline_177": ""
    }
  },
  {
    "Id": "68357f32790d8280c4b1f187",
    "Name": "Succubi Tempters",
    "Type": "Profile",
    "BaseId": "4",
    "DisplayableDataIds": {
      "statline_178": "",
      "statline_179": "",
      "statline_148": "",
      "statline_92": ""
    }
  },
  {
    "Id": "68357f32790d8280c4b1f1b5",
    "Name": "Blazing Glory",
    "Type": "Profile",
    "BaseId": "6",
    "DisplayableDataIds": {
      "statline_180": "",
      "statline_181": "",
      "statline_182": ""
    }
  },
  {
    "Id": "68357f32790d8280c4b1f1bf",
    "Name": "Hope Harvester",
    "Type": "Profile",
    "BaseId": "2",
    "DisplayableDataIds": {
      "statline_183": "",
      "statline_184": "",
      "statline_185": ""
    }
  },
  {
    "Id": "68357f33790d8280c4b1f1cc",
    "Name": "Brazen Beasts",
    "Type": "Profile",
    "BaseId": "7",
    "DisplayableDataIds": {
      "statline_186": "",
      "statline_187": "",
      "statline_188": "",
      "statline_189": ""
    }
  },
  {
    "Id": "68357f33790d8280c4b1f23c",
    "Name": "Furies",
    "Type": "Profile",
    "BaseId": "1",
    "DisplayableDataIds": {
      "statline_190": "",
      "statline_191": "",
      "statline_192": ""
    }
  },
  {
    "Id": "68357f33790d8280c4b1f247",
    "Name": "Veil Serpents",
    "Type": "Profile",
    "BaseId": "3",
    "DisplayableDataIds": {
      "statline_193": "",
      "statline_194": "",
      "statline_195": ""
    }
  },
  {
    "Id": "68357f33790d8280c4b1f24e",
    "Name": "Bloat Flies",
    "Type": "Profile",
    "BaseId": "7",
    "DisplayableDataIds": {
      "statline_196": "",
      "statline_197": "",
      "statline_198": ""
    }
  }
]