[
  {
    "Id": "statline_87",
    "Name": "Harbinger of Father Chaos",
    "Type": "Statline",
    "Attributes": {
      "Ad": "5",
      "Ma": "5",
      "Di": "8",
      "Hgt": "1"
    },
    "DisplayableDataIds": {
      "rule_132": "",
      "rule_21": "",
      "rule_5": "",
      "rule_17": "",
      "rule_18": "",
      "rule_4": ""
    }
  },
  {
    "Id": "statline_88",
    "Name": "Harbinger of Father Chaos",
    "Type": "Statline",
    "Attributes": {
      "HP": "3",
      "Df": "5",
      "Re": "4",
      "Arm": "0",
      "Aeg": "4"
    },
    "DisplayableDataIds": {
      "rule_51": "(4+)"
    }
  },
  {
    "Id": "statline_89",
    "Name": "Harbinger",
    "Type": "Statline",
    "Attributes": {
      "At": "3",
      "Of": "5",
      "St": "5",
      "AP": "2",
      "Ag": "5"
    },
    "DisplayableDataIds": {
      "rule_134": ""
    }
  },
  {
    "Id": "statline_90",
    "Name": "Hellsteed",
    "Type": "Statline",
    "Attributes": {
      "Ad": "10",
      "Ma": "10",
      "Di": "8",
      "Hgt": "2"
    },
    "DisplayableDataIds": {
      "rule_132": "",
      "rule_21": "",
      "rule_5": "",
      "rule_2": "",
      "rule_133": "",
      "rule_35": "",
      "rule_4": "",
      "rule_17": "",
      "rule_18": ""
    }
  },
  {
    "Id": "statline_91",
    "Name": "Hellsteed",
    "Type": "Statline",
    "Attributes": {
      "HP": "3",
      "Df": "5",
      "Re": "4",
      "Arm": "0",
      "Aeg": "4"
    },
    "DisplayableDataIds": {
      "rule_51": "(4+)"
    }
  },
  {
    "Id": "statline_92",
    "Name": "Hellsteed",
    "Type": "Statline",
    "Attributes": {
      "At": "1",
      "Of": "3",
      "St": "3",
      "AP": "0",
      "Ag": "3"
    },
    "DisplayableDataIds": {
      "rule_134": ""
    }
  },
  {
    "Id": "statline_93",
    "Name": "Great Beast",
    "Type": "Statline",
    "Attributes": {
      "Ad": "7",
      "Ma": "7",
      "Di": "8",
      "Hgt": "4"
    },
    "DisplayableDataIds": {
      "rule_132": "",
      "rule_21": "",
      "rule_5": "",
      "rule_17": "",
      "rule_18": "",
      "rule_4": ""
    }
  },
  {
    "Id": "statline_94",
    "Name": "Great Beast",
    "Type": "Statline",
    "Attributes": {
      "HP": "4",
      "Df": "5",
      "Re": "4",
      "Arm": "0",
      "Aeg": "4"
    },
    "DisplayableDataIds": {
      "rule_51": "(4+)"
    }
  },
  {
    "Id": "statline_95",
    "Name": "Great Beast",
    "Type": "Statline",
    "Attributes": {
      "At": "2",
      "Of": "3",
      "St": "4",
      "AP": "1",
      "Ag": "3"
    },
    "DisplayableDataIds": {
      "rule_46": "(1)",
      "rule_134": ""
    }
  },
  {
    "Id": "statline_96",
    "Name": "Burning Wheel",
    "Type": "Statline",
    "Attributes": {
      "Ad": "10",
      "Ma": "5",
      "Di": "8",
      "Hgt": "2"
    },
    "DisplayableDataIds": {
      "rule_132": "",
      "rule_21": "",
      "rule_5": "",
      "rule_44": "",
      "rule_4": "",
      "rule_11": "",
      "rule_35": "",
      "rule_17": ""
    }
  },
  {
    "Id": "statline_97",
    "Name": "Burning Wheel",
    "Type": "Statline",
    "Attributes": {
      "HP": "4",
      "Df": "5",
      "Re": "4",
      "Arm": "1",
      "Aeg": "4"
    },
    "DisplayableDataIds": {
      "rule_51": "(4+)",
      "rule_29": "(1)"
    }
  },
  {
    "Id": "statline_98",
    "Name": "Burning Wheel",
    "Type": "Statline",
    "Attributes": {
      "At": "2",
      "Of": "3",
      "St": "5",
      "AP": "2",
      "Ag": "3"
    },
    "DisplayableDataIds": {
      "rule_134": ""
    }
  },
  {
    "Id": "statline_99",
    "Name": "Dark Pulpit",
    "Type": "Statline",
    "Attributes": {
      "Ad": "0",
      "Ma": "4",
      "Di": "8",
      "Hgt": "3"
    },
    "DisplayableDataIds": {
      "rule_132": "",
      "rule_21": "",
      "rule_5": "",
      "rule_6": "(Core unit)",
      "rule_105": "",
      "rule_17": "",
      "rule_18": "",
      "rule_4": ""
    }
  },
  {
    "Id": "statline_100",
    "Name": "Dark Pulpit",
    "Type": "Statline",
    "Attributes": {
      "HP": "5",
      "Df": "5",
      "Re": "4",
      "Arm": "1",
      "Aeg": "4"
    },
    "DisplayableDataIds": {
      "rule_51": "(4+)"
    }
  },
  {
    "Id": "statline_101",
    "Name": "Dark Pulpit",
    "Type": "Statline",
    "Attributes": {
      "At": "4",
      "Of": "3",
      "St": "3",
      "AP": "0",
      "Ag": "3"
    },
    "DisplayableDataIds": {
      "rule_134": ""
    }
  },
  {
    "Id": "statline_102",
    "Name": "Kuulima's Deceiver",
    "Type": "Statline",
    "Attributes": {
      "Ad": "5",
      "Ma": "5",
      "Di": "9",
      "Hgt": "1"
    },
    "DisplayableDataIds": {
      "rule_114": "(1)",
      "rule_132": "",
      "rule_21": "",
      "rule_135": "(2)",
      "rule_4": "",
      "rule_5": ""
    }
  },
  {
    "Id": "statline_103",
    "Name": "Kuulima's Deceiver",
    "Type": "Statline",
    "Attributes": {
      "HP": "4",
      "Df": "7",
      "Re": "5",
      "Arm": "0",
      "Aeg": "4"
    },
    "DisplayableDataIds": {
      "rule_51": "(4+)"
    }
  },
  {
    "Id": "statline_104",
    "Name": "Kuulima's Deceiver",
    "Type": "Statline",
    "Attributes": {
      "At": "1",
      "Of": "7",
      "St": "5",
      "AP": "2",
      "Ag": "5"
    },
    "DisplayableDataIds": {
      "rule_136": "",
      "rule_55": "",
      "rule_134": ""
    }
  },
  {
    "Id": "statline_105",
    "Name": "Maw of Akaan",
    "Type": "Statline",
    "Attributes": {
      "Ad": "7",
      "Ma": "7",
      "Di": "9",
      "Hgt": "5"
    },
    "DisplayableDataIds": {
      "rule_132": "",
      "rule_21": "",
      "rule_45": "",
      "rule_11": "",
      "rule_5": "",
      "rule_112": ""
    }
  },
  {
    "Id": "statline_106",
    "Name": "Maw of Akaan",
    "Type": "Statline",
    "Attributes": {
      "HP": "10",
      "Df": "5",
      "Re": "6",
      "Arm": "0",
      "Aeg": "0"
    },
    "DisplayableDataIds": {
      "rule_138": "",
      "rule_109": "(5+)",
      "rule_51": "(5+ against Magical Attacks)"
    }
  },
  {
    "Id": "statline_107",
    "Name": "Maw of Akaan",
    "Type": "Statline",
    "Attributes": {
      "At": "6",
      "Of": "5",
      "St": "7",
      "AP": "2",
      "Ag": "3"
    },
    "DisplayableDataIds": {
      "rule_134": "",
      "rule_46": "(D6)",
      "rule_137": ""
    }
  },
  {
    "Id": "statline_108",
    "Name": "Miser of Sugulag",
    "Type": "Statline",
    "Attributes": {
      "Ad": "7",
      "Ma": "7",
      "Di": "9",
      "Hgt": "5"
    },
    "DisplayableDataIds": {
      "rule_132": "",
      "rule_21": "",
      "rule_5": "",
      "rule_11": "",
      "rule_45": "",
      "rule_139": "",
      "rule_20": ""
    }
  },
  {
    "Id": "statline_109",
    "Name": "Miser of Sugulag",
    "Type": "Statline",
    "Attributes": {
      "HP": "7",
      "Df": "7",
      "Re": "6",
      "Arm": "3",
      "Aeg": "5"
    },
    "DisplayableDataIds": {
      "rule_51": "(5+)",
      "rule_142": "( against Attacks From Front Facing)"
    }
  },
  {
    "Id": "statline_110",
    "Name": "Miser of Sugulag",
    "Type": "Statline",
    "Attributes": {
      "At": "5",
      "Of": "5",
      "St": "5",
      "AP": "2",
      "Ag": "2"
    },
    "DisplayableDataIds": {
      "rule_134": "",
      "rule_46": "(D6)"
    }
  },
  {
    "Id": "statline_111",
    "Name": "Courtesan of Cibaresh",
    "Type": "Statline",
    "Attributes": {
      "Ad": "9",
      "Ma": "9",
      "Di": "9",
      "Hgt": "5"
    },
    "DisplayableDataIds": {
      "rule_132": "",
      "rule_21": "",
      "rule_2": "",
      "rule_11": "",
      "rule_45": "",
      "rule_4": "",
      "rule_5": "",
      "rule_143": "",
      "rule_112": ""
    }
  },
  {
    "Id": "statline_112",
    "Name": "Courtesan of Cibaresh",
    "Type": "Statline",
    "Attributes": {
      "HP": "7",
      "Df": "7",
      "Re": "6",
      "Arm": "0",
      "Aeg": "5"
    },
    "DisplayableDataIds": {
      "rule_51": "(5+)",
      "rule_29": "(1)",
      "rule_121": "(1)"
    }
  },
  {
    "Id": "statline_113",
    "Name": "Courtesan of Cibaresh",
    "Type": "Statline",
    "Attributes": {
      "At": "5",
      "Of": "7",
      "St": "5",
      "AP": "4",
      "Ag": "7"
    },
    "DisplayableDataIds": {
      "rule_144": "",
      "rule_46": "(D6)",
      "rule_134": ""
    }
  },
  {
    "Id": "statline_114",
    "Name": "Omen of Savar",
    "Type": "Statline",
    "Attributes": {
      "Ad": "5",
      "Ma": "5",
      "Di": "10",
      "Hgt": "1"
    },
    "DisplayableDataIds": {
      "rule_132": "",
      "rule_21": "",
      "rule_145": "",
      "rule_3": "",
      "rule_5": "",
      "rule_112": ""
    }
  },
  {
    "Id": "statline_115",
    "Name": "Omen of Savar",
    "Type": "Statline",
    "Attributes": {
      "HP": "4",
      "Df": "7",
      "Re": "5",
      "Arm": "0",
      "Aeg": "5"
    },
    "DisplayableDataIds": {
      "rule_51": "(4+ against Magical Attacks)"
    }
  },
  {
    "Id": "statline_116",
    "Name": "Omen of Savar",
    "Type": "Statline",
    "Attributes": {
      "At": "D3+3",
      "Of": "D6+4",
      "St": "6",
      "AP": "3",
      "Ag": "6"
    },
    "DisplayableDataIds": {
      "rule_52": "(towards Characters)",
      "rule_134": "",
      "rule_146": "(2, towards Characters)"
    }
  },
  {
    "Id": "statline_117",
    "Name": "Hellsteed (2)",
    "Type": "Statline",
    "Attributes": {
      "Ad": "10",
      "Ma": "5",
      "Di": "10",
      "Hgt": "4"
    },
    "DisplayableDataIds": {
      "rule_132": "",
      "rule_21": "",
      "rule_145": "",
      "rule_3": "",
      "rule_5": "",
      "rule_44": "",
      "rule_11": "",
      "rule_4": "",
      "rule_112": ""
    }
  },
  {
    "Id": "statline_118",
    "Name": "Hellsteed (2)",
    "Type": "Statline",
    "Attributes": {
      "HP": "6",
      "Df": "7",
      "Re": "5",
      "Arm": "0",
      "Aeg": "4"
    },
    "DisplayableDataIds": {
      "rule_51": "(4+ against Magical Attacks)"
    }
  },
  {
    "Id": "statline_119",
    "Name": "Hellsteed (2)",
    "Type": "Statline",
    "Attributes": {
      "At": "1",
      "Of": "3",
      "St": "3",
      "AP": "0",
      "Ag": "3"
    },
    "DisplayableDataIds": {
      "rule_134": ""
    }
  },
  {
    "Id": "statline_120",
    "Name": "Chassis",
    "Type": "Statline",
    "Attributes": {
      "At": null,
      "Of": null,
      "St": "4",
      "AP": "3",
      "Ag": null
    },
    "DisplayableDataIds": {
      "rule_10": "(2D3)",
      "rule_134": ""
    }
  },
  {
    "Id": "statline_121",
    "Name": "Sentinel of Nukuja",
    "Type": "Statline",
    "Attributes": {
      "Ad": "0",
      "Ma": "0",
      "Di": "9",
      "Hgt": "3"
    },
    "DisplayableDataIds": {
      "rule_132": "",
      "rule_21": "",
      "rule_147": "",
      "rule_148": "",
      "rule_5": "",
      "rule_114": "(1)",
      "rule_6": "(Core unit)",
      "rule_105": ""
    }
  },
  {
    "Id": "statline_122",
    "Name": "Sentinel of Nukuja",
    "Type": "Statline",
    "Attributes": {
      "HP": "5",
      "Df": "5",
      "Re": "6",
      "Arm": "0",
      "Aeg": "5"
    },
    "DisplayableDataIds": {
      "rule_51": "(5+)"
    }
  },
  {
    "Id": "statline_123",
    "Name": "Sentinel of Nukuja",
    "Type": "Statline",
    "Attributes": {
      "At": "0",
      "Of": "3",
      "St": "5",
      "AP": "2",
      "Ag": "0"
    },
    "DisplayableDataIds": {
      "rule_149": "(3)",
      "rule_134": ""
    }
  },
  {
    "Id": "statline_124",
    "Name": "Sentinel of Nukuja",
    "Type": "Statline",
    "Attributes": {
      "Ad": "7",
      "Ma": "7",
      "Di": "9",
      "Hgt": "3"
    },
    "DisplayableDataIds": {
      "rule_132": "",
      "rule_21": "",
      "rule_147": "",
      "rule_148": "",
      "rule_5": "",
      "rule_114": "(1)",
      "rule_6": "(Core unit)",
      "rule_105": "",
      "rule_44": "",
      "rule_4": "",
      "rule_11": "",
      "rule_45": ""
    }
  },
  {
    "Id": "statline_125",
    "Name": "Sentinel of Nukuja",
    "Type": "Statline",
    "Attributes": {
      "HP": "7",
      "Df": "5",
      "Re": "6",
      "Arm": "0",
      "Aeg": "5"
    },
    "DisplayableDataIds": {
      "rule_51": "(5+)"
    }
  },
  {
    "Id": "statline_126",
    "Name": "Sentinel of Nukuja",
    "Type": "Statline",
    "Attributes": {
      "At": "0",
      "Of": "3",
      "St": "5",
      "AP": "2",
      "Ag": "0"
    },
    "DisplayableDataIds": {
      "rule_149": "(3)",
      "rule_134": "",
      "rule_46": "(D6)"
    }
  },
  {
    "Id": "statline_127",
    "Name": "Dark Pulpit",
    "Type": "Statline",
    "Attributes": {
      "Ad": "0",
      "Ma": "4",
      "Di": "9",
      "Hgt": "3"
    },
    "DisplayableDataIds": {
      "rule_132": "",
      "rule_21": "",
      "rule_147": "",
      "rule_148": "",
      "rule_5": "",
      "rule_114": "(1)",
      "rule_6": "(Core unit)",
      "rule_105": ""
    }
  },
  {
    "Id": "statline_128",
    "Name": "Dark Pulpit",
    "Type": "Statline",
    "Attributes": {
      "HP": "5",
      "Df": "5",
      "Re": "6",
      "Arm": "1",
      "Aeg": "5"
    },
    "DisplayableDataIds": {
      "rule_51": "(5+)"
    }
  },
  {
    "Id": "statline_129",
    "Name": "Vanadra's Scourge",
    "Type": "Statline",
    "Attributes": {
      "Ad": "7",
      "Ma": "7",
      "Di": "9",
      "Hgt": "5"
    },
    "DisplayableDataIds": {
      "rule_44": "",
      "rule_132": "",
      "rule_21": "",
      "rule_11": "",
      "rule_5": "",
      "rule_45": ""
    }
  },
  {
    "Id": "statline_130",
    "Name": "Vanadra's Scourge",
    "Type": "Statline",
    "Attributes": {
      "HP": "7",
      "Df": "4",
      "Re": "6",
      "Arm": "0",
      "Aeg": "5"
    },
    "DisplayableDataIds": {
      "rule_51": "(4+ against Melee Attacks)"
    }
  },
  {
    "Id": "statline_131",
    "Name": "Vanadra's Scourge",
    "Type": "Statline",
    "Attributes": {
      "At": "5",
      "Of": "8",
      "St": "7",
      "AP": "4",
      "Ag": "0"
    },
    "DisplayableDataIds": {
      "rule_58": "",
      "rule_23": "",
      "rule_46": "(D6)",
      "rule_134": ""
    }
  },
  {
    "Id": "statline_132",
    "Name": "Tristitia",
    "Type": "Statline",
    "Attributes": {
      "Ad": "6",
      "Ma": "6",
      "Di": "9",
      "Hgt": "5"
    },
    "DisplayableDataIds": {
      "rule_140": "",
      "rule_21": "",
      "rule_430": "",
      "rule_141": "",
      "rule_154": "",
      "rule_11": "",
      "rule_132": "",
      "rule_5": "",
      "rule_45": "",
      "rule_147": "(Evocation)"
    }
  },
  {
    "Id": "statline_133",
    "Name": "Tristitia",
    "Type": "Statline",
    "Attributes": {
      "HP": "7",
      "Df": "4",
      "Re": "6",
      "Arm": "0"
    },
    "DisplayableDataIds": {
      "rule_51": "(5+)",
      "rule_29": "(1)"
    }
  },
  {
    "Id": "statline_134",
    "Name": "Tristitia",
    "Type": "Statline",
    "Attributes": {
      "At": "5",
      "Of": "4",
      "St": "9",
      "AP": "10",
      "Ag": "5"
    },
    "DisplayableDataIds": {
      "rule_134": "",
      "rule_186": "",
      "rule_1557": "",
      "rule_1727": "(D6 hits)"
    }
  },
  {
    "Id": "statline_135",
    "Name": "Tergon Khan",
    "Type": "Statline",
    "Attributes": {
      "Ad": "5",
      "Ma": "5",
      "Di": "10",
      "Hgt": "2"
    },
    "DisplayableDataIds": {
      "rule_739": "",
      "rule_3": "",
      "rule_145": "",
      "rule_21": "",
      "rule_430": "",
      "rule_725": "",
      "rule_740": "",
      "rule_132": "",
      "rule_5": "",
      "rule_20": "(Divination)",
      "rule_51": "(4+, against Magical Attacks ; 5+)",
      "rule_726": "(Dominant)",
      "rule_52": "(against Characters)",
      "rule_134": "",
      "rule_146": "(2, against Characters)",
      "rule_182": "(Dragons)"
    }
  },
  {
    "Id": "statline_136",
    "Name": "Tergon Khan",
    "Type": "Statline",
    "Attributes": {
      "HP": "4",
      "Df": "7",
      "Re": "2",
      "Arm": "0",
      "Aeg": "4"
    },
    "DisplayableDataIds": {
      "rule_51": "(4+, against Magical Attacks ; 5+)"
    }
  },
  {
    "Id": "statline_137",
    "Name": "Tergon",
    "Type": "Statline",
    "Attributes": {
      "At": "3D3+3",
      "Of": "3D3+3",
      "St": "6",
      "AP": "3",
      "Ag": "6"
    },
    "DisplayableDataIds": {
      "rule_726": "(Dominant)",
      "rule_52": "(against Characters)",
      "rule_134": "",
      "rule_146": "(2, against Characters)",
      "rule_182": "(Dragons)"
    }
  },
  {
    "Id": "statline_138",
    "Name": "Hellsteed",
    "Type": "Statline",
    "Attributes": {
      "Ad": "10",
      "Ma": "10",
      "Di": "10",
      "Hgt": "2"
    },
    "DisplayableDataIds": {
      "rule_739": "",
      "rule_3": "",
      "rule_145": "",
      "rule_21": "",
      "rule_430": "",
      "rule_725": "",
      "rule_740": "",
      "rule_132": "",
      "rule_5": "",
      "rule_20": "(Divination)",
      "rule_133": "",
      "rule_4": "",
      "rule_2": "",
      "rule_35": ""
    }
  },
  {
    "Id": "statline_139",
    "Name": "Hellsteed",
    "Type": "Statline",
    "Attributes": {
      "HP": "4",
      "Df": "7",
      "Re": "5",
      "Arm": "0",
      "Aeg": "4"
    },
    "DisplayableDataIds": {
      "rule_51": "(4+, against Magical Attacks ; 5+)"
    }
  },
  {
    "Id": "statline_140",
    "Name": "Great Beast",
    "Type": "Statline",
    "Attributes": {
      "Ad": "7",
      "Ma": "7",
      "Di": "10",
      "Hgt": "4"
    },
    "DisplayableDataIds": {
      "rule_739": "",
      "rule_3": "",
      "rule_145": "",
      "rule_21": "",
      "rule_430": "",
      "rule_725": "",
      "rule_740": "",
      "rule_132": "",
      "rule_5": "",
      "rule_20": "(Divination)"
    }
  },
  {
    "Id": "statline_141",
    "Name": "Great Beast",
    "Type": "Statline",
    "Attributes": {
      "HP": "4",
      "Df": "7",
      "Re": "5",
      "Arm": "0",
      "Aeg": "4"
    },
    "DisplayableDataIds": {
      "rule_51": "(4+, against Magical Attacks ; 5+)"
    }
  },
  {
    "Id": "statline_142",
    "Name": "Great Beast",
    "Type": "Statline",
    "Attributes": {
      "At": "2",
      "Of": "3",
      "St": "4",
      "AP": "1",
      "Ag": "3"
    },
    "DisplayableDataIds": {
      "rule_9": "(+1 Str, +1 AP)",
      "rule_10": "(2 hits)",
      "rule_134": "",
      "rule_46": "(1 hit)"
    }
  },
  {
    "Id": "statline_143",
    "Name": "Imps",
    "Type": "Statline",
    "Attributes": {
      "Ad": "5",
      "Ma": "5",
      "Di": "6",
      "Hgt": "1"
    },
    "DisplayableDataIds": {
      "rule_132": "",
      "rule_21": "",
      "rule_5": ""
    }
  },
  {
    "Id": "statline_144",
    "Name": "Imps",
    "Type": "Statline",
    "Attributes": {
      "HP": "1",
      "Df": "2",
      "Re": "3",
      "Arm": "0",
      "Aeg": "5"
    },
    "DisplayableDataIds": {
      "rule_51": "(3+ against Ranged Attacks)"
    }
  },
  {
    "Id": "statline_145",
    "Name": "Imp",
    "Type": "Statline",
    "Attributes": {
      "At": "1",
      "Of": "2",
      "St": "2",
      "AP": "0",
      "Ag": "2"
    },
    "DisplayableDataIds": {
      "rule_150": "(4+)",
      "rule_134": ""
    }
  },
  {
    "Id": "statline_146",
    "Name": "Succubi",
    "Type": "Statline",
    "Attributes": {
      "Ad": "5",
      "Ma": "5",
      "Di": "7",
      "Hgt": "1"
    },
    "DisplayableDataIds": {
      "rule_132": "",
      "rule_21": "",
      "rule_5": ""
    }
  },
  {
    "Id": "statline_147",
    "Name": "Succubi",
    "Type": "Statline",
    "Attributes": {
      "HP": "1",
      "Df": "4",
      "Re": "3",
      "Arm": "0",
      "Aeg": "5"
    },
    "DisplayableDataIds": {
      "rule_51": "(5+)"
    }
  },
  {
    "Id": "statline_148",
    "Name": "Succubus",
    "Type": "Statline",
    "Attributes": {
      "At": "3",
      "Of": "4",
      "St": "3",
      "AP": "1",
      "Ag": "5"
    },
    "DisplayableDataIds": {
      "rule_134": "",
      "rule_151": "(1)"
    }
  },
  {
    "Id": "statline_149",
    "Name": "Lemures",
    "Type": "Statline",
    "Attributes": {
      "Ad": "4",
      "Ma": "4",
      "Di": "7",
      "Hgt": "1"
    },
    "DisplayableDataIds": {
      "rule_132": "",
      "rule_21": "",
      "rule_5": ""
    }
  },
  {
    "Id": "statline_150",
    "Name": "Lemures",
    "Type": "Statline",
    "Attributes": {
      "HP": "1",
      "Df": "5",
      "Re": "5",
      "Arm": "0",
      "Aeg": "5"
    },
    "DisplayableDataIds": {
      "rule_51": "(5+)"
    }
  },
  {
    "Id": "statline_151",
    "Name": "Lemure",
    "Type": "Statline",
    "Attributes": {
      "At": "1",
      "Of": "3",
      "St": "3",
      "AP": "0",
      "Ag": "2"
    },
    "DisplayableDataIds": {
      "rule_134": ""
    }
  },
  {
    "Id": "statline_152",
    "Name": "Myrmidons",
    "Type": "Statline",
    "Attributes": {
      "Ad": "5",
      "Ma": "5",
      "Di": "8",
      "Hgt": "1"
    },
    "DisplayableDataIds": {
      "rule_132": "",
      "rule_21": "",
      "rule_5": ""
    }
  },
  {
    "Id": "statline_153",
    "Name": "Myrmidons",
    "Type": "Statline",
    "Attributes": {
      "HP": "1",
      "Df": "3",
      "Re": "3",
      "Arm": "0",
      "Aeg": "5"
    },
    "DisplayableDataIds": {
      "rule_51": "(5+)"
    }
  },
  {
    "Id": "statline_154",
    "Name": "Myrmidon",
    "Type": "Statline",
    "Attributes": {
      "At": "1",
      "Of": "5",
      "St": "5",
      "AP": "1",
      "Ag": "4"
    },
    "DisplayableDataIds": {
      "rule_118": "",
      "rule_23": "",
      "rule_134": ""
    }
  },
  {
    "Id": "statline_155",
    "Name": "Eidolons",
    "Type": "Statline",
    "Attributes": {
      "Ad": "5",
      "Ma": "5",
      "Di": "7",
      "Hgt": "1"
    },
    "DisplayableDataIds": {
      "rule_4": "",
      "rule_28": "",
      "rule_132": "",
      "rule_21": "",
      "rule_5": "",
      "rule_152": ""
    }
  },
  {
    "Id": "statline_156",
    "Name": "Eidolons",
    "Type": "Statline",
    "Attributes": {
      "HP": "1",
      "Df": "2",
      "Re": "4",
      "Arm": "0",
      "Aeg": "5"
    },
    "DisplayableDataIds": {
      "rule_51": "(5+)",
      "rule_29": "(1)"
    }
  },
  {
    "Id": "statline_157",
    "Name": "Eidolon",
    "Type": "Statline",
    "Attributes": {
      "At": "1",
      "Of": "2",
      "St": "2",
      "AP": "0",
      "Ag": "2"
    },
    "DisplayableDataIds": {
      "rule_134": "",
      "rule_153": "(3+)"
    }
  },
  {
    "Id": "statline_158",
    "Name": "Hellhounds",
    "Type": "Statline",
    "Attributes": {
      "Ad": "9",
      "Ma": "9",
      "Di": "7",
      "Hgt": "2"
    },
    "DisplayableDataIds": {
      "rule_154": "",
      "rule_132": "",
      "rule_21": "",
      "rule_5": ""
    }
  },
  {
    "Id": "statline_159",
    "Name": "Hellhounds",
    "Type": "Statline",
    "Attributes": {
      "HP": "1",
      "Df": "3",
      "Re": "4",
      "Arm": "0",
      "Aeg": "5"
    },
    "DisplayableDataIds": {
      "rule_51": "(5+)"
    }
  },
  {
    "Id": "statline_160",
    "Name": "Hellhound",
    "Type": "Statline",
    "Attributes": {
      "At": "3",
      "Of": "5",
      "St": "3",
      "AP": "0",
      "Ag": "4"
    },
    "DisplayableDataIds": {
      "rule_52": "",
      "rule_134": ""
    }
  },
  {
    "Id": "statline_161",
    "Name": "Threshing Engine",
    "Type": "Statline",
    "Attributes": {
      "Ad": "10",
      "Ma": "5",
      "Di": "7",
      "Hgt": "4"
    },
    "DisplayableDataIds": {
      "rule_5": "",
      "rule_132": "",
      "rule_21": "",
      "rule_11": "",
      "rule_4": ""
    }
  },
  {
    "Id": "statline_162",
    "Name": "Threshing Engine",
    "Type": "Statline",
    "Attributes": {
      "HP": "4",
      "Df": "4",
      "Re": "4",
      "Arm": "0",
      "Aeg": "5"
    },
    "DisplayableDataIds": {
      "rule_51": "(5+)",
      "rule_29": "(1)"
    }
  },
  {
    "Id": "statline_163",
    "Name": "Tiller (2)",
    "Type": "Statline",
    "Attributes": {
      "At": "3",
      "Of": "4",
      "St": "3",
      "AP": "1",
      "Ag": "5"
    },
    "DisplayableDataIds": {
      "rule_134": "",
      "rule_151": "(1)"
    }
  },
  {
    "Id": "statline_164",
    "Name": "Titanslayer Chariot",
    "Type": "Statline",
    "Attributes": {
      "Ad": "7",
      "Ma": "4",
      "Di": "8",
      "Hgt": "4"
    },
    "DisplayableDataIds": {
      "rule_5": "",
      "rule_11": "",
      "rule_132": "",
      "rule_21": "",
      "rule_157": "",
      "rule_4": ""
    }
  },
  {
    "Id": "statline_165",
    "Name": "Titanslayer Chariot",
    "Type": "Statline",
    "Attributes": {
      "HP": "5",
      "Df": "3",
      "Re": "5",
      "Arm": "0",
      "Aeg": "5"
    },
    "DisplayableDataIds": {
      "rule_51": "(5+)"
    }
  },
  {
    "Id": "statline_166",
    "Name": "Myrmidon (2)",
    "Type": "Statline",
    "Attributes": {
      "At": "1",
      "Of": "5",
      "St": "5",
      "AP": "1",
      "Ag": "4"
    },
    "DisplayableDataIds": {
      "rule_23": "",
      "rule_134": "",
      "rule_9": "(+2Att, +1AP)"
    }
  },
  {
    "Id": "statline_167",
    "Name": "Beast",
    "Type": "Statline",
    "Attributes": {
      "At": "2",
      "Of": "3",
      "St": "4",
      "AP": "1",
      "Ag": "3"
    },
    "DisplayableDataIds": {
      "rule_9": "(+1Str, +1AP)",
      "rule_134": ""
    }
  },
  {
    "Id": "statline_168",
    "Name": "Chassis",
    "Type": "Statline",
    "Attributes": {
      "At": null,
      "Of": null,
      "St": "7",
      "AP": "2",
      "Ag": null
    },
    "DisplayableDataIds": {
      "rule_10": "(D3+1)",
      "rule_134": ""
    }
  },
  {
    "Id": "statline_169",
    "Name": "Mageblight Gremlins",
    "Type": "Statline",
    "Attributes": {
      "Ad": "6",
      "Ma": "6",
      "Di": "4",
      "Hgt": "0"
    },
    "DisplayableDataIds": {
      "rule_34": "(Table Edge, or unit containing Wizard)",
      "rule_132": "",
      "rule_21": "",
      "rule_28": "",
      "rule_4": "",
      "rule_5": ""
    }
  },
  {
    "Id": "statline_170",
    "Name": "Mageblight Gremlins",
    "Type": "Statline",
    "Attributes": {
      "HP": "5",
      "Df": "2",
      "Re": "2",
      "Arm": "0",
      "Aeg": "5"
    },
    "DisplayableDataIds": {
      "rule_51": "(5+)",
      "rule_158": "",
      "rule_29": "(1)",
      "rule_121": "(1)"
    }
  },
  {
    "Id": "statline_171",
    "Name": "Mageblight Gremlin",
    "Type": "Statline",
    "Attributes": {
      "At": "6",
      "Of": "2",
      "St": "2",
      "AP": "1",
      "Ag": "2"
    },
    "DisplayableDataIds": {
      "rule_55": "(towards units containing Wizard)",
      "rule_134": ""
    }
  },
  {
    "Id": "statline_172",
    "Name": "Clawed Fiends",
    "Type": "Statline",
    "Attributes": {
      "Ad": "9",
      "Ma": "9",
      "Di": "7",
      "Hgt": "3"
    },
    "DisplayableDataIds": {
      "rule_132": "",
      "rule_21": "",
      "rule_5": ""
    }
  },
  {
    "Id": "statline_173",
    "Name": "Clawed Fiends",
    "Type": "Statline",
    "Attributes": {
      "HP": "3",
      "Df": "4",
      "Re": "4",
      "Arm": "0",
      "Aeg": "5"
    },
    "DisplayableDataIds": {
      "rule_51": "(5+)"
    }
  },
  {
    "Id": "statline_174",
    "Name": "Clawed Fiend",
    "Type": "Statline",
    "Attributes": {
      "At": "3",
      "Of": "4",
      "St": "4",
      "AP": "2",
      "Ag": "6"
    },
    "DisplayableDataIds": {
      "rule_151": "(3, 4)",
      "rule_134": ""
    }
  },
  {
    "Id": "statline_175",
    "Name": "Hoarders",
    "Type": "Statline",
    "Attributes": {
      "Ad": "5",
      "Ma": "5",
      "Di": "8",
      "Hgt": "3"
    },
    "DisplayableDataIds": {
      "rule_132": "",
      "rule_21": "",
      "rule_2": "",
      "rule_5": ""
    }
  },
  {
    "Id": "statline_176",
    "Name": "Hoarders",
    "Type": "Statline",
    "Attributes": {
      "HP": "4",
      "Df": "5",
      "Re": "5",
      "Arm": "0",
      "Aeg": "5"
    },
    "DisplayableDataIds": {
      "rule_51": "(5+)",
      "rule_160": ""
    }
  },
  {
    "Id": "statline_177",
    "Name": "Hoarder",
    "Type": "Statline",
    "Attributes": {
      "At": "3",
      "Of": "3",
      "St": "4",
      "AP": "0",
      "Ag": "2"
    },
    "DisplayableDataIds": {
      "rule_159": "",
      "rule_134": ""
    }
  },
  {
    "Id": "statline_178",
    "Name": "Succubi Tempters",
    "Type": "Statline",
    "Attributes": {
      "Ad": "10",
      "Ma": "10",
      "Di": "9",
      "Hgt": "2"
    },
    "DisplayableDataIds": {
      "rule_132": "",
      "rule_21": "",
      "rule_2": "",
      "rule_133": "",
      "rule_4": "",
      "rule_35": "",
      "rule_5": ""
    }
  },
  {
    "Id": "statline_179",
    "Name": "Succubi Tempters",
    "Type": "Statline",
    "Attributes": {
      "HP": "1",
      "Df": "4",
      "Re": "3",
      "Arm": "0",
      "Aeg": "5"
    },
    "DisplayableDataIds": {
      "rule_51": "(5+)"
    }
  },
  {
    "Id": "statline_180",
    "Name": "Blazing Glory",
    "Type": "Statline",
    "Attributes": {
      "Ad": "8",
      "Ma": "8",
      "Di": "10",
      "Hgt": "4"
    },
    "DisplayableDataIds": {
      "rule_11": "",
      "rule_132": "",
      "rule_21": "",
      "rule_161": "",
      "rule_4": "",
      "rule_5": ""
    }
  },
  {
    "Id": "statline_181",
    "Name": "Blazing Glory",
    "Type": "Statline",
    "Attributes": {
      "HP": "5",
      "Df": "*",
      "Re": "5",
      "Arm": "0",
      "Aeg": "5"
    },
    "DisplayableDataIds": {
      "rule_51": "(4+ against Magical Attacks)",
      "rule_29": "(1)"
    }
  },
  {
    "Id": "statline_182",
    "Name": "Blazing Glory",
    "Type": "Statline",
    "Attributes": {
      "At": "5",
      "Of": "*",
      "St": "5",
      "AP": "5",
      "Ag": "0"
    },
    "DisplayableDataIds": {
      "rule_46": "(1)",
      "rule_134": ""
    }
  },
  {
    "Id": "statline_183",
    "Name": "Hope Harvester",
    "Type": "Statline",
    "Attributes": {
      "Ad": "0",
      "Ma": "7",
      "Di": "7",
      "Hgt": "3"
    },
    "DisplayableDataIds": {
      "rule_132": "",
      "rule_21": "",
      "rule_105": "",
      "rule_5": "",
      "rule_18": "",
      "rule_6": "(Core Unit)"
    }
  },
  {
    "Id": "statline_184",
    "Name": "Hope Harvester",
    "Type": "Statline",
    "Attributes": {
      "HP": "5",
      "Df": "5",
      "Re": "5",
      "Arm": "3",
      "Aeg": "5"
    },
    "DisplayableDataIds": {
      "rule_51": "(5+)"
    }
  },
  {
    "Id": "statline_185",
    "Name": "Hope Harvester",
    "Type": "Statline",
    "Attributes": {
      "At": "4",
      "Of": "3",
      "St": "6",
      "AP": "3",
      "Ag": "2"
    },
    "DisplayableDataIds": {
      "rule_134": "",
      "rule_162": "(3+)"
    }
  },
  {
    "Id": "statline_186",
    "Name": "Brazen Beasts",
    "Type": "Statline",
    "Attributes": {
      "Ad": "7",
      "Ma": "7",
      "Di": "8",
      "Hgt": "4"
    },
    "DisplayableDataIds": {
      "rule_132": "",
      "rule_21": "",
      "rule_5": ""
    }
  },
  {
    "Id": "statline_187",
    "Name": "Brazen Beasts",
    "Type": "Statline",
    "Attributes": {
      "HP": "4",
      "Df": "3",
      "Re": "4",
      "Arm": "0",
      "Aeg": "5"
    },
    "DisplayableDataIds": {
      "rule_51": "(5+)"
    }
  },
  {
    "Id": "statline_188",
    "Name": "Myrmidon",
    "Type": "Statline",
    "Attributes": {
      "At": "1",
      "Of": "5",
      "St": "5",
      "AP": "1",
      "Ag": "4"
    },
    "DisplayableDataIds": {
      "rule_9": "(+2 Att, +1 AP)",
      "rule_134": "",
      "rule_23": ""
    }
  },
  {
    "Id": "statline_189",
    "Name": "Beast",
    "Type": "Statline",
    "Attributes": {
      "At": "2",
      "Of": "3",
      "St": "4",
      "AP": "1",
      "Ag": "3"
    },
    "DisplayableDataIds": {
      "rule_10": "(2)",
      "rule_9": "(+1 Str, +1 AP)",
      "rule_46": "(1)",
      "rule_134": ""
    }
  },
  {
    "Id": "statline_190",
    "Name": "Furies",
    "Type": "Statline",
    "Attributes": {
      "Ad": "10",
      "Ma": "10",
      "Di": "5",
      "Hgt": "1"
    },
    "DisplayableDataIds": {
      "rule_132": "",
      "rule_21": "",
      "rule_4": "",
      "rule_44": "",
      "rule_28": "",
      "rule_5": ""
    }
  },
  {
    "Id": "statline_191",
    "Name": "Furies",
    "Type": "Statline",
    "Attributes": {
      "HP": "1",
      "Df": "3",
      "Re": "3",
      "Arm": "0",
      "Aeg": "5"
    },
    "DisplayableDataIds": {
      "rule_51": "(5+)",
      "rule_29": "(1)"
    }
  },
  {
    "Id": "statline_192",
    "Name": "Fury",
    "Type": "Statline",
    "Attributes": {
      "At": "1",
      "Of": "3",
      "St": "4",
      "AP": "1",
      "Ag": "4"
    },
    "DisplayableDataIds": {
      "rule_9": "(+1 Str)",
      "rule_134": ""
    }
  },
  {
    "Id": "statline_193",
    "Name": "Veil Serpents",
    "Type": "Statline",
    "Attributes": {
      "Ad": "9",
      "Ma": "6",
      "Di": "7",
      "Hgt": "3"
    },
    "DisplayableDataIds": {
      "rule_132": "",
      "rule_21": "",
      "rule_5": "",
      "rule_4": "",
      "rule_44": "",
      "rule_163": ""
    }
  },
  {
    "Id": "statline_194",
    "Name": "Veil Serpents",
    "Type": "Statline",
    "Attributes": {
      "HP": "3",
      "Df": "4",
      "Re": "4",
      "Arm": "0",
      "Aeg": "5"
    },
    "DisplayableDataIds": {
      "rule_51": "(5+)",
      "rule_29": "(1)"
    }
  },
  {
    "Id": "statline_195",
    "Name": "Veil Serpent",
    "Type": "Statline",
    "Attributes": {
      "At": "3",
      "Of": "4",
      "St": "4",
      "AP": "0",
      "Ag": "4"
    },
    "DisplayableDataIds": {
      "rule_134": ""
    }
  },
  {
    "Id": "statline_196",
    "Name": "Bloat Flies",
    "Type": "Statline",
    "Attributes": {
      "Ad": "7",
      "Ma": "7",
      "Di": "8",
      "Hgt": "4"
    },
    "DisplayableDataIds": {
      "rule_132": "",
      "rule_21": "",
      "rule_44": "",
      "rule_5": "",
      "rule_164": ""
    }
  },
  {
    "Id": "statline_197",
    "Name": "Bloat Flies",
    "Type": "Statline",
    "Attributes": {
      "HP": "4",
      "Df": "3",
      "Re": "4",
      "Arm": "0",
      "Aeg": "0"
    },
    "DisplayableDataIds": {
      "rule_51": "(5+ against Magical Attacks)",
      "rule_109": "(5+)"
    }
  },
  {
    "Id": "statline_198",
    "Name": "Bloat Fly",
    "Type": "Statline",
    "Attributes": {
      "At": "2",
      "Of": "5",
      "St": "6",
      "AP": "3",
      "Ag": "4"
    },
    "DisplayableDataIds": {
      "rule_46": "(1)",
      "rule_134": ""
    }
  }
]