[
  {
    "Id": "unit_30",
    "Name": "Harbinger of Father Chaos",
    "Type": "Unit",
    "Attributes": {
      "height": "Standard"
    },
    "BasicProfileIds": [
      "68357f2e790d8280c4b1ec4a"
    ],
    "DefaultFront": 1,
    "Formation": 1
  },
  {
    "Id": "unit_31",
    "Name": "Harbinger of Father Chaos on Hellsteed",
    "Type": "Unit",
    "Attributes": {
      "height": "Standard"
    },
    "BasicProfileIds": [
      "6731dc76-26c1-4354-8968-3d106b0b0139"
    ],
    "DefaultFront": 1,
    "Formation": 1
  },
  {
    "Id": "unit_32",
    "Name": "Harbinger of Father Chaos on Great Beast of Prophecy",
    "Type": "Unit",
    "Attributes": {
      "height": "Large"
    },
    "BasicProfileIds": [
      "75afaeaa-4824-4969-946c-7ffc1dd490e5"
    ],
    "DefaultFront": 1,
    "Formation": 1
  },
  {
    "Id": "unit_33",
    "Name": "Harbinger of Father Chaos on Burning Wheel",
    "Type": "Unit",
    "Attributes": {
      "height": "Standard"
    },
    "BasicProfileIds": [
      "ca83a9a1-281d-4d5e-9bea-a02e05e65700"
    ],
    "DefaultFront": 1,
    "Formation": 1
  },
  {
    "Id": "unit_34",
    "Name": "Harbinger of Father Chaos on Dark Pulpit",
    "Type": "Unit",
    "Attributes": {
      "height": "Large"
    },
    "BasicProfileIds": [
      "d996d1ef-02e9-456a-8b33-134c7235afea"
    ],
    "DefaultFront": 1,
    "Formation": 1
  },
  {
    "Id": "unit_35",
    "Name": "Kuulima's Deceiver",
    "Type": "Unit",
    "Attributes": {
      "height": "Standard"
    },
    "BasicProfileIds": [
      "68357f2e790d8280c4b1ee41"
    ],
    "DefaultFront": 1,
    "Formation": 1
  },
  {
    "Id": "unit_36",
    "Name": "Maw of Akaan",
    "Type": "Unit",
    "Attributes": {
      "height": "Gigantic"
    },
    "BasicProfileIds": [
      "68357f2e790d8280c4b1ee6d"
    ],
    "DefaultFront": 1,
    "Formation": 1
  },
  {
    "Id": "unit_37",
    "Name": "Miser of Sugulag",
    "Type": "Unit",
    "Attributes": {
      "height": "Gigantic"
    },
    "BasicProfileIds": [
      "68357f2e790d8280c4b1ee9b"
    ],
    "DefaultFront": 1,
    "Formation": 1
  },
  {
    "Id": "unit_38",
    "Name": "Courtesan of Cibaresh",
    "Type": "Unit",
    "Attributes": {
      "height": "Gigantic"
    },
    "BasicProfileIds": [
      "68357f2f790d8280c4b1eec8"
    ],
    "DefaultFront": 1,
    "Formation": 1
  },
  {
    "Id": "unit_39",
    "Name": "Omen of Savar",
    "Type": "Unit",
    "Attributes": {
      "height": "Standard"
    },
    "BasicProfileIds": [
      "68357f2f790d8280c4b1eef5"
    ],
    "DefaultFront": 1,
    "Formation": 1
  },
  {
    "Id": "unit_40",
    "Name": "Omen of Savar on Throne of Overwhelming Splendour",
    "Type": "Unit",
    "Attributes": {
      "height": "Large"
    },
    "BasicProfileIds": [
      "af0a6cf2-d137-49ae-b130-febc4e5760e5"
    ],
    "DefaultFront": 1,
    "Formation": 1
  },
  {
    "Id": "unit_41",
    "Name": "Sentinel of Nukuja",
    "Type": "Unit",
    "Attributes": {
      "height": "Large"
    },
    "BasicProfileIds": [
      "68357f2f790d8280c4b1ef54"
    ],
    "DefaultFront": 1,
    "Formation": 1
  },
  {
    "Id": "unit_42",
    "Name": "Sentinel of Nukuja on Strixian Spirit",
    "Type": "Unit",
    "Attributes": {
      "height": "Large"
    },
    "BasicProfileIds": [
      "88f8d128-71d9-4dfe-8dc2-174e970fb704ss"
    ],
    "DefaultFront": 1,
    "Formation": 1
  },
  {
    "Id": "unit_43",
    "Name": "Sentinel of Nukuja on Dark Pulpit",
    "Type": "Unit",
    "Attributes": {
      "height": "Large"
    },
    "BasicProfileIds": [
      "88f8d128-71d9-4dfe-8dc2-174e970fb704"
    ],
    "DefaultFront": 1,
    "Formation": 1
  },
  {
    "Id": "unit_44",
    "Name": "Vanadra's Scourge",
    "Type": "Unit",
    "Attributes": {
      "height": "Gigantic"
    },
    "BasicProfileIds": [
      "68357f2f790d8280c4b1efb2"
    ],
    "DefaultFront": 1,
    "Formation": 1
  },
  {
    "Id": "unit_45",
    "Name": "Tristitia",
    "Type": "Unit",
    "Attributes": {
      "height": "Gigantic"
    },
    "BasicProfileIds": [
      "d2a8f4b12d3c5e7a9f9b0c4d2"
    ],
    "DefaultFront": 1,
    "Formation": 1
  },
  {
    "Id": "unit_46",
    "Name": "Tergon Khan",
    "Type": "Unit",
    "Attributes": {
      "height": "Standard"
    },
    "BasicProfileIds": [
      "e2937d5b4f6a9c882ab9b1f70"
    ],
    "DefaultFront": 1,
    "Formation": 1
  },
  {
    "Id": "unit_47",
    "Name": "Tergon Khan on Hellsteed",
    "Type": "Unit",
    "Attributes": {
      "height": "Standard"
    },
    "BasicProfileIds": [
      "f39d2ac4-5b99-42e1-b0f7-7b0adf5d6d9b"
    ],
    "DefaultFront": 1,
    "Formation": 1
  },
  {
    "Id": "unit_48",
    "Name": "Tergon Khan on Great Beast of Prophecy",
    "Type": "Unit",
    "Attributes": {
      "height": "Large"
    },
    "BasicProfileIds": [
      "b39e2b7f-7a6c-49b0-b57a-3e6c79d8abf7"
    ],
    "DefaultFront": 1,
    "Formation": 1
  },
  {
    "Id": "unit_49",
    "Name": "Imps",
    "Type": "Unit",
    "Attributes": {
      "height": "Standard"
    },
    "BasicProfileIds": [
      "68357f30790d8280c4b1efe2"
    ],
    "DefaultFront": 5,
    "Formation": 1
  },
  {
    "Id": "unit_50",
    "Name": "Succubi",
    "Type": "Unit",
    "Attributes": {
      "height": "Standard"
    },
    "BasicProfileIds": [
      "68357f30790d8280c4b1f012"
    ],
    "DefaultFront": 5,
    "Formation": 1
  },
  {
    "Id": "unit_51",
    "Name": "Lemures",
    "Type": "Unit",
    "Attributes": {
      "height": "Standard"
    },
    "BasicProfileIds": [
      "68357f30790d8280c4b1f03c"
    ],
    "DefaultFront": 5,
    "Formation": 1
  },
  {
    "Id": "unit_52",
    "Name": "Myrmidons",
    "Type": "Unit",
    "Attributes": {
      "height": "Standard"
    },
    "BasicProfileIds": [
      "68357f30790d8280c4b1f066"
    ],
    "DefaultFront": 5,
    "Formation": 1
  },
  {
    "Id": "unit_53",
    "Name": "Eidolons",
    "Type": "Unit",
    "Attributes": {
      "height": "Standard"
    },
    "BasicProfileIds": [
      "68357f31790d8280c4b1f090"
    ],
    "DefaultFront": 5,
    "Formation": 1
  },
  {
    "Id": "unit_54",
    "Name": "Hellhounds",
    "Type": "Unit",
    "Attributes": {
      "height": "Standard"
    },
    "BasicProfileIds": [
      "68357f31790d8280c4b1f09d"
    ],
    "DefaultFront": 5,
    "Formation": 1
  },
  {
    "Id": "unit_55",
    "Name": "Threshing Engine",
    "Type": "Unit",
    "Attributes": {
      "height": "Large"
    },
    "BasicProfileIds": [
      "68357f31790d8280c4b1f0b7"
    ],
    "DefaultFront": 1,
    "Formation": 1
  },
  {
    "Id": "unit_56",
    "Name": "Titanslayer Chariot",
    "Type": "Unit",
    "Attributes": {
      "height": "Large"
    },
    "BasicProfileIds": [
      "68357f31790d8280c4b1f10a"
    ],
    "DefaultFront": 1,
    "Formation": 1
  },
  {
    "Id": "unit_57",
    "Name": "Mageblight Gremlins",
    "Type": "Unit",
    "Attributes": {
      "height": "Standard"
    },
    "BasicProfileIds": [
      "68357f31790d8280c4b1f11e"
    ],
    "DefaultFront": 3,
    "Formation": 1
  },
  {
    "Id": "unit_58",
    "Name": "Clawed Fiends",
    "Type": "Unit",
    "Attributes": {
      "height": "Large"
    },
    "BasicProfileIds": [
      "68357f32790d8280c4b1f12a"
    ],
    "DefaultFront": 3,
    "Formation": 1
  },
  {
    "Id": "unit_59",
    "Name": "Hoarders",
    "Type": "Unit",
    "Attributes": {
      "height": "Large"
    },
    "BasicProfileIds": [
      "68357f32790d8280c4b1f154"
    ],
    "DefaultFront": 3,
    "Formation": 1
  },
  {
    "Id": "unit_60",
    "Name": "Succubi Tempters",
    "Type": "Unit",
    "Attributes": {
      "height": "Standard"
    },
    "BasicProfileIds": [
      "68357f32790d8280c4b1f187"
    ],
    "DefaultFront": 5,
    "Formation": 1
  },
  {
    "Id": "unit_61",
    "Name": "Blazing Glory",
    "Type": "Unit",
    "Attributes": {
      "height": "Large"
    },
    "BasicProfileIds": [
      "68357f32790d8280c4b1f1b5"
    ],
    "DefaultFront": 1,
    "Formation": 1
  },
  {
    "Id": "unit_62",
    "Name": "Hope Harvester",
    "Type": "Unit",
    "Attributes": {
      "height": "Large"
    },
    "BasicProfileIds": [
      "68357f32790d8280c4b1f1bf"
    ],
    "DefaultFront": 1,
    "Formation": 1
  },
  {
    "Id": "unit_63",
    "Name": "Brazen Beasts",
    "Type": "Unit",
    "Attributes": {
      "height": "Large"
    },
    "BasicProfileIds": [
      "68357f33790d8280c4b1f1cc"
    ],
    "DefaultFront": 3,
    "Formation": 1
  },
  {
    "Id": "unit_64",
    "Name": "Furies",
    "Type": "Unit",
    "Attributes": {
      "height": "Standard"
    },
    "BasicProfileIds": [
      "68357f33790d8280c4b1f23c"
    ],
    "DefaultFront": 5,
    "Formation": 1
  },
  {
    "Id": "unit_65",
    "Name": "Veil Serpents",
    "Type": "Unit",
    "Attributes": {
      "height": "Large"
    },
    "BasicProfileIds": [
      "68357f33790d8280c4b1f247"
    ],
    "DefaultFront": 3,
    "Formation": 1
  },
  {
    "Id": "unit_66",
    "Name": "Bloat Flies",
    "Type": "Unit",
    "Attributes": {
      "height": "Large"
    },
    "BasicProfileIds": [
      "68357f33790d8280c4b1f24e"
    ],
    "DefaultFront": 3,
    "Formation": 1
  }
]