[
  {
    "OptionId": "4b33f332-ed2b-40d2-83ba-1e259d0a8eb3",
    "UnitId": "unit_568",
    "NewUnitId": "unit_569"
  },
  {
    "OptionId": "f96aaf5a-e6ce-47b9-8f27-3f048a0fb3d1",
    "UnitId": "unit_568",
    "NewUnitId": "unit_570"
  },
  {
    "OptionId": "f8d5ba57-8ab9-4942-8e81-d249f6c4e50b",
    "UnitId": "unit_568",
    "NewUnitId": "unit_571"
  },
  {
    "OptionId": "3eded3e7-4a3e-4342-839c-4e7065acace0",
    "UnitId": "unit_568",
    "NewUnitId": "unit_572"
  },
  {
    "OptionId": "8f768a73-1559-4422-b6b2-f2b1e83f5c15",
    "UnitId": "unit_568",
    "NewUnitId": "unit_573"
  },
  {
    "OptionId": "bc852f8f-cfb0-498d-854e-304b6f509237",
    "UnitId": "unit_568",
    "NewUnitId": "unit_574"
  },
  {
    "OptionId": "8396dd48-d698-4d83-ae03-d75c824c6524",
    "UnitId": "unit_568",
    "NewUnitId": "unit_575"
  },
  {
    "OptionId": "32e05c13-ae36-4219-9375-ed7527a6ad2d",
    "UnitId": "unit_576",
    "NewUnitId": "unit_577"
  },
  {
    "OptionId": "f8d5ba57-8ab9-4942-8e81-d249f6c4e50b",
    "UnitId": "unit_578",
    "NewUnitId": "unit_579"
  },
  {
    "OptionId": "3eded3e7-4a3e-4342-839c-4e7065acace0",
    "UnitId": "unit_578",
    "NewUnitId": "unit_580"
  },
  {
    "OptionId": "4b33f332-ed2b-40d2-83ba-1e259d0a8eb3",
    "UnitId": "unit_578",
    "NewUnitId": "unit_581"
  },
  {
    "OptionId": "8f768a73-1559-4422-b6b2-f2b1e83f5c15",
    "UnitId": "unit_578",
    "NewUnitId": "unit_582"
  },
  {
    "OptionId": "8efc0edc-2752-4f28-8049-39ea54b48d97",
    "UnitId": "unit_578",
    "NewUnitId": "unit_583"
  },
  {
    "OptionId": "32e05c13-ae36-4219-9375-ed7527a6ad2d",
    "UnitId": "unit_578",
    "NewUnitId": "unit_584"
  },
  {
    "OptionId": "8396dd48-d698-4d83-ae03-d75c824c6524",
    "UnitId": "unit_578",
    "NewUnitId": "unit_585"
  },
  {
    "OptionId": "f8d5ba57-8ab9-4942-8e81-d249f6c4e50b",
    "UnitId": "unit_586",
    "NewUnitId": "unit_587"
  },
  {
    "OptionId": "3eded3e7-4a3e-4342-839c-4e7065acace0",
    "UnitId": "unit_586",
    "NewUnitId": "unit_588"
  },
  {
    "OptionId": "169ee410-ea74-417e-8a26-87314d7da193",
    "UnitId": "unit_586",
    "NewUnitId": "unit_589"
  },
  {
    "OptionId": "8f768a73-1559-4422-b6b2-f2b1e83f5c15",
    "UnitId": "unit_586",
    "NewUnitId": "unit_590"
  },
  {
    "OptionId": "bc852f8f-cfb0-498d-854e-304b6f509237",
    "UnitId": "unit_586",
    "NewUnitId": "unit_591"
  },
  {
    "OptionId": "32e05c13-ae36-4219-9375-ed7527a6ad2d",
    "UnitId": "unit_586",
    "NewUnitId": "unit_592"
  },
  {
    "OptionId": "e3f0c1b2-6d12-47a8-8a89-3d2f7c4e9f2a",
    "UnitId": "unit_593"
  },
  {
    "OptionId": "a7b9d8f1-3c24-42a1-9e90-8f1b2d7c6e8b",
    "UnitId": "unit_594"
  },
  {
    "OptionId": "3a074005-878f-422e-a475-42dd13ce86ce",
    "UnitId": "unit_595"
  },
  {
    "OptionId": "c9519cd5-2b08-4a2e-9017-51463bfb9821",
    "UnitId": "unit_595"
  },
  {
    "OptionId": "3a074005-878f-422e-a475-42dd13ce86ce",
    "UnitId": "unit_597"
  },
  {
    "OptionId": "c9519cd5-2b08-4a2e-9017-51463bfb9821",
    "UnitId": "unit_597"
  },
  {
    "OptionId": "3a074005-878f-422e-a475-42dd13ce86ce",
    "UnitId": "unit_598"
  },
  {
    "OptionId": "c9519cd5-2b08-4a2e-9017-51463bfb9821",
    "UnitId": "unit_598"
  },
  {
    "OptionId": "3a074005-878f-422e-a475-42dd13ce86ce",
    "UnitId": "unit_599"
  },
  {
    "OptionId": "c9519cd5-2b08-4a2e-9017-51463bfb9821",
    "UnitId": "unit_599"
  },
  {
    "OptionId": "3a074005-878f-422e-a475-42dd13ce86ce",
    "UnitId": "unit_601"
  },
  {
    "OptionId": "c9519cd5-2b08-4a2e-9017-51463bfb9821",
    "UnitId": "unit_601"
  },
  {
    "OptionId": "3a074005-878f-422e-a475-42dd13ce86ce",
    "UnitId": "unit_602"
  },
  {
    "OptionId": "c9519cd5-2b08-4a2e-9017-51463bfb9821",
    "UnitId": "unit_602"
  },
  {
    "OptionId": "3a074005-878f-422e-a475-42dd13ce86ce",
    "UnitId": "unit_604"
  },
  {
    "OptionId": "c9519cd5-2b08-4a2e-9017-51463bfb9821",
    "UnitId": "unit_604"
  },
  {
    "OptionId": "189d97d0-5bae-4c61-a112-b3e51ff04318",
    "UnitId": "unit_606"
  },
  {
    "OptionId": "3a074005-878f-422e-a475-42dd13ce86ce",
    "UnitId": "unit_607"
  },
  {
    "OptionId": "3a074005-878f-422e-a475-42dd13ce86ce",
    "UnitId": "unit_610"
  },
  {
    "OptionId": "c9519cd5-2b08-4a2e-9017-51463bfb9821",
    "UnitId": "unit_610"
  },
  {
    "OptionId": "7a3edb9d-e1d1-472e-a3da-c050f36537e6",
    "UnitId": "unit_586"
  },
  {
    "OptionId": "cffeb3e1-6211-42fb-a5a4-47e509c61221",
    "UnitId": "unit_586"
  },
  {
    "OptionId": "656ba8fb-8d84-4ac0-a847-e11af02d92b1",
    "UnitId": "unit_586"
  },
  {
    "OptionId": "33baffbf-4728-4144-beba-f8c8dc093d73",
    "UnitId": "unit_586"
  },
  {
    "OptionId": "b4241335-9b4a-4be0-be3b-2dc01b85c72f",
    "UnitId": "unit_586"
  },
  {
    "OptionId": "29998dd2-41cc-45d7-879b-fa3562f30c00",
    "UnitId": "unit_598"
  },
  {
    "OptionId": "7a3edb9d-e1d1-472e-a3da-c050f36537e6",
    "UnitId": "unit_598"
  },
  {
    "OptionId": "cffeb3e1-6211-42fb-a5a4-47e509c61221",
    "UnitId": "unit_598"
  },
  {
    "OptionId": "656ba8fb-8d84-4ac0-a847-e11af02d92b1",
    "UnitId": "unit_598"
  },
  {
    "OptionId": "33baffbf-4728-4144-beba-f8c8dc093d73",
    "UnitId": "unit_598"
  },
  {
    "OptionId": "29998dd2-41cc-45d7-879b-fa3562f30c00",
    "UnitId": "unit_597"
  },
  {
    "OptionId": "7a3edb9d-e1d1-472e-a3da-c050f36537e6",
    "UnitId": "unit_597"
  },
  {
    "OptionId": "656ba8fb-8d84-4ac0-a847-e11af02d92b1",
    "UnitId": "unit_597"
  },
  {
    "OptionId": "33baffbf-4728-4144-beba-f8c8dc093d73",
    "UnitId": "unit_597"
  },
  {
    "OptionId": "f2ad216f-2dcd-427a-843d-f94a47948637",
    "UnitId": "unit_597"
  },
  {
    "OptionId": "75e67a13-d83d-4811-b648-9e12bc088ae0",
    "UnitId": "unit_609"
  },
  {
    "OptionId": "29998dd2-41cc-45d7-879b-fa3562f30c00",
    "UnitId": "unit_601"
  },
  {
    "OptionId": "7a3edb9d-e1d1-472e-a3da-c050f36537e6",
    "UnitId": "unit_601"
  },
  {
    "OptionId": "a974648b-3a89-4c94-8f5c-ad3db30084ce",
    "UnitId": "unit_601"
  },
  {
    "OptionId": "656ba8fb-8d84-4ac0-a847-e11af02d92b1",
    "UnitId": "unit_601"
  },
  {
    "OptionId": "29998dd2-41cc-45d7-879b-fa3562f30c00",
    "UnitId": "unit_602"
  },
  {
    "OptionId": "7a3edb9d-e1d1-472e-a3da-c050f36537e6",
    "UnitId": "unit_568"
  },
  {
    "OptionId": "a974648b-3a89-4c94-8f5c-ad3db30084ce",
    "UnitId": "unit_568"
  },
  {
    "OptionId": "497126bb-8c98-4d2c-9bca-969a356bf329",
    "UnitId": "unit_568"
  },
  {
    "OptionId": "656ba8fb-8d84-4ac0-a847-e11af02d92b1",
    "UnitId": "unit_568"
  },
  {
    "OptionId": "33baffbf-4728-4144-beba-f8c8dc093d73",
    "UnitId": "unit_568"
  },
  {
    "OptionId": "28ad6862-516b-4406-9ff3-fdb92e688960",
    "UnitId": "unit_568"
  },
  {
    "OptionId": "7a3edb9d-e1d1-472e-a3da-c050f36537e6",
    "UnitId": "unit_576"
  },
  {
    "OptionId": "a974648b-3a89-4c94-8f5c-ad3db30084ce",
    "UnitId": "unit_576"
  },
  {
    "OptionId": "656ba8fb-8d84-4ac0-a847-e11af02d92b1",
    "UnitId": "unit_576"
  },
  {
    "OptionId": "33baffbf-4728-4144-beba-f8c8dc093d73",
    "UnitId": "unit_576"
  },
  {
    "OptionId": "28ad6862-516b-4406-9ff3-fdb92e688960",
    "UnitId": "unit_576"
  },
  {
    "OptionId": "7a3edb9d-e1d1-472e-a3da-c050f36537e6",
    "UnitId": "unit_567"
  },
  {
    "OptionId": "a974648b-3a89-4c94-8f5c-ad3db30084ce",
    "UnitId": "unit_567"
  },
  {
    "OptionId": "656ba8fb-8d84-4ac0-a847-e11af02d92b1",
    "UnitId": "unit_567"
  },
  {
    "OptionId": "7a3edb9d-e1d1-472e-a3da-c050f36537e6",
    "UnitId": "unit_611"
  },
  {
    "OptionId": "a974648b-3a89-4c94-8f5c-ad3db30084ce",
    "UnitId": "unit_611"
  },
  {
    "OptionId": "656ba8fb-8d84-4ac0-a847-e11af02d92b1",
    "UnitId": "unit_611"
  },
  {
    "OptionId": "29998dd2-41cc-45d7-879b-fa3562f30c00",
    "UnitId": "unit_610"
  },
  {
    "OptionId": "7a3edb9d-e1d1-472e-a3da-c050f36537e6",
    "UnitId": "unit_610"
  },
  {
    "OptionId": "a974648b-3a89-4c94-8f5c-ad3db30084ce",
    "UnitId": "unit_610"
  },
  {
    "OptionId": "656ba8fb-8d84-4ac0-a847-e11af02d92b1",
    "UnitId": "unit_610"
  },
  {
    "OptionId": "7d35d717-fa8d-4ed4-bccb-43d53df3f391",
    "UnitId": "unit_607"
  },
  {
    "OptionId": "29998dd2-41cc-45d7-879b-fa3562f30c00",
    "UnitId": "unit_607"
  },
  {
    "OptionId": "cffeb3e1-6211-42fb-a5a4-47e509c61221",
    "UnitId": "unit_607"
  },
  {
    "OptionId": "33baffbf-4728-4144-beba-f8c8dc093d73",
    "UnitId": "unit_607"
  },
  {
    "OptionId": "234738cf-38c1-4c2e-92de-97ae63064017",
    "UnitId": "unit_607"
  },
  {
    "OptionId": "a742dcf0-5af4-4045-a212-2d7f0c5be45c",
    "UnitId": "unit_607"
  },
  {
    "OptionId": "29998dd2-41cc-45d7-879b-fa3562f30c00",
    "UnitId": "unit_604"
  },
  {
    "OptionId": "7a3edb9d-e1d1-472e-a3da-c050f36537e6",
    "UnitId": "unit_604"
  },
  {
    "OptionId": "a974648b-3a89-4c94-8f5c-ad3db30084ce",
    "UnitId": "unit_604"
  },
  {
    "OptionId": "656ba8fb-8d84-4ac0-a847-e11af02d92b1",
    "UnitId": "unit_604"
  },
  {
    "OptionId": "28ad6862-516b-4406-9ff3-fdb92e688960",
    "UnitId": "unit_604"
  },
  {
    "OptionId": "e7c0fb43-e34c-45ac-8a04-03a38e6afe2e",
    "UnitId": "unit_612"
  },
  {
    "OptionId": "ef245fd2-7c14-44af-8c6a-aaf0abfe19d4",
    "UnitId": "unit_612"
  },
  {
    "OptionId": "29998dd2-41cc-45d7-879b-fa3562f30c00",
    "UnitId": "unit_599"
  },
  {
    "OptionId": "7a3edb9d-e1d1-472e-a3da-c050f36537e6",
    "UnitId": "unit_599"
  },
  {
    "OptionId": "497126bb-8c98-4d2c-9bca-969a356bf329",
    "UnitId": "unit_599"
  },
  {
    "OptionId": "29998dd2-41cc-45d7-879b-fa3562f30c00",
    "UnitId": "unit_595"
  },
  {
    "OptionId": "7a3edb9d-e1d1-472e-a3da-c050f36537e6",
    "UnitId": "unit_595"
  },
  {
    "OptionId": "a974648b-3a89-4c94-8f5c-ad3db30084ce",
    "UnitId": "unit_595"
  },
  {
    "OptionId": "656ba8fb-8d84-4ac0-a847-e11af02d92b1",
    "UnitId": "unit_595"
  }
]