[
  {
    "Id": "4b33f332-ed2b-40d2-83ba-1e259d0a8eb3",
    "Name": "Scythed Skywheel",
    "Type": "UnitGlobalChange"
  },
  {
    "Id": "f96aaf5a-e6ce-47b9-8f27-3f048a0fb3d1",
    "Name": "Karkadan",
    "Type": "UnitGlobalChange"
  },
  {
    "Id": "f8d5ba57-8ab9-4942-8e81-d249f6c4e50b",
    "Name": "War Dais",
    "Type": "UnitGlobalChange"
  },
  {
    "Id": "3eded3e7-4a3e-4342-839c-4e7065acace0",
    "Name": "Black Steed",
    "Type": "UnitGlobalChange"
  },
  {
    "Id": "8f768a73-1559-4422-b6b2-f2b1e83f5c15",
    "Name": "Dark Chariot",
    "Type": "UnitGlobalChange"
  },
  {
    "Id": "bc852f8f-cfb0-498d-854e-304b6f509237",
    "Name": "Chimera",
    "Type": "UnitGlobalChange"
  },
  {
    "Id": "8396dd48-d698-4d83-ae03-d75c824c6524",
    "Name": "Wasteland Dragon",
    "Type": "UnitGlobalChange"
  },
  {
    "Id": "32e05c13-ae36-4219-9375-ed7527a6ad2d",
    "Name": "Wasteland Behemoth",
    "Type": "UnitGlobalChange"
  },
  {
    "Id": "8efc0edc-2752-4f28-8049-39ea54b48d97",
    "Name": "Battleshrine",
    "Type": "UnitGlobalChange"
  },
  {
    "Id": "169ee410-ea74-417e-8a26-87314d7da193",
    "Name": "Shadow Chaser",
    "Type": "UnitGlobalChange"
  },
  {
    "Id": "e3f0c1b2-6d12-47a8-8a89-3d2f7c4e9f2a",
    "Name": "Klaas, the Giving",
    "Type": "UnitGlobalChange"
  },
  {
    "Id": "a7b9d8f1-3c24-42a1-9e90-8f1b2d7c6e8b",
    "Name": "Ook, the Ape King",
    "Type": "UnitGlobalChange"
  },
  {
    "Id": "ef245fd2-7c14-44af-8c6a-aaf0abfe19d4",
    "Name": "Monstrous Familiar",
    "Type": "UnitSwapDisplayable",
    "DisplayableDataIdToAdd": {
      "rule_1266": ""
    }
  },
  {
    "Id": "234738cf-38c1-4c2e-92de-97ae63064017",
    "Name": "Skinning Lash",
    "Type": "UnitSwapDisplayable",
    "DisplayableDataIdToAdd": {
      "rule_1262": ""
    }
  },
  {
    "Id": "28ad6862-516b-4406-9ff3-fdb92e688960",
    "Name": "Spiked Shield",
    "Type": "UnitSwapDisplayable",
    "DisplayableDataIdToAdd": {
      "rule_1200": ""
    }
  },
  {
    "Id": "75e67a13-d83d-4811-b648-9e12bc088ae0",
    "Name": "Wings",
    "Type": "UnitSwapDisplayable",
    "DisplayableDataIdToAdd": {
      "rule_1263": ""
    }
  }
]