[
  {
    "Id": "68357f9b790d8280c4b2756b",
    "Name": "Exalted Herald",
    "Type": "Profile",
    "BaseId": "6",
    "DisplayableDataIds": {
      "statline_1600": "",
      "statline_1601": "",
      "statline_1602": ""
    }
  },
  {
    "Id": "68357f9b790d8280c4b27576",
    "Name": "Feldrak Ancestor",
    "Type": "Profile",
    "BaseId": "17",
    "DisplayableDataIds": {
      "statline_1603": "",
      "statline_1604": "",
      "statline_1605": ""
    }
  },
  {
    "Id": "68357f9b790d8280c4b275a3",
    "Name": "Chosen Lord",
    "Type": "Profile",
    "BaseId": "1",
    "DisplayableDataIds": {
      "statline_1606": "",
      "statline_1607": "",
      "statline_1608": ""
    }
  },
  {
    "Id": "8719365c-eeb9-4733-b667-6e67a16c545b",
    "Name": "Scythed Skywheel",
    "Type": "Profile",
    "BaseId": "6",
    "DisplayableDataIds": {
      "statline_1609": "",
      "statline_1610": "",
      "statline_1611": ""
    }
  },
  {
    "Id": "19f95c10-422c-40c6-ac8a-ce718f6be669",
    "Name": "Karkadan",
    "Type": "Profile",
    "BaseId": "7",
    "DisplayableDataIds": {
      "statline_1612": "",
      "statline_1613": "",
      "statline_1614": ""
    }
  },
  {
    "Id": "4395268f-eea8-4e3b-898f-cb91c3cca865",
    "Name": "War Dais",
    "Type": "Profile",
    "BaseId": "6",
    "DisplayableDataIds": {
      "statline_1615": "",
      "statline_1616": "",
      "statline_1617": ""
    }
  },
  {
    "Id": "b4477cd4-f7a9-432a-95a1-7406cdad974f",
    "Name": "Black Steed",
    "Type": "Profile",
    "BaseId": "4",
    "DisplayableDataIds": {
      "statline_1618": "",
      "statline_1619": "",
      "statline_1620": ""
    }
  },
  {
    "Id": "03e04ef9-9c26-485e-951c-3644faf403c1",
    "Name": "Black Steed (2)",
    "Type": "Profile",
    "BaseId": "2",
    "DisplayableDataIds": {
      "statline_1621": "",
      "statline_1622": "",
      "statline_1623": "",
      "statline_7": ""
    }
  },
  {
    "Id": "3f9699b9-7b53-4f6d-b5fa-5d04616e732f",
    "Name": "Chimera",
    "Type": "Profile",
    "BaseId": "2",
    "DisplayableDataIds": {
      "statline_1624": "",
      "statline_1625": "",
      "statline_1626": ""
    }
  },
  {
    "Id": "6792e08f-ca79-4d8e-8124-5a34e4fb7669",
    "Name": "Wasteland Dragon",
    "Type": "Profile",
    "BaseId": "2",
    "DisplayableDataIds": {
      "statline_1627": "",
      "statline_1628": "",
      "statline_1629": ""
    }
  },
  {
    "Id": "68357f9c790d8280c4b27963",
    "Name": "Doomlord",
    "Type": "Profile",
    "BaseId": "3",
    "DisplayableDataIds": {
      "statline_1630": "",
      "statline_1631": "",
      "statline_1632": ""
    }
  },
  {
    "Id": "f497b140-322e-4c04-8c74-ea7809c73174",
    "Name": "Wasteland Behemoth",
    "Type": "Profile",
    "BaseId": "14",
    "DisplayableDataIds": {
      "statline_1633": "",
      "statline_1634": "",
      "statline_1635": ""
    }
  },
  {
    "Id": "68357f9c790d8280c4b27a1f",
    "Name": "Sorcerer",
    "Type": "Profile",
    "BaseId": "1",
    "DisplayableDataIds": {
      "statline_1636": "",
      "statline_1637": "",
      "statline_1638": ""
    }
  },
  {
    "Id": "b955b1e8-2ac7-4ed2-a082-4fce34a6dab1",
    "Name": "War Dais",
    "Type": "Profile",
    "BaseId": "6",
    "DisplayableDataIds": {
      "statline_1639": "",
      "statline_1640": "",
      "statline_1617": ""
    }
  },
  {
    "Id": "a4a9573f-b7b4-43b3-a36f-935fac59bb76",
    "Name": "Black Steed",
    "Type": "Profile",
    "BaseId": "4",
    "DisplayableDataIds": {
      "statline_1641": "",
      "statline_1642": "",
      "statline_1620": ""
    }
  },
  {
    "Id": "8551a633-d7b3-46b6-919e-8ca633e413b8",
    "Name": "Scythed Skywheel",
    "Type": "Profile",
    "BaseId": "6",
    "DisplayableDataIds": {
      "statline_1643": "",
      "statline_1644": "",
      "statline_1611": ""
    }
  },
  {
    "Id": "ce4015d3-b7c2-454a-ab96-950633aabbe7",
    "Name": "Black Steed (2)",
    "Type": "Profile",
    "BaseId": "2",
    "DisplayableDataIds": {
      "statline_1645": "",
      "statline_1646": "",
      "statline_1623": "",
      "statline_7": ""
    }
  },
  {
    "Id": "ae7701de-e2e3-4306-a3fc-c71f82beecd6",
    "Name": "Wretched One (2)",
    "Type": "Profile",
    "BaseId": "2",
    "DisplayableDataIds": {
      "statline_1647": "",
      "statline_1648": "",
      "statline_1649": ""
    }
  },
  {
    "Id": "dffc0dd9-e17b-440c-928e-ef785c1908ed",
    "Name": "Wasteland Behemoth",
    "Type": "Profile",
    "BaseId": "14",
    "DisplayableDataIds": {
      "statline_1650": "",
      "statline_1651": "",
      "statline_1635": ""
    }
  },
  {
    "Id": "26a4c668-caab-4288-8f1f-67bf1d393b73",
    "Name": "Wasteland Dragon",
    "Type": "Profile",
    "BaseId": "2",
    "DisplayableDataIds": {
      "statline_1652": "",
      "statline_1653": "",
      "statline_1629": ""
    }
  },
  {
    "Id": "68357f9d790d8280c4b27ce2",
    "Name": "Barbarian Chief",
    "Type": "Profile",
    "BaseId": "1",
    "DisplayableDataIds": {
      "statline_1654": "",
      "statline_1655": "",
      "statline_1656": ""
    }
  },
  {
    "Id": "37120b9a-6b91-4295-96a8-98932c26d597",
    "Name": "War Dais",
    "Type": "Profile",
    "BaseId": "6",
    "DisplayableDataIds": {
      "statline_1657": "",
      "statline_1658": "",
      "statline_1617": ""
    }
  },
  {
    "Id": "caa04526-7a9d-4dae-9355-148419bf09e3",
    "Name": "Black Steed",
    "Type": "Profile",
    "BaseId": "4",
    "DisplayableDataIds": {
      "statline_1659": "",
      "statline_1660": "",
      "statline_1620": ""
    }
  },
  {
    "Id": "ce2faf6b-08e1-4670-994f-221cbfdac320",
    "Name": "Shadow Chaser",
    "Type": "Profile",
    "BaseId": "4",
    "DisplayableDataIds": {
      "statline_1661": "",
      "statline_1662": "",
      "statline_1663": ""
    }
  },
  {
    "Id": "a76a4ab8-c45a-47cd-94a4-f317db3a1420",
    "Name": "Black Steed (2)",
    "Type": "Profile",
    "BaseId": "2",
    "DisplayableDataIds": {
      "statline_1664": "",
      "statline_1665": "",
      "statline_1623": "",
      "statline_7": ""
    }
  },
  {
    "Id": "8f7ce7ed-d90b-4f1e-8670-0b1fca4c503e",
    "Name": "Chimera",
    "Type": "Profile",
    "BaseId": "2",
    "DisplayableDataIds": {
      "statline_1666": "",
      "statline_1667": "",
      "statline_1626": ""
    }
  },
  {
    "Id": "abc37822-b43c-43f1-9058-c997eee9a356",
    "Name": "Wasteland Behemoth",
    "Type": "Profile",
    "BaseId": "14",
    "DisplayableDataIds": {
      "statline_1668": "",
      "statline_1651": "",
      "statline_1635": ""
    }
  },
  {
    "Id": "b2d8a6f1c9e7a4f3b5c2d7e9",
    "Name": "Klaas, the Giving",
    "Type": "Profile",
    "BaseId": "2",
    "DisplayableDataIds": {
      "statline_1669": "",
      "statline_1670": "",
      "statline_1671": "",
      "statline_1672": "",
      "statline_1673": ""
    }
  },
  {
    "Id": "f5b2d7a4e9f0c6a1d3b8f2a7d",
    "Name": "Ook, the Ape King",
    "Type": "Profile",
    "BaseId": "2",
    "DisplayableDataIds": {
      "statline_1674": "",
      "statline_1675": "",
      "statline_1676": ""
    }
  },
  {
    "Id": "68357f9e790d8280c4b27fe9",
    "Name": "Warriors",
    "Type": "Profile",
    "BaseId": "1",
    "DisplayableDataIds": {
      "statline_1677": "",
      "statline_1678": "",
      "statline_1679": ""
    }
  },
  {
    "Id": "68357f9e790d8280c4b28040",
    "Name": "Fallen",
    "Type": "Profile",
    "BaseId": "1",
    "DisplayableDataIds": {
      "statline_1680": "",
      "statline_1681": "",
      "statline_1682": ""
    }
  },
  {
    "Id": "68357f9e790d8280c4b28045",
    "Name": "Barbarians",
    "Type": "Profile",
    "BaseId": "1",
    "DisplayableDataIds": {
      "statline_1683": "",
      "statline_1684": "",
      "statline_1685": ""
    }
  },
  {
    "Id": "68357f9f790d8280c4b2808a",
    "Name": "Barbarian Horsemen",
    "Type": "Profile",
    "BaseId": "4",
    "DisplayableDataIds": {
      "statline_1686": "",
      "statline_1687": "",
      "statline_1688": "",
      "statline_1620": ""
    }
  },
  {
    "Id": "68357f9f790d8280c4b280c6",
    "Name": "Warrior Knights",
    "Type": "Profile",
    "BaseId": "4",
    "DisplayableDataIds": {
      "statline_1689": "",
      "statline_1690": "",
      "statline_1691": "",
      "statline_1620": ""
    }
  },
  {
    "Id": "68357f9f790d8280c4b28118",
    "Name": "Warrior Chariot",
    "Type": "Profile",
    "BaseId": "2",
    "DisplayableDataIds": {
      "statline_1692": "",
      "statline_1693": "",
      "statline_1694": "",
      "statline_1623": "",
      "statline_7": ""
    }
  },
  {
    "Id": "68357f9f790d8280c4b28123",
    "Name": "Chosen",
    "Type": "Profile",
    "BaseId": "1",
    "DisplayableDataIds": {
      "statline_1695": "",
      "statline_1696": "",
      "statline_1697": ""
    }
  },
  {
    "Id": "68357fa0790d8280c4b2817a",
    "Name": "Chosen Knights",
    "Type": "Profile",
    "BaseId": "7",
    "DisplayableDataIds": {
      "statline_1698": "",
      "statline_1699": "",
      "statline_1700": "",
      "statline_1614": ""
    }
  },
  {
    "Id": "68357fa0790d8280c4b281c0",
    "Name": "Chosen Chariot",
    "Type": "Profile",
    "BaseId": "2",
    "DisplayableDataIds": {
      "statline_1701": "",
      "statline_1702": "",
      "statline_1703": "",
      "statline_1704": "",
      "statline_7": ""
    }
  },
  {
    "Id": "68357fa0790d8280c4b281cb",
    "Name": "Forsworn",
    "Type": "Profile",
    "BaseId": "3",
    "DisplayableDataIds": {
      "statline_1705": "",
      "statline_1706": "",
      "statline_1707": ""
    }
  },
  {
    "Id": "68357fa0790d8280c4b28210",
    "Name": "Wretched Ones",
    "Type": "Profile",
    "BaseId": "3",
    "DisplayableDataIds": {
      "statline_1708": "",
      "statline_1709": "",
      "statline_1710": ""
    }
  },
  {
    "Id": "68357fa0790d8280c4b28213",
    "Name": "Battleshrine",
    "Type": "Profile",
    "BaseId": "2",
    "DisplayableDataIds": {
      "statline_1711": "",
      "statline_1712": "",
      "statline_1713": "",
      "statline_1649": ""
    }
  },
  {
    "Id": "68357fa1790d8280c4b28219",
    "Name": "Flayers",
    "Type": "Profile",
    "BaseId": "4",
    "DisplayableDataIds": {
      "statline_1714": "",
      "statline_1715": "",
      "statline_1716": "",
      "statline_1663": ""
    }
  },
  {
    "Id": "68357fa1790d8280c4b28233",
    "Name": "Warhounds",
    "Type": "Profile",
    "BaseId": "4",
    "DisplayableDataIds": {
      "statline_1717": "",
      "statline_1718": "",
      "statline_1719": ""
    }
  },
  {
    "Id": "68357fa1790d8280c4b28236",
    "Name": "Chimera",
    "Type": "Profile",
    "BaseId": "2",
    "DisplayableDataIds": {
      "statline_1720": "",
      "statline_1721": "",
      "statline_1626": ""
    }
  },
  {
    "Id": "68357fa1790d8280c4b2823a",
    "Name": "Feldraks",
    "Type": "Profile",
    "BaseId": "7",
    "DisplayableDataIds": {
      "statline_1722": "",
      "statline_1723": "",
      "statline_1724": ""
    }
  },
  {
    "Id": "68357fa2790d8280c4b28274",
    "Name": "Feldrak Elder",
    "Type": "Profile",
    "BaseId": "2",
    "DisplayableDataIds": {
      "statline_1725": "",
      "statline_1726": "",
      "statline_1727": ""
    }
  },
  {
    "Id": "68357fa2790d8280c4b28279",
    "Name": "Marauding Giant",
    "Type": "Profile",
    "BaseId": "7",
    "DisplayableDataIds": {
      "statline_1728": "",
      "statline_1729": "",
      "statline_1730": ""
    }
  },
  {
    "Id": "68357fa2790d8280c4b28288",
    "Name": "Forsaken One",
    "Type": "Profile",
    "BaseId": "2",
    "DisplayableDataIds": {
      "statline_1731": "",
      "statline_1732": "",
      "statline_1733": ""
    }
  },
  {
    "Id": "68357fa2790d8280c4b28289",
    "Name": "Hellmaw",
    "Type": "Profile",
    "BaseId": "14",
    "DisplayableDataIds": {
      "statline_1734": "",
      "statline_1735": "",
      "statline_1736": ""
    }
  }
]