[
  {
    "Id": "statline_1600",
    "Name": "Exalted Herald",
    "Type": "Statline",
    "Attributes": {
      "Ad": "7",
      "Ma": "7",
      "Di": "9",
      "Hgt": "4"
    },
    "DisplayableDataIds": {
      "rule_1204": "",
      "rule_21": "",
      "rule_132": "",
      "rule_20": "",
      "rule_539": "",
      "rule_4": "",
      "rule_11": ""
    }
  },
  {
    "Id": "statline_1601",
    "Name": "Exalted Herald",
    "Type": "Statline",
    "Attributes": {
      "HP": "5",
      "Df": "8",
      "Re": "5",
      "Arm": "3"
    },
    "DisplayableDataIds": {
      "rule_51": "(4+)"
    }
  },
  {
    "Id": "statline_1602",
    "Name": "Exalted Herald",
    "Type": "Statline",
    "Attributes": {
      "At": "6",
      "Of": "9",
      "St": "5",
      "AP": "2",
      "Ag": "8"
    },
    "DisplayableDataIds": {
      "rule_46": "(1)",
      "rule_134": ""
    }
  },
  {
    "Id": "statline_1603",
    "Name": "Feldrak Ancestor",
    "Type": "Statline",
    "Attributes": {
      "Ad": "8",
      "Ma": "8",
      "Di": "9",
      "Hgt": "5"
    },
    "DisplayableDataIds": {
      "rule_1204": "",
      "rule_540": "",
      "rule_5": "",
      "rule_45": "",
      "rule_11": ""
    }
  },
  {
    "Id": "statline_1604",
    "Name": "Feldrak Ancestor",
    "Type": "Statline",
    "Attributes": {
      "HP": "8",
      "Df": "6",
      "Re": "6",
      "Arm": "4"
    },
    "DisplayableDataIds": {
      "rule_142": "(Flaming Attacks)"
    }
  },
  {
    "Id": "statline_1605",
    "Name": "Feldrak Ancestor",
    "Type": "Statline",
    "Attributes": {
      "At": "6",
      "Of": "6",
      "St": "7",
      "AP": "4",
      "Ag": "3"
    },
    "DisplayableDataIds": {
      "rule_111": "( against Fly)",
      "rule_56": "(Str 4, AP 1, Flaming Attacks)",
      "rule_541": "",
      "rule_46": "(D6)"
    }
  },
  {
    "Id": "statline_1606",
    "Name": "Chosen Lord",
    "Type": "Statline",
    "Attributes": {
      "Ad": "5",
      "Ma": "5",
      "Di": "9",
      "Hgt": "1"
    },
    "DisplayableDataIds": {
      "rule_1204": "",
      "rule_21": "",
      "rule_6": "(Path of the Favoured, Human)",
      "rule_4": "",
      "rule_542": ""
    }
  },
  {
    "Id": "statline_1607",
    "Name": "Chosen Lord",
    "Type": "Statline",
    "Attributes": {
      "HP": "3",
      "Df": "7",
      "Re": "5",
      "Arm": "3"
    },
    "DisplayableDataIds": {
      "rule_543": "",
      "rule_27": ""
    }
  },
  {
    "Id": "statline_1608",
    "Name": "Chosen Lord",
    "Type": "Statline",
    "Attributes": {
      "At": "5",
      "Of": "8",
      "St": "5",
      "AP": "2",
      "Ag": "7"
    }
  },
  {
    "Id": "statline_1609",
    "Name": "Scythed Skywheel",
    "Type": "Statline",
    "Attributes": {
      "Ad": "6",
      "Ma": "9",
      "Di": "9",
      "Hgt": "2"
    },
    "DisplayableDataIds": {
      "rule_1204": "",
      "rule_21": "",
      "rule_6": "(Path of the Favoured, Human)",
      "rule_44": "",
      "rule_4": "",
      "rule_5": "",
      "rule_11": "",
      "rule_542": ""
    }
  },
  {
    "Id": "statline_1610",
    "Name": "Scythed Skywheel",
    "Type": "Statline",
    "Attributes": {
      "HP": "3",
      "Df": "7",
      "Re": "5",
      "Arm": "4"
    },
    "DisplayableDataIds": {
      "rule_543": "",
      "rule_27": "",
      "rule_29": "(1)",
      "rule_50": "(1)"
    }
  },
  {
    "Id": "statline_1611",
    "Name": "Scythed Skywheel",
    "Type": "Statline",
    "Attributes": {
      "At": null,
      "Of": null,
      "St": "4",
      "AP": "0",
      "Ag": "3"
    },
    "DisplayableDataIds": {
      "rule_149": "(2D3+1)",
      "rule_191": "(2D3+1)"
    }
  },
  {
    "Id": "statline_1612",
    "Name": "Karkadan",
    "Type": "Statline",
    "Attributes": {
      "Ad": "7",
      "Ma": "7",
      "Di": "9",
      "Hgt": "4"
    },
    "DisplayableDataIds": {
      "rule_1204": "",
      "rule_21": "",
      "rule_6": "(Path of the Favoured, Human)",
      "rule_5": "",
      "rule_4": "",
      "rule_542": ""
    }
  },
  {
    "Id": "statline_1613",
    "Name": "Karkadan",
    "Type": "Statline",
    "Attributes": {
      "HP": "3",
      "Df": "7",
      "Re": "5",
      "Arm": "6"
    },
    "DisplayableDataIds": {
      "rule_543": "",
      "rule_27": ""
    }
  },
  {
    "Id": "statline_1614",
    "Name": "Karkadan",
    "Type": "Statline",
    "Attributes": {
      "At": "2",
      "Of": "3",
      "St": "5",
      "AP": "2",
      "Ag": "2"
    },
    "DisplayableDataIds": {
      "rule_10": "(1)",
      "rule_46": "(1)"
    }
  },
  {
    "Id": "statline_1615",
    "Name": "War Dais",
    "Type": "Statline",
    "Attributes": {
      "Ad": "5",
      "Ma": "5",
      "Di": "9",
      "Hgt": "1"
    },
    "DisplayableDataIds": {
      "rule_1204": "",
      "rule_21": "",
      "rule_6": "(Path of the Favoured, Human)",
      "rule_4": "",
      "rule_542": ""
    }
  },
  {
    "Id": "statline_1616",
    "Name": "War Dais",
    "Type": "Statline",
    "Attributes": {
      "HP": "4",
      "Df": "7",
      "Re": "5",
      "Arm": "6"
    },
    "DisplayableDataIds": {
      "rule_543": "",
      "rule_27": ""
    }
  },
  {
    "Id": "statline_1617",
    "Name": "War Dais",
    "Type": "Statline",
    "Attributes": {
      "At": "4",
      "Of": "5",
      "St": "4",
      "AP": "1",
      "Ag": "4"
    }
  },
  {
    "Id": "statline_1618",
    "Name": "Black Steed",
    "Type": "Statline",
    "Attributes": {
      "Ad": "8",
      "Ma": "8",
      "Di": "9",
      "Hgt": "2"
    },
    "DisplayableDataIds": {
      "rule_1204": "",
      "rule_21": "",
      "rule_6": "(Path of the Favoured, Human)",
      "rule_5": "",
      "rule_4": "",
      "rule_542": ""
    }
  },
  {
    "Id": "statline_1619",
    "Name": "Black Steed",
    "Type": "Statline",
    "Attributes": {
      "HP": "3",
      "Df": "7",
      "Re": "5",
      "Arm": "6"
    },
    "DisplayableDataIds": {
      "rule_543": "",
      "rule_27": ""
    }
  },
  {
    "Id": "statline_1620",
    "Name": "Black Steed",
    "Type": "Statline",
    "Attributes": {
      "At": "1",
      "Of": "3",
      "St": "3",
      "AP": "0",
      "Ag": "3"
    }
  },
  {
    "Id": "statline_1621",
    "Name": "Black Steed (2)",
    "Type": "Statline",
    "Attributes": {
      "Ad": "8",
      "Ma": "4",
      "Di": "9",
      "Hgt": "4"
    },
    "DisplayableDataIds": {
      "rule_1204": "",
      "rule_21": "",
      "rule_6": "(Path of the Favoured, Human)",
      "rule_5": "",
      "rule_4": "",
      "rule_11": "",
      "rule_542": ""
    }
  },
  {
    "Id": "statline_1622",
    "Name": "Black Steed (2)",
    "Type": "Statline",
    "Attributes": {
      "HP": "4",
      "Df": "7",
      "Re": "5",
      "Arm": "6"
    },
    "DisplayableDataIds": {
      "rule_543": "",
      "rule_27": ""
    }
  },
  {
    "Id": "statline_1623",
    "Name": "Black Steed (2)",
    "Type": "Statline",
    "Attributes": {
      "At": "1",
      "Of": "3",
      "St": "3",
      "AP": "0",
      "Ag": "3"
    }
  },
  {
    "Id": "statline_1624",
    "Name": "Chimera",
    "Type": "Statline",
    "Attributes": {
      "Ad": "8",
      "Ma": "10",
      "Di": "9",
      "Hgt": "4"
    },
    "DisplayableDataIds": {
      "rule_1204": "",
      "rule_21": "",
      "rule_6": "(Path of the Favoured, Human)",
      "rule_5": "",
      "rule_11": "",
      "rule_4": "",
      "rule_542": ""
    }
  },
  {
    "Id": "statline_1625",
    "Name": "Chimera",
    "Type": "Statline",
    "Attributes": {
      "HP": "5",
      "Df": "7",
      "Re": "5",
      "Arm": "4"
    },
    "DisplayableDataIds": {
      "rule_543": "",
      "rule_27": ""
    }
  },
  {
    "Id": "statline_1626",
    "Name": "Chimera",
    "Type": "Statline",
    "Attributes": {
      "At": "5",
      "Of": "4",
      "St": "5",
      "AP": "2",
      "Ag": "4"
    },
    "DisplayableDataIds": {
      "rule_46": "(D3)"
    }
  },
  {
    "Id": "statline_1627",
    "Name": "Wasteland Dragon",
    "Type": "Statline",
    "Attributes": {
      "Ad": "7",
      "Ma": "9",
      "Di": "9",
      "Hgt": "5"
    },
    "DisplayableDataIds": {
      "rule_1204": "",
      "rule_21": "",
      "rule_6": "(Path of the Favoured, Human)",
      "rule_44": "",
      "rule_5": "",
      "rule_11": "",
      "rule_544": "",
      "rule_45": "",
      "rule_4": "",
      "rule_542": ""
    }
  },
  {
    "Id": "statline_1628",
    "Name": "Wasteland Dragon",
    "Type": "Statline",
    "Attributes": {
      "HP": "7",
      "Df": "5",
      "Re": "6",
      "Arm": "4"
    },
    "DisplayableDataIds": {
      "rule_543": "",
      "rule_27": ""
    }
  },
  {
    "Id": "statline_1629",
    "Name": "Wasteland Dragon",
    "Type": "Statline",
    "Attributes": {
      "At": "6",
      "Of": "5",
      "St": "6",
      "AP": "3",
      "Ag": "3"
    },
    "DisplayableDataIds": {
      "rule_46": "(D6)",
      "rule_56": "(Str 4, AP 1, Flaming Attacks)"
    }
  },
  {
    "Id": "statline_1630",
    "Name": "Doomlord",
    "Type": "Statline",
    "Attributes": {
      "Ad": "6",
      "Ma": "6",
      "Di": "9",
      "Hgt": "3"
    },
    "DisplayableDataIds": {
      "rule_1204": "",
      "rule_21": "",
      "rule_231": "",
      "rule_6": "(Path of the Exiled, Human)",
      "rule_4": ""
    }
  },
  {
    "Id": "statline_1631",
    "Name": "Doomlord",
    "Type": "Statline",
    "Attributes": {
      "HP": "4",
      "Df": "6",
      "Re": "5",
      "Arm": "4"
    },
    "DisplayableDataIds": {
      "rule_543": "",
      "rule_27": ""
    }
  },
  {
    "Id": "statline_1632",
    "Name": "Doomlord",
    "Type": "Statline",
    "Attributes": {
      "At": "5",
      "Of": "7",
      "St": "5",
      "AP": "2",
      "Ag": "5"
    },
    "DisplayableDataIds": {
      "rule_357": ""
    }
  },
  {
    "Id": "statline_1633",
    "Name": "Wasteland Behemoth",
    "Type": "Statline",
    "Attributes": {
      "Ad": "7",
      "Ma": "7",
      "Di": "9",
      "Hgt": "5"
    },
    "DisplayableDataIds": {
      "rule_1204": "",
      "rule_21": "",
      "rule_231": "",
      "rule_6": "(Path of the Exiled, Human)",
      "rule_5": "",
      "rule_45": "",
      "rule_11": "",
      "rule_4": ""
    }
  },
  {
    "Id": "statline_1634",
    "Name": "Wasteland Behemoth",
    "Type": "Statline",
    "Attributes": {
      "HP": "8",
      "Df": "3",
      "Re": "6",
      "Arm": "4"
    },
    "DisplayableDataIds": {
      "rule_543": "",
      "rule_27": ""
    }
  },
  {
    "Id": "statline_1635",
    "Name": "Wasteland Behemoth",
    "Type": "Statline",
    "Attributes": {
      "At": "6",
      "Of": "3",
      "St": "6",
      "AP": "3",
      "Ag": "3"
    },
    "DisplayableDataIds": {
      "rule_46": "(D6)"
    }
  },
  {
    "Id": "statline_1636",
    "Name": "Sorcerer",
    "Type": "Statline",
    "Attributes": {
      "Ad": "4",
      "Ma": "4",
      "Di": "8",
      "Hgt": "1"
    },
    "DisplayableDataIds": {
      "rule_1204": "",
      "rule_545": "",
      "rule_4": "",
      "rule_20": ""
    }
  },
  {
    "Id": "statline_1637",
    "Name": "Sorcerer",
    "Type": "Statline",
    "Attributes": {
      "HP": "3",
      "Df": "4",
      "Re": "4",
      "Arm": "3"
    }
  },
  {
    "Id": "statline_1638",
    "Name": "Sorcerer",
    "Type": "Statline",
    "Attributes": {
      "At": "2",
      "Of": "4",
      "St": "3",
      "AP": "0",
      "Ag": "3"
    }
  },
  {
    "Id": "statline_1639",
    "Name": "War Dais",
    "Type": "Statline",
    "Attributes": {
      "Ad": "4",
      "Ma": "4",
      "Di": "8",
      "Hgt": "1"
    },
    "DisplayableDataIds": {
      "rule_1204": "",
      "rule_545": "",
      "rule_4": "",
      "rule_20": ""
    }
  },
  {
    "Id": "statline_1640",
    "Name": "War Dais",
    "Type": "Statline",
    "Attributes": {
      "HP": "4",
      "Df": "4",
      "Re": "4",
      "Arm": "5"
    }
  },
  {
    "Id": "statline_1641",
    "Name": "Black Steed",
    "Type": "Statline",
    "Attributes": {
      "Ad": "8",
      "Ma": "8",
      "Di": "8",
      "Hgt": "2"
    },
    "DisplayableDataIds": {
      "rule_1204": "",
      "rule_545": "",
      "rule_5": "",
      "rule_4": "",
      "rule_20": ""
    }
  },
  {
    "Id": "statline_1642",
    "Name": "Black Steed",
    "Type": "Statline",
    "Attributes": {
      "HP": "3",
      "Df": "4",
      "Re": "4",
      "Arm": "5"
    }
  },
  {
    "Id": "statline_1643",
    "Name": "Scythed Skywheel",
    "Type": "Statline",
    "Attributes": {
      "Ad": "6",
      "Ma": "9",
      "Di": "8",
      "Hgt": "2"
    },
    "DisplayableDataIds": {
      "rule_1204": "",
      "rule_545": "",
      "rule_44": "",
      "rule_4": "",
      "rule_5": "",
      "rule_11": "",
      "rule_20": ""
    }
  },
  {
    "Id": "statline_1644",
    "Name": "Scythed Skywheel",
    "Type": "Statline",
    "Attributes": {
      "HP": "3",
      "Df": "4",
      "Re": "4",
      "Arm": "3"
    },
    "DisplayableDataIds": {
      "rule_29": "(1)",
      "rule_50": "(1)"
    }
  },
  {
    "Id": "statline_1645",
    "Name": "Black Steed (2)",
    "Type": "Statline",
    "Attributes": {
      "Ad": "8",
      "Ma": "4",
      "Di": "8",
      "Hgt": "4"
    },
    "DisplayableDataIds": {
      "rule_1204": "",
      "rule_545": "",
      "rule_5": "",
      "rule_4": "",
      "rule_11": "",
      "rule_20": ""
    }
  },
  {
    "Id": "statline_1646",
    "Name": "Black Steed (2)",
    "Type": "Statline",
    "Attributes": {
      "HP": "4",
      "Df": "4",
      "Re": "5",
      "Arm": "5"
    }
  },
  {
    "Id": "statline_1647",
    "Name": "Wretched One (2)",
    "Type": "Statline",
    "Attributes": {
      "Ad": "5",
      "Ma": "5",
      "Di": "8",
      "Hgt": "4"
    },
    "DisplayableDataIds": {
      "rule_1204": "",
      "rule_545": "",
      "rule_11": "",
      "rule_546": "",
      "rule_4": "",
      "rule_20": ""
    }
  },
  {
    "Id": "statline_1648",
    "Name": "Wretched One (2)",
    "Type": "Statline",
    "Attributes": {
      "HP": "5",
      "Df": "4",
      "Re": "5",
      "Arm": "4"
    },
    "DisplayableDataIds": {
      "rule_51": "(5+)"
    }
  },
  {
    "Id": "statline_1649",
    "Name": "Wretched One (2)",
    "Type": "Statline",
    "Attributes": {
      "At": "0",
      "Of": "0",
      "St": "4",
      "AP": "0",
      "Ag": "1"
    },
    "DisplayableDataIds": {
      "rule_149": "(D6+1)"
    }
  },
  {
    "Id": "statline_1650",
    "Name": "Wasteland Behemoth",
    "Type": "Statline",
    "Attributes": {
      "Ad": "7",
      "Ma": "7",
      "Di": "8",
      "Hgt": "5"
    },
    "DisplayableDataIds": {
      "rule_1204": "",
      "rule_545": "",
      "rule_5": "",
      "rule_45": "",
      "rule_11": "",
      "rule_4": "",
      "rule_20": ""
    }
  },
  {
    "Id": "statline_1651",
    "Name": "Wasteland Behemoth",
    "Type": "Statline",
    "Attributes": {
      "HP": "8",
      "Df": "3",
      "Re": "6",
      "Arm": "4"
    }
  },
  {
    "Id": "statline_1652",
    "Name": "Wasteland Dragon",
    "Type": "Statline",
    "Attributes": {
      "Ad": "7",
      "Ma": "9",
      "Di": "8",
      "Hgt": "5"
    },
    "DisplayableDataIds": {
      "rule_1204": "",
      "rule_545": "",
      "rule_44": "",
      "rule_5": "",
      "rule_11": "",
      "rule_544": "",
      "rule_45": "",
      "rule_4": "",
      "rule_20": ""
    }
  },
  {
    "Id": "statline_1653",
    "Name": "Wasteland Dragon",
    "Type": "Statline",
    "Attributes": {
      "HP": "7",
      "Df": "5",
      "Re": "6",
      "Arm": "4"
    }
  },
  {
    "Id": "statline_1654",
    "Name": "Barbarian Chief",
    "Type": "Statline",
    "Attributes": {
      "Ad": "4",
      "Ma": "4",
      "Di": "8",
      "Hgt": "1"
    },
    "DisplayableDataIds": {
      "rule_1204": "",
      "rule_4": ""
    }
  },
  {
    "Id": "statline_1655",
    "Name": "Barbarian Chief",
    "Type": "Statline",
    "Attributes": {
      "HP": "3",
      "Df": "5",
      "Re": "4",
      "Arm": "1"
    }
  },
  {
    "Id": "statline_1656",
    "Name": "Barbarian Chief",
    "Type": "Statline",
    "Attributes": {
      "At": "3",
      "Of": "5",
      "St": "4",
      "AP": "1",
      "Ag": "5"
    },
    "DisplayableDataIds": {
      "rule_547": ""
    }
  },
  {
    "Id": "statline_1657",
    "Name": "War Dais",
    "Type": "Statline",
    "Attributes": {
      "Ad": "4",
      "Ma": "4",
      "Di": "8",
      "Hgt": "1"
    },
    "DisplayableDataIds": {
      "rule_1204": "",
      "rule_4": ""
    }
  },
  {
    "Id": "statline_1658",
    "Name": "War Dais",
    "Type": "Statline",
    "Attributes": {
      "HP": "4",
      "Df": "5",
      "Re": "4",
      "Arm": "3"
    }
  },
  {
    "Id": "statline_1659",
    "Name": "Black Steed",
    "Type": "Statline",
    "Attributes": {
      "Ad": "8",
      "Ma": "8",
      "Di": "8",
      "Hgt": "2"
    },
    "DisplayableDataIds": {
      "rule_1204": "",
      "rule_5": "",
      "rule_4": ""
    }
  },
  {
    "Id": "statline_1660",
    "Name": "Black Steed",
    "Type": "Statline",
    "Attributes": {
      "HP": "3",
      "Df": "5",
      "Re": "4",
      "Arm": "3"
    }
  },
  {
    "Id": "statline_1661",
    "Name": "Shadow Chaser",
    "Type": "Statline",
    "Attributes": {
      "Ad": "10",
      "Ma": "10",
      "Di": "8",
      "Hgt": "2"
    },
    "DisplayableDataIds": {
      "rule_1204": "",
      "rule_4": "",
      "rule_2": "",
      "rule_35": "(3\")",
      "rule_5": ""
    }
  },
  {
    "Id": "statline_1662",
    "Name": "Shadow Chaser",
    "Type": "Statline",
    "Attributes": {
      "HP": "3",
      "Df": "5",
      "Re": "4",
      "Arm": "2"
    }
  },
  {
    "Id": "statline_1663",
    "Name": "Shadow Chaser",
    "Type": "Statline",
    "Attributes": {
      "At": "1",
      "Of": "3",
      "St": "3",
      "AP": "0",
      "Ag": "3"
    }
  },
  {
    "Id": "statline_1664",
    "Name": "Black Steed (2)",
    "Type": "Statline",
    "Attributes": {
      "Ad": "8",
      "Ma": "4",
      "Di": "8",
      "Hgt": "4"
    },
    "DisplayableDataIds": {
      "rule_1204": "",
      "rule_5": "",
      "rule_4": "",
      "rule_11": ""
    }
  },
  {
    "Id": "statline_1665",
    "Name": "Black Steed (2)",
    "Type": "Statline",
    "Attributes": {
      "HP": "4",
      "Df": "5",
      "Re": "5",
      "Arm": "3"
    }
  },
  {
    "Id": "statline_1666",
    "Name": "Chimera",
    "Type": "Statline",
    "Attributes": {
      "Ad": "8",
      "Ma": "10",
      "Di": "8",
      "Hgt": "4"
    },
    "DisplayableDataIds": {
      "rule_1204": "",
      "rule_5": "",
      "rule_11": "",
      "rule_4": ""
    }
  },
  {
    "Id": "statline_1667",
    "Name": "Chimera",
    "Type": "Statline",
    "Attributes": {
      "HP": "5",
      "Df": "5",
      "Re": "5",
      "Arm": "4"
    }
  },
  {
    "Id": "statline_1668",
    "Name": "Wasteland Behemoth",
    "Type": "Statline",
    "Attributes": {
      "Ad": "7",
      "Ma": "7",
      "Di": "8",
      "Hgt": "5"
    },
    "DisplayableDataIds": {
      "rule_1204": "",
      "rule_5": "",
      "rule_45": "",
      "rule_11": "",
      "rule_4": ""
    }
  },
  {
    "Id": "statline_1669",
    "Name": "Klaas, the Giving",
    "Type": "Statline",
    "Attributes": {
      "Ad": "10",
      "Ma": "5",
      "Di": "9",
      "Hgt": "4"
    },
    "DisplayableDataIds": {
      "rule_3": "",
      "rule_21": "",
      "rule_44": "",
      "rule_430": "",
      "rule_1238": "(3)",
      "rule_4": "",
      "rule_11": "",
      "rule_2": "(Water Terrain)",
      "rule_132": "",
      "rule_1239": ""
    }
  },
  {
    "Id": "statline_1670",
    "Name": "Klaas, the Giving",
    "Type": "Statline",
    "Attributes": {
      "HP": "6",
      "Df": "8",
      "Re": "5",
      "Arm": "3"
    },
    "DisplayableDataIds": {
      "rule_51": "(4+)"
    }
  },
  {
    "Id": "statline_1671",
    "Name": "Klaas, the Giving",
    "Type": "Statline",
    "Attributes": {
      "At": "6",
      "Of": "9",
      "St": "5",
      "AP": "2",
      "Ag": "8"
    },
    "DisplayableDataIds": {
      "rule_134": "",
      "rule_1237": ""
    }
  },
  {
    "Id": "statline_1672",
    "Name": "Rupert and Co (2)",
    "Type": "Statline",
    "Attributes": {
      "At": "1",
      "Of": "3",
      "St": "3",
      "AP": "0",
      "Ag": "3"
    },
    "DisplayableDataIds": {
      "rule_134": ""
    }
  },
  {
    "Id": "statline_1673",
    "Name": "Chassis",
    "Type": "Statline",
    "Attributes": {
      "At": "",
      "Of": "",
      "St": "4",
      "AP": "3",
      "Ag": ""
    },
    "DisplayableDataIds": {
      "rule_10": "(2D3 hits)"
    }
  },
  {
    "Id": "statline_1674",
    "Name": "Ook, the Ape King",
    "Type": "Statline",
    "Attributes": {
      "Ad": "6",
      "Ma": "6",
      "Di": "9",
      "Hgt": "5"
    },
    "DisplayableDataIds": {
      "rule_21": "",
      "rule_430": "",
      "rule_1238": "(2)",
      "rule_11": "",
      "rule_41": "",
      "rule_42": ""
    }
  },
  {
    "Id": "statline_1675",
    "Name": "Ook, the Ape King",
    "Type": "Statline",
    "Attributes": {
      "HP": "8",
      "Df": "6",
      "Re": "6",
      "Arm": "0"
    },
    "DisplayableDataIds": {
      "rule_109": "(5+)"
    }
  },
  {
    "Id": "statline_1676",
    "Name": "Ook, the Ape King",
    "Type": "Statline",
    "Attributes": {
      "At": "5",
      "Of": "7",
      "St": "6",
      "AP": "2",
      "Ag": "5"
    },
    "DisplayableDataIds": {
      "rule_231": "",
      "rule_46": "(D6 hits)",
      "rule_1240": ""
    }
  },
  {
    "Id": "statline_1677",
    "Name": "Warriors",
    "Type": "Statline",
    "Attributes": {
      "Ad": "4",
      "Ma": "4",
      "Di": "8",
      "Hgt": "1"
    },
    "DisplayableDataIds": {
      "rule_1204": "",
      "rule_21": ""
    }
  },
  {
    "Id": "statline_1678",
    "Name": "Warriors",
    "Type": "Statline",
    "Attributes": {
      "HP": "1",
      "Df": "5",
      "Re": "4",
      "Arm": "3"
    },
    "DisplayableDataIds": {
      "rule_543": "",
      "rule_27": ""
    }
  },
  {
    "Id": "statline_1679",
    "Name": "Warrior",
    "Type": "Statline",
    "Attributes": {
      "At": "2",
      "Of": "5",
      "St": "4",
      "AP": "1",
      "Ag": "4"
    }
  },
  {
    "Id": "statline_1680",
    "Name": "Fallen",
    "Type": "Statline",
    "Attributes": {
      "Ad": "6",
      "Ma": "6",
      "Di": "8",
      "Hgt": "1"
    },
    "DisplayableDataIds": {
      "rule_1204": "",
      "rule_4": "",
      "rule_21": "",
      "rule_231": ""
    }
  },
  {
    "Id": "statline_1681",
    "Name": "Fallen",
    "Type": "Statline",
    "Attributes": {
      "HP": "1",
      "Df": "2",
      "Re": "4",
      "Arm": "3"
    },
    "DisplayableDataIds": {
      "rule_543": ""
    }
  },
  {
    "Id": "statline_1682",
    "Name": "Fallen",
    "Type": "Statline",
    "Attributes": {
      "At": "2",
      "Of": "4",
      "St": "4",
      "AP": "1",
      "Ag": "4"
    },
    "DisplayableDataIds": {
      "rule_32": ""
    }
  },
  {
    "Id": "statline_1683",
    "Name": "Barbarians",
    "Type": "Statline",
    "Attributes": {
      "Ad": "4",
      "Ma": "4",
      "Di": "8",
      "Hgt": "1"
    },
    "DisplayableDataIds": {
      "rule_1204": ""
    }
  },
  {
    "Id": "statline_1684",
    "Name": "Barbarians",
    "Type": "Statline",
    "Attributes": {
      "HP": "1",
      "Df": "4",
      "Re": "3",
      "Arm": "1"
    }
  },
  {
    "Id": "statline_1685",
    "Name": "Barbarian",
    "Type": "Statline",
    "Attributes": {
      "At": "1",
      "Of": "4",
      "St": "4",
      "AP": "1",
      "Ag": "3"
    }
  },
  {
    "Id": "statline_1686",
    "Name": "Barbarian Horsemen",
    "Type": "Statline",
    "Attributes": {
      "Ad": "8",
      "Ma": "8",
      "Di": "8",
      "Hgt": "2"
    },
    "DisplayableDataIds": {
      "rule_1204": "",
      "rule_5": ""
    }
  },
  {
    "Id": "statline_1687",
    "Name": "Barbarian Horsemen",
    "Type": "Statline",
    "Attributes": {
      "HP": "1",
      "Df": "4",
      "Re": "3",
      "Arm": "3"
    },
    "DisplayableDataIds": {
      "rule_27": ""
    }
  },
  {
    "Id": "statline_1688",
    "Name": "Barbarian Horseman",
    "Type": "Statline",
    "Attributes": {
      "At": "1",
      "Of": "4",
      "St": "4",
      "AP": "1",
      "Ag": "3"
    }
  },
  {
    "Id": "statline_1689",
    "Name": "Warrior Knights",
    "Type": "Statline",
    "Attributes": {
      "Ad": "8",
      "Ma": "8",
      "Di": "8",
      "Hgt": "2"
    },
    "DisplayableDataIds": {
      "rule_1204": "",
      "rule_5": "",
      "rule_21": ""
    }
  },
  {
    "Id": "statline_1690",
    "Name": "Warrior Knights",
    "Type": "Statline",
    "Attributes": {
      "HP": "1",
      "Df": "5",
      "Re": "4",
      "Arm": "5"
    },
    "DisplayableDataIds": {
      "rule_543": "",
      "rule_27": ""
    }
  },
  {
    "Id": "statline_1691",
    "Name": "Warrior Rider",
    "Type": "Statline",
    "Attributes": {
      "At": "2",
      "Of": "5",
      "St": "4",
      "AP": "1",
      "Ag": "4"
    }
  },
  {
    "Id": "statline_1692",
    "Name": "Warrior Chariot",
    "Type": "Statline",
    "Attributes": {
      "Ad": "8",
      "Ma": "4",
      "Di": "8",
      "Hgt": "4"
    },
    "DisplayableDataIds": {
      "rule_1204": "",
      "rule_5": "",
      "rule_21": "",
      "rule_4": ""
    }
  },
  {
    "Id": "statline_1693",
    "Name": "Warrior Chariot",
    "Type": "Statline",
    "Attributes": {
      "HP": "4",
      "Df": "5",
      "Re": "5",
      "Arm": "4"
    },
    "DisplayableDataIds": {
      "rule_543": ""
    }
  },
  {
    "Id": "statline_1694",
    "Name": "Warrior Crew (2)",
    "Type": "Statline",
    "Attributes": {
      "At": "2",
      "Of": "5",
      "St": "4",
      "AP": "1",
      "Ag": "4"
    },
    "DisplayableDataIds": {
      "rule_37": ""
    }
  },
  {
    "Id": "statline_1695",
    "Name": "Chosen",
    "Type": "Statline",
    "Attributes": {
      "Ad": "5",
      "Ma": "5",
      "Di": "9",
      "Hgt": "1"
    },
    "DisplayableDataIds": {
      "rule_1204": "",
      "rule_21": "",
      "rule_548": ""
    }
  },
  {
    "Id": "statline_1696",
    "Name": "Chosen",
    "Type": "Statline",
    "Attributes": {
      "HP": "2",
      "Df": "6",
      "Re": "4",
      "Arm": "3"
    },
    "DisplayableDataIds": {
      "rule_543": "",
      "rule_27": ""
    }
  },
  {
    "Id": "statline_1697",
    "Name": "Chosen",
    "Type": "Statline",
    "Attributes": {
      "At": "3",
      "Of": "6",
      "St": "4",
      "AP": "1",
      "Ag": "5"
    },
    "DisplayableDataIds": {
      "rule_120": "(3)"
    }
  },
  {
    "Id": "statline_1698",
    "Name": "Chosen Knights",
    "Type": "Statline",
    "Attributes": {
      "Ad": "7",
      "Ma": "7",
      "Di": "9",
      "Hgt": "4"
    },
    "DisplayableDataIds": {
      "rule_1204": "",
      "rule_21": "",
      "rule_5": "",
      "rule_548": ""
    }
  },
  {
    "Id": "statline_1699",
    "Name": "Chosen Knights",
    "Type": "Statline",
    "Attributes": {
      "HP": "3",
      "Df": "6",
      "Re": "4",
      "Arm": "5"
    },
    "DisplayableDataIds": {
      "rule_543": ""
    }
  },
  {
    "Id": "statline_1700",
    "Name": "Chosen Rider",
    "Type": "Statline",
    "Attributes": {
      "At": "3",
      "Of": "6",
      "St": "4",
      "AP": "1",
      "Ag": "5"
    },
    "DisplayableDataIds": {
      "rule_37": ""
    }
  },
  {
    "Id": "statline_1701",
    "Name": "Chosen Chariot",
    "Type": "Statline",
    "Attributes": {
      "Ad": "7",
      "Ma": "4",
      "Di": "9",
      "Hgt": "4"
    },
    "DisplayableDataIds": {
      "rule_1204": "",
      "rule_5": "",
      "rule_21": "",
      "rule_4": "",
      "rule_11": "",
      "rule_548": ""
    }
  },
  {
    "Id": "statline_1702",
    "Name": "Chosen Chariot",
    "Type": "Statline",
    "Attributes": {
      "HP": "5",
      "Df": "6",
      "Re": "5",
      "Arm": "5"
    },
    "DisplayableDataIds": {
      "rule_543": ""
    }
  },
  {
    "Id": "statline_1703",
    "Name": "Chosen Crew (2)",
    "Type": "Statline",
    "Attributes": {
      "At": "3",
      "Of": "6",
      "St": "4",
      "AP": "1",
      "Ag": "5"
    },
    "DisplayableDataIds": {
      "rule_37": ""
    }
  },
  {
    "Id": "statline_1704",
    "Name": "Karkadan",
    "Type": "Statline",
    "Attributes": {
      "At": "2",
      "Of": "3",
      "St": "5",
      "AP": "2",
      "Ag": "2"
    }
  },
  {
    "Id": "statline_1705",
    "Name": "Forsworn",
    "Type": "Statline",
    "Attributes": {
      "Ad": "6",
      "Ma": "6",
      "Di": "8",
      "Hgt": "3"
    },
    "DisplayableDataIds": {
      "rule_1204": "",
      "rule_36": "(Doomlord)",
      "rule_21": "",
      "rule_231": ""
    }
  },
  {
    "Id": "statline_1706",
    "Name": "Forsworn",
    "Type": "Statline",
    "Attributes": {
      "HP": "3",
      "Df": "4",
      "Re": "4",
      "Arm": "4"
    },
    "DisplayableDataIds": {
      "rule_543": "",
      "rule_27": ""
    }
  },
  {
    "Id": "statline_1707",
    "Name": "Forsworn",
    "Type": "Statline",
    "Attributes": {
      "At": "2",
      "Of": "5",
      "St": "4",
      "AP": "1",
      "Ag": "4"
    },
    "DisplayableDataIds": {
      "rule_357": ""
    }
  },
  {
    "Id": "statline_1708",
    "Name": "Wretched Ones",
    "Type": "Statline",
    "Attributes": {
      "Ad": "3D6",
      "Ma": "3D6",
      "Di": "5",
      "Hgt": "3"
    },
    "DisplayableDataIds": {
      "rule_21": "",
      "rule_40": "(3D6\")",
      "rule_231": "",
      "rule_11": "",
      "rule_363": "",
      "rule_41": "",
      "rule_42": "",
      "rule_549": ""
    }
  },
  {
    "Id": "statline_1709",
    "Name": "Wretched Ones",
    "Type": "Statline",
    "Attributes": {
      "HP": "4",
      "Df": "2",
      "Re": "4",
      "Arm": "0"
    },
    "DisplayableDataIds": {
      "rule_109": "(5+)"
    }
  },
  {
    "Id": "statline_1710",
    "Name": "Wretched One",
    "Type": "Statline",
    "Attributes": {
      "At": "0",
      "Of": "0",
      "St": "4",
      "AP": "0",
      "Ag": "1"
    },
    "DisplayableDataIds": {
      "rule_149": "(D6+1)"
    }
  },
  {
    "Id": "statline_1711",
    "Name": "Battleshrine",
    "Type": "Statline",
    "Attributes": {
      "Ad": "5",
      "Ma": "5",
      "Di": "8",
      "Hgt": "4"
    },
    "DisplayableDataIds": {
      "rule_1204": "",
      "rule_11": "",
      "rule_545": "",
      "rule_219": "(2)",
      "rule_4": ""
    }
  },
  {
    "Id": "statline_1712",
    "Name": "Battleshrine",
    "Type": "Statline",
    "Attributes": {
      "HP": "5",
      "Df": "4",
      "Re": "5",
      "Arm": "4"
    },
    "DisplayableDataIds": {
      "rule_51": "(5+)"
    }
  },
  {
    "Id": "statline_1713",
    "Name": "Shrine Priest",
    "Type": "Statline",
    "Attributes": {
      "At": "1",
      "Of": "4",
      "St": "3",
      "AP": "0",
      "Ag": "3"
    }
  },
  {
    "Id": "statline_1714",
    "Name": "Flayers",
    "Type": "Statline",
    "Attributes": {
      "Ad": "10",
      "Ma": "10",
      "Di": "8",
      "Hgt": "2"
    },
    "DisplayableDataIds": {
      "rule_1204": "",
      "rule_4": "",
      "rule_2": "",
      "rule_133": "",
      "rule_35": "(3\")",
      "rule_5": ""
    }
  },
  {
    "Id": "statline_1715",
    "Name": "Flayers",
    "Type": "Statline",
    "Attributes": {
      "HP": "1",
      "Df": "4",
      "Re": "3",
      "Arm": "2"
    },
    "DisplayableDataIds": {
      "rule_27": ""
    }
  },
  {
    "Id": "statline_1716",
    "Name": "Flayer",
    "Type": "Statline",
    "Attributes": {
      "At": "1",
      "Of": "4",
      "St": "4",
      "AP": "1",
      "Ag": "3"
    }
  },
  {
    "Id": "statline_1717",
    "Name": "Warhounds",
    "Type": "Statline",
    "Attributes": {
      "Ad": "8",
      "Ma": "8",
      "Di": "5",
      "Hgt": "1"
    },
    "DisplayableDataIds": {
      "rule_33": "",
      "rule_5": "",
      "rule_11": "",
      "rule_24": "",
      "rule_550": ""
    }
  },
  {
    "Id": "statline_1718",
    "Name": "Warhounds",
    "Type": "Statline",
    "Attributes": {
      "HP": "1",
      "Df": "3",
      "Re": "3",
      "Arm": "0"
    }
  },
  {
    "Id": "statline_1719",
    "Name": "Warhound",
    "Type": "Statline",
    "Attributes": {
      "At": "2",
      "Of": "3",
      "St": "3",
      "AP": "1",
      "Ag": "3"
    }
  },
  {
    "Id": "statline_1720",
    "Name": "Chimera",
    "Type": "Statline",
    "Attributes": {
      "Ad": "8",
      "Ma": "10",
      "Di": "8",
      "Hgt": "4"
    },
    "DisplayableDataIds": {
      "rule_5": "",
      "rule_4": "",
      "rule_24": "",
      "rule_11": ""
    }
  },
  {
    "Id": "statline_1721",
    "Name": "Chimera",
    "Type": "Statline",
    "Attributes": {
      "HP": "5",
      "Df": "3",
      "Re": "5",
      "Arm": "4"
    }
  },
  {
    "Id": "statline_1722",
    "Name": "Feldraks",
    "Type": "Statline",
    "Attributes": {
      "Ad": "8",
      "Ma": "8",
      "Di": "9",
      "Hgt": "4"
    },
    "DisplayableDataIds": {
      "rule_1204": "",
      "rule_5": "",
      "rule_11": ""
    }
  },
  {
    "Id": "statline_1723",
    "Name": "Feldraks",
    "Type": "Statline",
    "Attributes": {
      "HP": "3",
      "Df": "4",
      "Re": "5",
      "Arm": "3"
    },
    "DisplayableDataIds": {
      "rule_142": "(Flaming Attacks)"
    }
  },
  {
    "Id": "statline_1724",
    "Name": "Feldrak",
    "Type": "Statline",
    "Attributes": {
      "At": "3",
      "Of": "4",
      "St": "5",
      "AP": "2",
      "Ag": "3"
    },
    "DisplayableDataIds": {
      "rule_111": "( against Fly)",
      "rule_46": "(1)",
      "rule_37": ""
    }
  },
  {
    "Id": "statline_1725",
    "Name": "Feldrak Elder",
    "Type": "Statline",
    "Attributes": {
      "Ad": "8",
      "Ma": "8",
      "Di": "9",
      "Hgt": "5"
    },
    "DisplayableDataIds": {
      "rule_1204": "",
      "rule_5": "",
      "rule_45": "",
      "rule_11": ""
    }
  },
  {
    "Id": "statline_1726",
    "Name": "Feldrak Elder",
    "Type": "Statline",
    "Attributes": {
      "HP": "7",
      "Df": "5",
      "Re": "6",
      "Arm": "4"
    },
    "DisplayableDataIds": {
      "rule_142": "(Flaming Attacks)"
    }
  },
  {
    "Id": "statline_1727",
    "Name": "Feldrak Elder",
    "Type": "Statline",
    "Attributes": {
      "At": "6",
      "Of": "5",
      "St": "6",
      "AP": "3",
      "Ag": "3"
    },
    "DisplayableDataIds": {
      "rule_111": "( against Fly)",
      "rule_46": "(D6)"
    }
  },
  {
    "Id": "statline_1728",
    "Name": "Marauding Giant",
    "Type": "Statline",
    "Attributes": {
      "Ad": "7",
      "Ma": "7",
      "Di": "8",
      "Hgt": "5"
    },
    "DisplayableDataIds": {
      "rule_551": "",
      "rule_4": "",
      "rule_45": "",
      "rule_11": ""
    }
  },
  {
    "Id": "statline_1729",
    "Name": "Marauding Giant",
    "Type": "Statline",
    "Attributes": {
      "HP": "8",
      "Df": "3",
      "Re": "5",
      "Arm": "1"
    }
  },
  {
    "Id": "statline_1730",
    "Name": "Marauding Giant",
    "Type": "Statline",
    "Attributes": {
      "At": "5",
      "Of": "3",
      "St": "5",
      "AP": "2",
      "Ag": "3"
    },
    "DisplayableDataIds": {
      "rule_58": "",
      "rule_46": "(D6)",
      "rule_552": ""
    }
  },
  {
    "Id": "statline_1731",
    "Name": "Forsaken One",
    "Type": "Statline",
    "Attributes": {
      "Ad": "3D6",
      "Ma": "3D6",
      "Di": "5",
      "Hgt": "5"
    },
    "DisplayableDataIds": {
      "rule_21": "",
      "rule_40": "(3D6\")",
      "rule_363": "",
      "rule_11": "",
      "rule_41": "",
      "rule_42": "",
      "rule_231": ""
    }
  },
  {
    "Id": "statline_1732",
    "Name": "Forsaken One",
    "Type": "Statline",
    "Attributes": {
      "HP": "8",
      "Df": "2",
      "Re": "6",
      "Arm": "0"
    },
    "DisplayableDataIds": {
      "rule_109": "(5+)"
    }
  },
  {
    "Id": "statline_1733",
    "Name": "Forsaken One",
    "Type": "Statline",
    "Attributes": {
      "At": "0",
      "Of": "0",
      "St": "6",
      "AP": "2",
      "Ag": "1"
    },
    "DisplayableDataIds": {
      "rule_149": "(D6+3)"
    }
  },
  {
    "Id": "statline_1734",
    "Name": "Hellmaw",
    "Type": "Statline",
    "Attributes": {
      "Ad": "6",
      "Ma": "6",
      "Di": "7",
      "Hgt": "5"
    },
    "DisplayableDataIds": {
      "rule_21": "",
      "rule_132": "",
      "rule_553": "",
      "rule_45": "",
      "rule_11": ""
    }
  },
  {
    "Id": "statline_1735",
    "Name": "Hellmaw",
    "Type": "Statline",
    "Attributes": {
      "HP": "6",
      "Df": "3",
      "Re": "6",
      "Arm": "2"
    },
    "DisplayableDataIds": {
      "rule_51": "(5+)"
    }
  },
  {
    "Id": "statline_1736",
    "Name": "Hellmaw",
    "Type": "Statline",
    "Attributes": {
      "At": "5",
      "Of": "3",
      "St": "5",
      "AP": "2",
      "Ag": "1"
    },
    "DisplayableDataIds": {
      "rule_134": ""
    }
  }
]