[
  {
    "Id": "unit_566",
    "Name": "Exalted Herald",
    "Type": "Unit",
    "Attributes": {
      "height": "Large"
    },
    "BasicProfileIds": [
      "68357f9b790d8280c4b2756b"
    ],
    "DefaultFront": 1,
    "Formation": 1
  },
  {
    "Id": "unit_567",
    "Name": "Feldrak Ancestor",
    "Type": "Unit",
    "Attributes": {
      "height": "Gigantic"
    },
    "BasicProfileIds": [
      "68357f9b790d8280c4b27576"
    ],
    "DefaultFront": 1,
    "Formation": 1
  },
  {
    "Id": "unit_568",
    "Name": "Chosen Lord",
    "Type": "Unit",
    "Attributes": {
      "height": "Standard"
    },
    "BasicProfileIds": [
      "68357f9b790d8280c4b275a3"
    ],
    "DefaultFront": 1,
    "Formation": 1
  },
  {
    "Id": "unit_569",
    "Name": "Chosen Lord on Scythed Skywheel",
    "Type": "Unit",
    "Attributes": {
      "height": "Standard"
    },
    "BasicProfileIds": [
      "8719365c-eeb9-4733-b667-6e67a16c545b"
    ],
    "DefaultFront": 1,
    "Formation": 1
  },
  {
    "Id": "unit_570",
    "Name": "Chosen Lord on Karkadan",
    "Type": "Unit",
    "Attributes": {
      "height": "Large"
    },
    "BasicProfileIds": [
      "19f95c10-422c-40c6-ac8a-ce718f6be669"
    ],
    "DefaultFront": 1,
    "Formation": 1
  },
  {
    "Id": "unit_571",
    "Name": "Chosen Lord on War Dais",
    "Type": "Unit",
    "Attributes": {
      "height": "Standard"
    },
    "BasicProfileIds": [
      "4395268f-eea8-4e3b-898f-cb91c3cca865"
    ],
    "DefaultFront": 1,
    "Formation": 1
  },
  {
    "Id": "unit_572",
    "Name": "Chosen Lord on Black Steed",
    "Type": "Unit",
    "Attributes": {
      "height": "Standard"
    },
    "BasicProfileIds": [
      "b4477cd4-f7a9-432a-95a1-7406cdad974f"
    ],
    "DefaultFront": 1,
    "Formation": 1
  },
  {
    "Id": "unit_573",
    "Name": "Chosen Lord on Dark Chariot",
    "Type": "Unit",
    "Attributes": {
      "height": "Large"
    },
    "BasicProfileIds": [
      "03e04ef9-9c26-485e-951c-3644faf403c1"
    ],
    "DefaultFront": 1,
    "Formation": 1
  },
  {
    "Id": "unit_574",
    "Name": "Chosen Lord on Chimera",
    "Type": "Unit",
    "Attributes": {
      "height": "Large"
    },
    "BasicProfileIds": [
      "3f9699b9-7b53-4f6d-b5fa-5d04616e732f"
    ],
    "DefaultFront": 1,
    "Formation": 1
  },
  {
    "Id": "unit_575",
    "Name": "Chosen Lord on Wasteland Dragon",
    "Type": "Unit",
    "Attributes": {
      "height": "Gigantic"
    },
    "BasicProfileIds": [
      "6792e08f-ca79-4d8e-8124-5a34e4fb7669"
    ],
    "DefaultFront": 1,
    "Formation": 1
  },
  {
    "Id": "unit_576",
    "Name": "Doomlord",
    "Type": "Unit",
    "Attributes": {
      "height": "Large"
    },
    "BasicProfileIds": [
      "68357f9c790d8280c4b27963"
    ],
    "DefaultFront": 1,
    "Formation": 1
  },
  {
    "Id": "unit_577",
    "Name": "Doomlord on Wasteland Behemoth",
    "Type": "Unit",
    "Attributes": {
      "height": "Gigantic"
    },
    "BasicProfileIds": [
      "f497b140-322e-4c04-8c74-ea7809c73174"
    ],
    "DefaultFront": 1,
    "Formation": 1
  },
  {
    "Id": "unit_578",
    "Name": "Sorcerer",
    "Type": "Unit",
    "Attributes": {
      "height": "Standard"
    },
    "BasicProfileIds": [
      "68357f9c790d8280c4b27a1f"
    ],
    "DefaultFront": 1,
    "Formation": 1
  },
  {
    "Id": "unit_579",
    "Name": "Sorcerer on War Dais",
    "Type": "Unit",
    "Attributes": {
      "height": "Standard"
    },
    "BasicProfileIds": [
      "b955b1e8-2ac7-4ed2-a082-4fce34a6dab1"
    ],
    "DefaultFront": 1,
    "Formation": 1
  },
  {
    "Id": "unit_580",
    "Name": "Sorcerer on Black Steed",
    "Type": "Unit",
    "Attributes": {
      "height": "Standard"
    },
    "BasicProfileIds": [
      "a4a9573f-b7b4-43b3-a36f-935fac59bb76"
    ],
    "DefaultFront": 1,
    "Formation": 1
  },
  {
    "Id": "unit_581",
    "Name": "Sorcerer on Scythed Skywheel",
    "Type": "Unit",
    "Attributes": {
      "height": "Standard"
    },
    "BasicProfileIds": [
      "8551a633-d7b3-46b6-919e-8ca633e413b8"
    ],
    "DefaultFront": 1,
    "Formation": 1
  },
  {
    "Id": "unit_582",
    "Name": "Sorcerer on Dark Chariot",
    "Type": "Unit",
    "Attributes": {
      "height": "Large"
    },
    "BasicProfileIds": [
      "ce4015d3-b7c2-454a-ab96-950633aabbe7"
    ],
    "DefaultFront": 1,
    "Formation": 1
  },
  {
    "Id": "unit_583",
    "Name": "Sorcerer on Battleshrine",
    "Type": "Unit",
    "Attributes": {
      "height": "Large"
    },
    "BasicProfileIds": [
      "ae7701de-e2e3-4306-a3fc-c71f82beecd6"
    ],
    "DefaultFront": 1,
    "Formation": 1
  },
  {
    "Id": "unit_584",
    "Name": "Sorcerer on Wasteland Behemoth",
    "Type": "Unit",
    "Attributes": {
      "height": "Gigantic"
    },
    "BasicProfileIds": [
      "dffc0dd9-e17b-440c-928e-ef785c1908ed"
    ],
    "DefaultFront": 1,
    "Formation": 1
  },
  {
    "Id": "unit_585",
    "Name": "Sorcerer on Wasteland Dragon",
    "Type": "Unit",
    "Attributes": {
      "height": "Gigantic"
    },
    "BasicProfileIds": [
      "26a4c668-caab-4288-8f1f-67bf1d393b73"
    ],
    "DefaultFront": 1,
    "Formation": 1
  },
  {
    "Id": "unit_586",
    "Name": "Barbarian Chief",
    "Type": "Unit",
    "Attributes": {
      "height": "Standard"
    },
    "BasicProfileIds": [
      "68357f9d790d8280c4b27ce2"
    ],
    "DefaultFront": 1,
    "Formation": 1
  },
  {
    "Id": "unit_587",
    "Name": "Barbarian Chief on War Dais",
    "Type": "Unit",
    "Attributes": {
      "height": "Standard"
    },
    "BasicProfileIds": [
      "37120b9a-6b91-4295-96a8-98932c26d597"
    ],
    "DefaultFront": 1,
    "Formation": 1
  },
  {
    "Id": "unit_588",
    "Name": "Barbarian Chief on Black Steed",
    "Type": "Unit",
    "Attributes": {
      "height": "Standard"
    },
    "BasicProfileIds": [
      "caa04526-7a9d-4dae-9355-148419bf09e3"
    ],
    "DefaultFront": 1,
    "Formation": 1
  },
  {
    "Id": "unit_589",
    "Name": "Barbarian Chief on Shadow Chaser",
    "Type": "Unit",
    "Attributes": {
      "height": "Standard"
    },
    "BasicProfileIds": [
      "ce2faf6b-08e1-4670-994f-221cbfdac320"
    ],
    "DefaultFront": 1,
    "Formation": 1
  },
  {
    "Id": "unit_590",
    "Name": "Barbarian Chief on Dark Chariot",
    "Type": "Unit",
    "Attributes": {
      "height": "Large"
    },
    "BasicProfileIds": [
      "a76a4ab8-c45a-47cd-94a4-f317db3a1420"
    ],
    "DefaultFront": 1,
    "Formation": 1
  },
  {
    "Id": "unit_591",
    "Name": "Barbarian Chief on Chimera",
    "Type": "Unit",
    "Attributes": {
      "height": "Large"
    },
    "BasicProfileIds": [
      "8f7ce7ed-d90b-4f1e-8670-0b1fca4c503e"
    ],
    "DefaultFront": 1,
    "Formation": 1
  },
  {
    "Id": "unit_592",
    "Name": "Barbarian Chief on Wasteland Behemoth",
    "Type": "Unit",
    "Attributes": {
      "height": "Gigantic"
    },
    "BasicProfileIds": [
      "abc37822-b43c-43f1-9058-c997eee9a356"
    ],
    "DefaultFront": 1,
    "Formation": 1
  },
  {
    "Id": "unit_593",
    "Name": "Klaas, the Giving",
    "Type": "Unit",
    "Attributes": {
      "height": "Large"
    },
    "BasicProfileIds": [
      "b2d8a6f1c9e7a4f3b5c2d7e9"
    ],
    "DefaultFront": 1,
    "Formation": 1
  },
  {
    "Id": "unit_594",
    "Name": "Ook, the Ape King",
    "Type": "Unit",
    "Attributes": {
      "height": "Gigantic"
    },
    "BasicProfileIds": [
      "f5b2d7a4e9f0c6a1d3b8f2a7d"
    ],
    "DefaultFront": 1,
    "Formation": 1
  },
  {
    "Id": "unit_595",
    "Name": "Warriors",
    "Type": "Unit",
    "Attributes": {
      "height": "Standard"
    },
    "BasicProfileIds": [
      "68357f9e790d8280c4b27fe9"
    ],
    "DefaultFront": 5,
    "Formation": 1
  },
  {
    "Id": "unit_596",
    "Name": "Fallen",
    "Type": "Unit",
    "Attributes": {
      "height": "Standard"
    },
    "BasicProfileIds": [
      "68357f9e790d8280c4b28040"
    ],
    "DefaultFront": 5,
    "Formation": 1
  },
  {
    "Id": "unit_597",
    "Name": "Barbarians",
    "Type": "Unit",
    "Attributes": {
      "height": "Standard"
    },
    "BasicProfileIds": [
      "68357f9e790d8280c4b28045"
    ],
    "DefaultFront": 5,
    "Formation": 1
  },
  {
    "Id": "unit_598",
    "Name": "Barbarian Horsemen",
    "Type": "Unit",
    "Attributes": {
      "height": "Standard"
    },
    "BasicProfileIds": [
      "68357f9f790d8280c4b2808a"
    ],
    "DefaultFront": 5,
    "Formation": 1
  },
  {
    "Id": "unit_599",
    "Name": "Warrior Knights",
    "Type": "Unit",
    "Attributes": {
      "height": "Standard"
    },
    "BasicProfileIds": [
      "68357f9f790d8280c4b280c6"
    ],
    "DefaultFront": 5,
    "Formation": 1
  },
  {
    "Id": "unit_600",
    "Name": "Warrior Chariot",
    "Type": "Unit",
    "Attributes": {
      "height": "Large"
    },
    "BasicProfileIds": [
      "68357f9f790d8280c4b28118"
    ],
    "DefaultFront": 1,
    "Formation": 1
  },
  {
    "Id": "unit_601",
    "Name": "Chosen",
    "Type": "Unit",
    "Attributes": {
      "height": "Standard"
    },
    "BasicProfileIds": [
      "68357f9f790d8280c4b28123"
    ],
    "DefaultFront": 5,
    "Formation": 1
  },
  {
    "Id": "unit_602",
    "Name": "Chosen Knights",
    "Type": "Unit",
    "Attributes": {
      "height": "Large"
    },
    "BasicProfileIds": [
      "68357fa0790d8280c4b2817a"
    ],
    "DefaultFront": 3,
    "Formation": 1
  },
  {
    "Id": "unit_603",
    "Name": "Chosen Chariot",
    "Type": "Unit",
    "Attributes": {
      "height": "Large"
    },
    "BasicProfileIds": [
      "68357fa0790d8280c4b281c0"
    ],
    "DefaultFront": 1,
    "Formation": 1
  },
  {
    "Id": "unit_604",
    "Name": "Forsworn",
    "Type": "Unit",
    "Attributes": {
      "height": "Large"
    },
    "BasicProfileIds": [
      "68357fa0790d8280c4b281cb"
    ],
    "DefaultFront": 3,
    "Formation": 1
  },
  {
    "Id": "unit_605",
    "Name": "Wretched Ones",
    "Type": "Unit",
    "Attributes": {
      "height": "Large"
    },
    "BasicProfileIds": [
      "68357fa0790d8280c4b28210"
    ],
    "DefaultFront": 3,
    "Formation": 1
  },
  {
    "Id": "unit_606",
    "Name": "Battleshrine",
    "Type": "Unit",
    "Attributes": {
      "height": "Large"
    },
    "BasicProfileIds": [
      "68357fa0790d8280c4b28213"
    ],
    "DefaultFront": 1,
    "Formation": 1
  },
  {
    "Id": "unit_607",
    "Name": "Flayers",
    "Type": "Unit",
    "Attributes": {
      "height": "Standard"
    },
    "BasicProfileIds": [
      "68357fa1790d8280c4b28219"
    ],
    "DefaultFront": 5,
    "Formation": 1
  },
  {
    "Id": "unit_608",
    "Name": "Warhounds",
    "Type": "Unit",
    "Attributes": {
      "height": "Standard"
    },
    "BasicProfileIds": [
      "68357fa1790d8280c4b28233"
    ],
    "DefaultFront": 5,
    "Formation": 1
  },
  {
    "Id": "unit_609",
    "Name": "Chimera",
    "Type": "Unit",
    "Attributes": {
      "height": "Large"
    },
    "BasicProfileIds": [
      "68357fa1790d8280c4b28236"
    ],
    "DefaultFront": 1,
    "Formation": 1
  },
  {
    "Id": "unit_610",
    "Name": "Feldraks",
    "Type": "Unit",
    "Attributes": {
      "height": "Large"
    },
    "BasicProfileIds": [
      "68357fa1790d8280c4b2823a"
    ],
    "DefaultFront": 3,
    "Formation": 1
  },
  {
    "Id": "unit_611",
    "Name": "Feldrak Elder",
    "Type": "Unit",
    "Attributes": {
      "height": "Gigantic"
    },
    "BasicProfileIds": [
      "68357fa2790d8280c4b28274"
    ],
    "DefaultFront": 1,
    "Formation": 1
  },
  {
    "Id": "unit_612",
    "Name": "Marauding Giant",
    "Type": "Unit",
    "Attributes": {
      "height": "Gigantic"
    },
    "BasicProfileIds": [
      "68357fa2790d8280c4b28279"
    ],
    "DefaultFront": 1,
    "Formation": 1
  },
  {
    "Id": "unit_613",
    "Name": "Forsaken One",
    "Type": "Unit",
    "Attributes": {
      "height": "Gigantic"
    },
    "BasicProfileIds": [
      "68357fa2790d8280c4b28288"
    ],
    "DefaultFront": 1,
    "Formation": 1
  },
  {
    "Id": "unit_614",
    "Name": "Hellmaw",
    "Type": "Unit",
    "Attributes": {
      "height": "Gigantic"
    },
    "BasicProfileIds": [
      "68357fa2790d8280c4b28289"
    ],
    "DefaultFront": 1,
    "Formation": 1
  }
]