[
  {
    "Id": "1",
    "Shape": "square",
    "width": "25",
    "length": "25"
  },
  {
    "Id": "2",
    "Shape": "square",
    "width": "50",
    "length": "100"
  },
  {
    "Id": "3",
    "Shape": "square",
    "width": "40",
    "length": "40"
  },
  {
    "Id": "4",
    "Shape": "square",
    "width": "25",
    "length": "50"
  },
  {
    "Id": "5",
    "Shape": "square",
    "width": "20",
    "length": "20"
  },
  {
    "Id": "6",
    "Shape": "square",
    "width": "50",
    "length": "50"
  },
  {
    "Id": "7",
    "Shape": "square",
    "width": "50",
    "length": "75"
  },
  {
    "Id": "8",
    "Shape": "square",
    "width": "150",
    "length": "100"
  },
  {
    "Id": "9",
    "Shape": "square",
    "width": "60",
    "length": "100"
  },
  {
    "Id": "10",
    "Shape": "square",
    "width": "40",
    "length": "60"
  },
  {
    "Id": "11",
    "Shape": "square",
    "width": "60",
    "length": "60"
  },
  {
    "Id": "12",
    "Shape": "square",
    "width": "100",
    "length": "100"
  },
  {
    "Id": "13",
    "Shape": "square",
    "width": "40",
    "length": "20"
  },
  {
    "Id": "14",
    "Shape": "square",
    "width": "100",
    "length": "150"
  },
  {
    "Id": "15",
    "Shape": "square",
    "width": "75",
    "length": "75"
  },
  {
    "Id": "16",
    "Shape": "square",
    "width": "40",
    "length": "80"
  },
  {
    "Id": "17",
    "Shape": "square",
    "width": "75",
    "length": "100"
  },
  {
    "Id": "18",
    "Shape": "square",
    "width": "60",
    "length": "40"
  },
  {
    "Id": "19",
    "Shape": "square",
    "width": "100",
    "length": "200"
  },
  {
    "Id": "20",
    "Shape": "square",
    "width": "75",
    "length": "50"
  },
  {
    "Id": "21",
    "Shape": "square",
    "width": "80",
    "length": "80"
  }
]