[
  {
    "Id": "1",
    "Name": "Flux Card 1",
    "Type": "Card",
    "Attributes": {
      "Level": "1"
    },
    "Description": "Both Players gain: 4 Magic Dice"
  },
  {
    "Id": "2",
    "Name": "Flux Card 10",
    "Type": "Card",
    "Attributes": {
      "Level": "10"
    },
    "Description": "Both Players gain: 5 Magic Dice"
  },
  {
    "Id": "3",
    "Name": "Flux Card 11",
    "Type": "Card",
    "Attributes": {
      "Level": "11"
    },
    "Description": "Both Players gain: 6 Magic Dice"
  },
  {
    "Id": "4",
    "Name": "Flux Card 12",
    "Type": "Card",
    "Attributes": {
      "Level": "12"
    },
    "Description": "Both Players gain: 7 Magic Dice"
  },
  {
    "Id": "5",
    "Name": "Flux Card 13",
    "Type": "Card",
    "Attributes": {
      "Level": "13"
    },
    "Description": "Both Players gain: 6 Magic Dice"
  },
  {
    "Id": "6",
    "Name": "Flux Card 14",
    "Type": "Card",
    "Attributes": {
      "Level": "14"
    },
    "Description": "Both Players gain: 7 Magic Dice"
  },
  {
    "Id": "7",
    "Name": "Flux Card 15",
    "Type": "Card",
    "Attributes": {
      "Level": "15"
    },
    "Description": "Both Players gain: 8 Magic Dice"
  },
  {
    "Id": "8",
    "Name": "Flux Card 16",
    "Type": "Card",
    "Attributes": {
      "Level": "16"
    },
    "Description": "Both Players gain: 8 Magic Dice"
  },
  {
    "Id": "9",
    "Name": "Flux Card 2",
    "Type": "Card",
    "Attributes": {
      "Level": "2"
    },
    "Description": "Both Players gain: 4 Magic Dice"
  },
  {
    "Id": "10",
    "Name": "Flux Card 3",
    "Type": "Card",
    "Attributes": {
      "Level": "3"
    },
    "Description": "Both Players gain: 4 Magic Dice"
  },
  {
    "Id": "11",
    "Name": "Flux Card 4",
    "Type": "Card",
    "Attributes": {
      "Level": "4"
    },
    "Description": "Both Players gain: 5 Magic Dice"
  },
  {
    "Id": "12",
    "Name": "Flux Card 5",
    "Type": "Card",
    "Attributes": {
      "Level": "5"
    },
    "Description": "Both Players gain: 6 Magic Dice"
  },
  {
    "Id": "13",
    "Name": "Flux Card 6",
    "Type": "Card",
    "Attributes": {
      "Level": "6"
    },
    "Description": "Both Players gain: 5 Magic Dice"
  },
  {
    "Id": "14",
    "Name": "Flux Card 7",
    "Type": "Card",
    "Attributes": {
      "Level": "7"
    },
    "Description": "Both Players gain: 6 Magic Dice"
  },
  {
    "Id": "15",
    "Name": "Flux Card 8",
    "Type": "Card",
    "Attributes": {
      "Level": "8"
    },
    "Description": "Both Players gain: 6 Magic Dice"
  },
  {
    "Id": "16",
    "Name": "Flux Card 9",
    "Type": "Card",
    "Attributes": {
      "Level": "9"
    },
    "Description": "Both Players gain: 5 Magic Dice"
  },
  {
    "Id": "17",
    "Name": "Living Steel",
    "Type": "Card",
    "Attributes": {
      "Level": "1",
      "CastingValue": "7",
      "Range": "18",
      "Duration": "1 Turn",
      "Type": "Augment, Replicable"
    },
    "Description": "The target's Standard Melee Attacks gains +1 to hit, +1 AP, and Magical Attacks.\n\nNo model can be affected by more than one instance of this spell simultaneously."
  },
  {
    "Id": "18",
    "Name": "Corruption of Tin",
    "Type": "Card",
    "Attributes": {
      "Level": "2",
      "CastingValue": "5",
      "Range": "24",
      "Duration": "1 Turn",
      "Type": "Hex"
    },
    "Description": "The target suffers -1 Arm and loses Metal Armour."
  },
  {
    "Id": "19",
    "Name": "Chalice of Gold",
    "Type": "Card",
    "Attributes": {
      "Level": "3",
      "CastingValue": "8",
      "Range": "18",
      "Duration": "Permanent",
      "Type": "Augment, Focused*"
    },
    "Description": "* Can only target Characters. Cannot target model parts containing Mount or Construct.\n\nThe target gains one of the Following Magic Items: Dragon’s Brew, Potion of Healing, Potion of Power Preservation, or Potion of Swiftness.\nSee the Common Potions and Scrolls.\nNote: This spell allows a Character to have more than a single Scroll or Potion, including duplicates."
  },
  {
    "Id": "20",
    "Name": "Silver Spike",
    "Type": "Card",
    "Attributes": {
      "Level": "4",
      "CastingValue": "8",
      "Range": "24",
      "Duration": "Instant",
      "Type": "Damage, Hex, Missile"
    },
    "Description": "The target suffers 1 hit with Str 3, AP 10, Area Attack (1×5), Direct Hit (Str 6, Multiple Wounds (D3)), and Magical Attacks."
  },
  {
    "Id": "21",
    "Name": "Word of Iron",
    "Type": "Card",
    "Attributes": {
      "Level": "5",
      "CastingValue": "11",
      "Range": "18",
      "Duration": "1 Turn",
      "Type": "Augment"
    },
    "Description": "The target gains +2 Arm and Metal Armour."
  },
  {
    "Id": "22",
    "Name": "Quicksilver Lash",
    "Type": "Card",
    "Attributes": {
      "Level": "6",
      "CastingValue": "11",
      "Range": "24",
      "Duration": "Instant",
      "Type": "Damage, Hex, Missile"
    },
    "Description": "The target suffers 2D3+1 hits with AP 4, Flaming Attacks, Magical Attacks and Zeal (against Metal Armour). These hits Always wound on 4+."
  },
  {
    "Id": "23",
    "Name": "Altered Sight",
    "Type": "Card",
    "Attributes": {
      "Level": "1",
      "CastingValue": "8",
      "Range": "18",
      "Duration": "1 Turn",
      "Type": "Replicable, Universal"
    },
    "Description": "The target's Offensive Skill is modified by [α].\nNo model can be affected by more than one instance of each version of this spell simultaneously.\n\n\tCosmos: [α]: +3\n\n\tChaos: [α]: -3"
  },
  {
    "Id": "24",
    "Name": "Truth of Time",
    "Type": "Card",
    "Attributes": {
      "Level": "2",
      "CastingValue": "6",
      "Range": "18",
      "Duration": "1 Turn",
      "Type": "Universal"
    },
    "Description": "The target's Charge Speed and Mobility are set to [α]. \n\n\tCosmos: [α]: 8\"\n\n\tChaos: [α]: 4\""
  },
  {
    "Id": "25",
    "Name": "Weal and Woe",
    "Type": "Card",
    "Attributes": {
      "Level": "3",
      "CastingValue": "8",
      "Range": "18",
      "Duration": "1 Turn",
      "Type": "Universal, "
    },
    "Description": "The target's Melee Attacks to wound rolls are modified by [α] and gain Magical Attacks.\n\n\tCosmos: [α]: +1\n\n\tChaos: [α]: -1"
  },
  {
    "Id": "26",
    "Name": "Ice and Fire",
    "Type": "Card",
    "Attributes": {
      "Level": "4",
      "CastingValue": "9",
      "Range": "24",
      "Duration": "Instant",
      "Type": "Damage, Hex, Missile"
    },
    "Description": "The target suffers 2D6 hits with Str 4, AP0, and Magical Attacks. Successful [α] against wounds caused by this spell must be rerolled.\n\n\tCosmos: [α]: Regeneration and Aegis Saves\n\n\tChaos: [α]: Armour Saves"
  },
  {
    "Id": "27",
    "Name": "Cosmic Scales",
    "Type": "Card",
    "Attributes": {
      "Level": "5",
      "CastingValue": "11",
      "Range": "18",
      "Duration": "1 Turn",
      "Type": "Universal"
    },
    "Description": "Melee Attacks [α] the target can never hit nor wound on better than 4..\n\n\tCosmos: [α]: allocated against\n\n\tChaos: [α]: allocated by"
  },
  {
    "Id": "28",
    "Name": "Thunder and Lightning",
    "Type": "Card",
    "Attributes": {
      "Level": "6",
      "CastingValue": "10",
      "Range": "24",
      "Duration": "Instant",
      "Type": "Damage, Hex, Missile"
    },
    "Description": "All hits are resolved with Str 6, AP 2, Lightning Attacks and Magical Attacks. The target suffers 3 hits. Before removing casualties, apply [α].\n\n\tCosmos: [α]: The target suffers 1 additional hit\n\n\tChaos: [α]: Select a new Unengaged enemy unit within 6″ of the target: it suffers 2 hits. Before removing casualties, select a 3rd Unengaged enemy unit within 6″ of the 2nd unit: it suffers 1 hit."
  },
  {
    "Id": "29",
    "Name": "Foresight",
    "Type": "Card",
    "Attributes": {
      "Level": "1",
      "CastingValue": "8",
      "Range": "18",
      "Duration": "Permanent",
      "Type": "Augment, Replicable"
    },
    "Description": "The target gains +1 Def and +1 Off."
  },
  {
    "Id": "30",
    "Name": "Immortal's Bane",
    "Type": "Card",
    "Attributes": {
      "Level": "2",
      "CastingValue": "5",
      "Range": "18",
      "Duration": "1 Turn",
      "Type": "Augment"
    },
    "Description": "The target gains Divine Attacks and Magic Resistance (3)."
  },
  {
    "Id": "31",
    "Name": "The Stars Align",
    "Type": "Card",
    "Attributes": {
      "Level": "3",
      "CastingValue": "9",
      "Range": "18",
      "Duration": "1 Turn",
      "Type": "Augment"
    },
    "Description": "The target gains Hatred"
  },
  {
    "Id": "32",
    "Name": "Fate's Judgement",
    "Type": "Card",
    "Attributes": {
      "Level": "4",
      "CastingValue": "8",
      "Range": "24",
      "Duration": "Instant",
      "Type": "Damage, Hex, Missile"
    },
    "Description": "The target suffers a number of hits equal to the number of Magic Dice on this turn's Flux Card.\nThose hits are resolved with Str4, AP2, and Magical Attacks."
  },
  {
    "Id": "33",
    "Name": "Augury of Triumph",
    "Type": "Card",
    "Attributes": {
      "Level": "5",
      "CastingValue": "10",
      "Range": "24",
      "Duration": "1 Turn",
      "Type": "Augment"
    },
    "Description": "The target's side gains a bonus to its Static Combat Score bonus equal to the Game Turn number."
  },
  {
    "Id": "34",
    "Name": "Inescapable Doom",
    "Type": "Card",
    "Attributes": {
      "Level": "6",
      "CastingValue": "11",
      "Range": "24",
      "Duration": "Permanent *",
      "Type": "Damage, Hex, Missile"
    },
    "Description": "* This spell only ever affects the marked Health Pool.\n\nMark a Health Pool in the target unit, which has to be Rank-and-File if possible. Place one “Doom” Token on the marked Health Pool, and one at the start of each friendly Magic Phase.\n\nAt the end of any friendly Magic Phase, if the target is Unengaged, the Caster may end the spell. If so, remove all corresponding Doom Tokens: for each removed token, the marked Health Pool suffers 3 hits with Str 6, AP3, and Magical Attacks."
  },
  {
    "Id": "35",
    "Name": "Fountain of Youth",
    "Type": "Card",
    "Attributes": {
      "Level": "1",
      "CastingValue": "5",
      "Range": "18\"*",
      "Duration": "Instant",
      "Type": "Augment, Replicable"
    },
    "Description": "* Alternatively, the Range can be set to 6″ and be measured from a Field, Forest, Hill, Impassable Terrain, or Water Terrain Feature.\n\nChoose one of the following effects for the target:\n\n• One Health Pool in the target Recovers 1 HP.\n\n\n• A Rank-and-File part of the target Raises 2 HP.\nThe Rank-and-File Health Pool cannot start the game as a single model unit.\n\nNo single Health Pool can be chosen more than once in each Magic Phase."
  },
  {
    "Id": "36",
    "Name": "Entwining Roots",
    "Type": "Card",
    "Attributes": {
      "Level": "2",
      "CastingValue": "8",
      "Range": "24\"*",
      "Duration": "1 Turn",
      "Type": "Hex"
    },
    "Description": "* Alternatively, the Range can be set to 6″ and be measured from a Forest.\n\nThe target halves its Charge Speed and Mobility (rounding fractions up), and suffers -2 Agi, to a minimum of 1."
  },
  {
    "Id": "37",
    "Name": "Veil of Mist",
    "Type": "Card",
    "Attributes": {
      "Level": "3",
      "CastingValue": "8",
      "Range": "24\"*",
      "Duration": "1 Turn",
      "Type": "Hex"
    },
    "Description": "* Alternatively, the Range can be set to 6″ and be measured from a Water Terrain Feature.\n\nAll units within 12″ of the target when Casting or Shooting suffer a -2 modifier to their Casting Rolls and a -1 to hit with Shooting Attacks."
  },
  {
    "Id": "38",
    "Name": "Stone Skin",
    "Type": "Card",
    "Attributes": {
      "Level": "4",
      "CastingValue": "10",
      "Range": "18\"*",
      "Duration": "1 Turn",
      "Type": "Augment"
    },
    "Description": "* Alternatively, the Range can be set to 6″ and be measured from an Impassable Terrain.\n\nThe target gains +1 Res.\nIn addition, Melee Attacks allocated towards it never wound on better than 4+."
  },
  {
    "Id": "39",
    "Name": "Shield of Thorns",
    "Type": "Card",
    "Attributes": {
      "Level": "5",
      "CastingValue": "9",
      "Range": "18\"*",
      "Duration": "1 Turn"
    },
    "Description": "* Alternatively, the Range can be set to 6″ and be measured from a Field.\n\nThe target gains Parry.\nFor each Standard Melee Attack allocated against themodelthatrollsa ‘6’ to hit, the attacking model’s Health Pool suffers one hit at the same Agility Step, with Str 4, AP 2, and Unmodifiable."
  },
  {
    "Id": "40",
    "Name": "Mud Slide",
    "Type": "Card",
    "Attributes": {
      "Level": "6",
      "CastingValue": "10",
      "Range": "18\"*",
      "Duration": "1 Turn",
      "Type": "Hex"
    },
    "Description": "* Alternatively, the Range can be set to 6″ and be measured from a Hill.\n\nThe target must immediately take a Dangerous Terrain (6+) Test, and treats Open Terrain as Dangerous Terrain (6+).\nIn addition, the target suffers -1 to-hit with its Melee Attacks."
  },
  {
    "Id": "41",
    "Name": "Whispers of the Veil",
    "Type": "Card",
    "Attributes": {
      "Level": "1",
      "CastingValue": "8",
      "Range": "18",
      "Duration": "1 Turn",
      "Type": "Hex, Replicable"
    },
    "Description": "The target suffers -1 Res.\n\nNo model can be affected by more than one instance of this spell simultaneously."
  },
  {
    "Id": "42",
    "Name": "Danse Macabre",
    "Type": "Card",
    "Attributes": {
      "Level": "2",
      "CastingValue": "5",
      "Range": "18",
      "Duration": "1 Turn",
      "Type": "Augment"
    },
    "Description": "The target gains Ghost Step.\nIn addition, it may immediately perform a Magical Move (4 Mob)."
  },
  {
    "Id": "43",
    "Name": "Chorus of the Damned",
    "Type": "Card",
    "Attributes": {
      "Level": "3",
      "CastingValue": "8",
      "Range": "18",
      "Duration": "1 Turn",
      "Type": "Augment"
    },
    "Description": "The target gains Distracting (1)"
  },
  {
    "Id": "44",
    "Name": "Touch of the Reaper",
    "Type": "Card",
    "Attributes": {
      "Level": "4",
      "CastingValue": "8",
      "Range": "24",
      "Duration": "Instant",
      "Type": "Damage, Hex, Missile"
    },
    "Description": "Select one or two models in the target unit.\nEach selected model suffers a single hit that wounds automatically, with AP 10 and Magical Attacks."
  },
  {
    "Id": "45",
    "Name": "Spectral Blades",
    "Type": "Card",
    "Attributes": {
      "Level": "5",
      "CastingValue": "10",
      "Range": "18",
      "Duration": "1 Turn",
      "Type": "Augment"
    },
    "Description": "The target gains Dying Blow, and its Standard Melee Attacks always have at least AP 3 and gain Magical Attacks."
  },
  {
    "Id": "46",
    "Name": "Soul Blight",
    "Type": "Card",
    "Attributes": {
      "Level": "6",
      "CastingValue": "11",
      "Range": "24",
      "Duration": "Instant",
      "Type": "Damage, Hex, Missile"
    },
    "Description": "The target suffer 2D3+1 hits with Str 9, AP 10, Magical Attacks and Psychic Attacks."
  },
  {
    "Id": "47",
    "Name": "The Devouring Dark",
    "Type": "Card",
    "Attributes": {
      "Level": "1",
      "CastingValue": "9",
      "Range": "12",
      "Duration": "Instant",
      "Type": "Hex, Replicable"
    },
    "Description": "The target suffers a hit with Area Attack (3×2), Str 5, AP 2, and Magical Attacks."
  },
  {
    "Id": "48",
    "Name": "Blood Curse",
    "Type": "Card",
    "Attributes": {
      "Level": "2",
      "CastingValue": "6",
      "Range": "12",
      "Duration": "Permanent",
      "Type": "Hex"
    },
    "Description": "The target suffers -1 Off and -1 Def."
  },
  {
    "Id": "49",
    "Name": "Hand of Glory",
    "Type": "Card",
    "Attributes": {
      "Level": "3",
      "CastingValue": "8",
      "Range": "12",
      "Duration": "1 Turn",
      "Type": "Augment"
    },
    "Description": "The target gains Aegis (6+) and Aegis (+1, max. 3+)."
  },
  {
    "Id": "50",
    "Name": "Pentagram of Pain",
    "Type": "Card",
    "Attributes": {
      "Level": "4",
      "CastingValue": "9",
      "Range": "12",
      "Duration": "Instant",
      "Type": "Aura *, Universal"
    },
    "Description": "* The Caster's unit is not targeted.\n\nThe target suffers 3 hits with Str 5, AP 2, and Magical Attacks.\nIf this spell causes at least one HP loss, the Caster of the spell Recovers 1 HP."
  },
  {
    "Id": "51",
    "Name": "Umbral Majesty",
    "Type": "Card",
    "Attributes": {
      "Level": "5",
      "CastingValue": "10",
      "Range": "12",
      "Duration": "1 Turn",
      "Type": "Augment"
    },
    "Description": "In each Round of Combat, one model in the target unit gains a “Majesty” model part, with Duration: Round of Combat.\nSelect the affected model immediately before the “Majesty” model part allocates its attacks.\nThe “Majesty” model part has the following Offensive Profile:\nAtt 6, Off 9, Str 5, AP 2, Agi 8."
  },
  {
    "Id": "52",
    "Name": "The Grave Calls",
    "Type": "Card",
    "Attributes": {
      "Level": "6",
      "CastingValue": "11",
      "Range": "12",
      "Duration": "Instant",
      "Type": "Damage, Hex"
    },
    "Description": "The target suffers 8 hits with Str 5, AP 2, and Magical Attacks."
  },
  {
    "Id": "53",
    "Name": "Fireball",
    "Type": "Card",
    "Attributes": {
      "Level": "1",
      "CastingValue": "5",
      "Range": "36",
      "Duration": "Instant",
      "Type": "Damage, Hex, Missile, Replicable"
    },
    "Description": "The target suffers 2D3 hits with Str 4, AP 0, Flaming Attacks and Magical Attacks."
  },
  {
    "Id": "54",
    "Name": "Flaming Swords",
    "Type": "Card",
    "Attributes": {
      "Level": "2",
      "CastingValue": "8",
      "Range": "18",
      "Duration": "1 Turn",
      "Type": "Augment"
    },
    "Description": "The target gains +1 to wound, Flaming Attacks (Melee & Shooting) and Magical Attacks (Melee & Shooting)."
  },
  {
    "Id": "55",
    "Name": "Dragon's Roar",
    "Type": "Card",
    "Attributes": {
      "Level": "3",
      "CastingValue": "9",
      "Range": "18",
      "Duration": "1 Turn",
      "Type": "Augment"
    },
    "Description": "Choose a single model part in the target unit when casting the spell. This model part gains Breath Attack (Str 4,  AP 0, Flaming Attacks and Magical Attacks) and Grind Attack (2D6, Str 4, AP 0, Flaming Attacks, Magical Attacks and Unmodifiable)."
  },
  {
    "Id": "56",
    "Name": "Pyroclastic Flow",
    "Type": "Card",
    "Attributes": {
      "Level": "4",
      "CastingValue": "9",
      "Range": "24",
      "Duration": "Instant",
      "Type": "Damage, Hex, Missile"
    },
    "Description": "The target suffers 5D3 hits with Str 4, AP 0, Flaming Attacks and Magical Attacks."
  },
  {
    "Id": "57",
    "Name": "Pillars of Fire",
    "Type": "Card",
    "Attributes": {
      "Level": "5",
      "CastingValue": "10",
      "Range": "18",
      "Duration": "1 Turn",
      "Type": "Augment"
    },
    "Description": "Standard Melee Attacks from Rank-and-File models in the target are always Str 4 and AP 0, and gain Automatic Hits, Flaming Attacks and Magical Attacks."
  },
  {
    "Id": "58",
    "Name": "Tidal Flame",
    "Type": "Card",
    "Attributes": {
      "Level": "6",
      "CastingValue": "10",
      "Range": "25",
      "Duration": "Instant",
      "Type": "Damage, Hex, Missile"
    },
    "Description": "The target suffers 1 hit with Str 3, AP 0, Area Attack (5×5), Direct Hit (Str 6, AP2, Multiple Wounds (2)), Flaming Attacks, and Magical Attacks."
  },
  {
    "Id": "59",
    "Name": "Swarm of Insects",
    "Type": "Card",
    "Attributes": {
      "Level": "1",
      "CastingValue": "9",
      "Range": "36",
      "Duration": "1 Turn",
      "Type": "Damage, Hex, Missile, Replicable"
    },
    "Description": "Immediately when the spell is cast, the target suffers 5D6 hits with AP 0 and Magical Attacks, and that always wound on 6+.\nIn addition, it suffers -1 to hit with Shooting Attacks."
  },
  {
    "Id": "60",
    "Name": "Savage Fury",
    "Type": "Card",
    "Attributes": {
      "Level": "2",
      "CastingValue": "5",
      "Range": "18",
      "Duration": "1 Turn",
      "Type": "Universal"
    },
    "Description": "The target gains Fearless, Frenzy, Fury and Unruly."
  },
  {
    "Id": "61",
    "Name": "Awaken the Beast",
    "Type": "Card",
    "Attributes": {
      "Level": "3",
      "CastingValue": "8",
      "Range": "18",
      "Duration": "1 Turn",
      "Type": "Augment"
    },
    "Description": "The target gains +1 Str and +1 AP."
  },
  {
    "Id": "62",
    "Name": "Predator's Instinct",
    "Type": "Card",
    "Attributes": {
      "Level": "4",
      "CastingValue": "8",
      "Range": "18",
      "Duration": "1 Turn",
      "Type": "Augment"
    },
    "Description": "The target gains +3\" Cha and Resistance (Ranged Attacks)."
  },
  {
    "Id": "63",
    "Name": "Wild Guardian",
    "Type": "Card",
    "Attributes": {
      "Level": "5",
      "CastingValue": "10",
      "Range": "24",
      "Duration": "Permanent*",
      "Type": "Augment"
    },
    "Description": "* This spell only ever affects the marked Health Pool.\n\nMark a Health Pool in the target. In each Round of Combat one model in the marked Health Pool gains a Guardian Model Part with the Duration: Round of Combat. Select which model immediately before the Wild Guardian allocates its attacks. A unit can never have more than one Wild Guardian Model Part. The Guardian model part has:\nAtt 4, Off 3, Str 6, AP 3, Agi 3."
  },
  {
    "Id": "64",
    "Name": "Totemic Summon",
    "Type": "Card",
    "Attributes": {
      "Level": "6",
      "CastingValue": "11",
      "Duration": "Instant",
      "Type": "Ground *"
    },
    "Description": "* Battlefield Edge.\n\nSummon a Totemic Beast and immediately place it on the Battlefield using Ambush (Target Point)."
  },
  {
    "Id": "65",
    "Name": "Smite the Unbeliever",
    "Type": "Card",
    "Attributes": {
      "Level": "1",
      "CastingValue": "9",
      "Range": "24",
      "Duration": "Instant",
      "Type": "Damage, Hex, Missile, Replicable"
    },
    "Description": "The target suffers D6 hits with Str 5, AP 2, and Magical Attacks.\n\n✠ : choose an additional different target for the spell, following the normal targeting restrictions.\n\nx : choose a new target for the spell, following the normal targeting restrictions."
  },
  {
    "Id": "66",
    "Name": "Light of Faith",
    "Type": "Card",
    "Attributes": {
      "Level": "2",
      "CastingValue": "6",
      "Range": "18",
      "Duration": "1 Turn",
      "Type": "Augment"
    },
    "Description": "The target adds +1 to the Combat Score of its side, and gains +1 Dis.\n\n✠ : the target gains Courageous.\n\nx : the target's Charge, Flee, and Pursue rolls are Minimised."
  },
  {
    "Id": "67",
    "Name": "Weight of Judgement",
    "Type": "Card",
    "Attributes": {
      "Level": "3",
      "CastingValue": "8",
      "Range": "24",
      "Duration": "1 Turn",
      "Type": "Hex"
    },
    "Description": "The target suffers -2 Agi, to a minimum of 1, and -2 Def\n\n✠ : the target suffers -2 Off.\n\nx : the target does not suffer -2 Def (i.e. it only suffers -2 Agi)"
  },
  {
    "Id": "68",
    "Name": "Holy Affliction",
    "Type": "Card",
    "Attributes": {
      "Level": "4",
      "CastingValue": "9",
      "Range": "24",
      "Duration": "1 Turn",
      "Type": "Hex"
    },
    "Description": "The target suffers -1 to wound with its Melee Attacks.\n\n✠ : the target suffers -1 AP.\n\nx : the target gains +1 AP"
  },
  {
    "Id": "69",
    "Name": "Wrath of God",
    "Type": "Card",
    "Attributes": {
      "Level": "5",
      "CastingValue": "10",
      "Range": "48",
      "Duration": "Permanent",
      "Type": "Ground"
    },
    "Description": "Place a marker on the target point. Do not roll for Divine Intervention when resolving the effects of this spell. You must roll for Divine Intervention at the start of each subsequent Magic Phase:\n\n✠ : each unit with in 2D6″ of the centre of the marker suffers 2D6 hits with Str 5, AP 2, and Magical Attacks. Then remove the marker.\n\nx : your opponent may move the marker up to 3″ in any direction."
  },
  {
    "Id": "70",
    "Name": "Rain of Fire",
    "Type": "Card",
    "Attributes": {
      "Level": "6",
      "CastingValue": "11",
      "Range": "24",
      "Duration": "Instant",
      "Type": "Damage, Hex"
    },
    "Description": "The target suffers D3+1 hits. All other units within 3\" of the target suffer 1 hit. All hits are resolved with Str 9, AP 4, Flaming Attacks and Magical Attacks.\n\n✠ : increase the number of hits each unit suffers by 1.\n\nx : decrease the number of hits each unit suffers by 1."
  },
  {
    "Id": "71",
    "Name": "Mind Fog",
    "Type": "Card",
    "Attributes": {
      "Level": "1",
      "CastingValue": "8",
      "Range": "24",
      "Duration": "1 Turn",
      "Type": "Hex, Replicable"
    },
    "Description": "Each Range Attack made by the target that fails its to-hit roll is instead allocated towards the attacking model’s Health Pool with Automatic Hits.\nEach Standard Melee Attack made by the target that results in a to-hit roll of ‘1’ to hit, is instead allocated back at allocated towards the attacking model’s Health Pool with Automatic Hits."
  },
  {
    "Id": "72",
    "Name": "Mirror Image",
    "Type": "Card",
    "Attributes": {
      "Level": "2",
      "CastingValue": "8",
      "Range": "24",
      "Duration": "1 Turn",
      "Type": "Augment *"
    },
    "Description": "* Can only target units of Height 0-3.\n\nThe next two hits the target would suffer are ignored.\nIf the target is hit by several simultaneous hits, the owner of the unit chooses which hits to ignore. (Hits that are multiplied into several hits (e.g. due to Fury or Area Attack) are ignored after multiplication.)"
  },
  {
    "Id": "73",
    "Name": "Illusory Paths",
    "Type": "Card",
    "Attributes": {
      "Level": "3",
      "CastingValue": "9",
      "Range": "18",
      "Duration": "1 Turn",
      "Type": "Universal"
    },
    "Description": "Choose which effect to apply when casting the spell:\n\n• The target gains Random Movement (2D6\").\n\n• The target gains Random Movement (3D6\")."
  },
  {
    "Id": "74",
    "Name": "Shrouded Steps",
    "Type": "Card",
    "Attributes": {
      "Level": "4",
      "CastingValue": "5",
      "Range": "18",
      "Duration": "Instant",
      "Type": "Augment"
    },
    "Description": "The target gains Hard Target (1).\nIn addition, it may immediately perform a Magical Move (6 Mob)."
  },
  {
    "Id": "75",
    "Name": "Clouded Sight",
    "Type": "Card",
    "Attributes": {
      "Level": "5",
      "CastingValue": "11",
      "Range": "24",
      "Duration": "1 Turn",
      "Type": "Hex"
    },
    "Description": "The target cannot draw Line of Sight to a target more than 12\" away from it."
  },
  {
    "Id": "76",
    "Name": "Cauldron's Curse",
    "Type": "Card",
    "Attributes": {
      "Level": "6",
      "CastingValue": "11",
      "Range": "24",
      "Duration": "1 Turn",
      "Type": "Hex"
    },
    "Description": "The target gains Weakness."
  },
  {
    "Id": "77",
    "Name": "Arise!",
    "Type": "Card",
    "Attributes": {
      "Level": "H",
      "CastingValue": "6",
      "Range": "18",
      "Duration": "Instant",
      "Type": "Augment, Replicable"
    },
    "Description": "Choose one of the following effects, for each target:\n\n• The Rank-and-File part of the target Raises HP equal to its Rsr value.\n\n• One model in the target Recovers HP equal to its Rsr value.\n\nThe following models cannot Recover more than 2 HP from this sell each Magic Phase:\n\n• Height 4-5 models with Solitary.\n\n• Characters and models with WarPlatform."
  },
  {
    "Id": "78",
    "Name": "Astral Union",
    "Type": "Card",
    "Attributes": {
      "Level": "H",
      "CastingValue": "8",
      "Range": "18",
      "Duration": "1 Turn",
      "Type": "Augment, Replicable"
    },
    "Description": "The target gains Regeneration (6+) and Regeneration (+1, max. 3+)."
  },
  {
    "Id": "79",
    "Name": "Breath of the Lady",
    "Type": "Card",
    "Attributes": {
      "Level": "H",
      "CastingValue": "9",
      "Duration": "Instant",
      "Type": "Caster"
    },
    "Description": "Add 2 Blessing Tokens to your pool."
  },
  {
    "Id": "80",
    "Name": "Breath of the Steppe",
    "Type": "Card",
    "Attributes": {
      "Level": "H",
      "CastingValue": "6",
      "Range": "36",
      "Duration": "1 Turn",
      "Type": "Augment, Replicable"
    },
    "Description": "Place a round Tornado Marker with a 3\" diameter with its centre on the target point. The Tornado Marker must be placed more than 1\" away from any unit. The marker is considered Covering Terrain for units inside and/or behind them that contributes to ⟨Soft⟩ {Hard} Cover.\n\nThe Tornado Marker is Dangerous Terrain (2 {3}), even for models with Strider."
  },
  {
    "Id": "81",
    "Name": "Chains of Pride",
    "Type": "Card",
    "Attributes": {
      "Level": "H",
      "CastingValue": "5",
      "Range": "24",
      "Duration": "1 Turn",
      "Type": "Augment, Hex"
    },
    "Description": "The target gains Unstable and Fearless. {Targets with Supernal cannot take Break Tests.}"
  },
  {
    "Id": "82",
    "Name": "Children of Umi",
    "Type": "Card",
    "Attributes": {
      "Level": "H",
      "CastingValue": "6",
      "Range": "18",
      "Duration": "1 Turn",
      "Type": "Augment"
    },
    "Description": "All Melee Attacks allocated against the target suffer -1 to wound."
  },
  {
    "Id": "83",
    "Name": "Curse of Nezibkesh",
    "Type": "Card",
    "Attributes": {
      "Level": "H",
      "CastingValue": "8",
      "Range": "36",
      "Duration": "1 Turn",
      "Type": "Hex"
    },
    "Description": "The target gains an Incendiary Marker. \n\nIn addition, the target suffers -1 Def and -1 Off, and an additional -1 Def and -1 Off, as long as it has 1 or more Incendiary Markers on it."
  },
  {
    "Id": "84",
    "Name": "Curse of the Phantom Queen",
    "Type": "Card",
    "Attributes": {
      "Level": "H",
      "CastingValue": "9",
      "Range": "24",
      "Duration": "1 Turn",
      "Type": "Hex"
    },
    "Description": "Attacks made by the target suffer -1 AP.\nAttacks made against the target gain +1 AP.\nAttacks from spells are not affected."
  },
  {
    "Id": "85",
    "Name": "Duty is Eternal",
    "Type": "Card",
    "Attributes": {
      "Level": "H",
      "CastingValue": "8",
      "Range": "12",
      "Duration": "1 Turn",
      "Type": "Augment"
    },
    "Description": "The target gains +1 Res."
  },
  {
    "Id": "86",
    "Name": "Echoes of the Dark Forest",
    "Type": "Card",
    "Attributes": {
      "Level": "H",
      "CastingValue": "6",
      "Range": "24",
      "Duration": "1 Turn",
      "Type": "Augment"
    },
    "Description": "The target gains Fearless.\nIn addition, it may immediately perform a Magical Move (5 Mob).\nThis spell may target units in Ambush. If so, the target unit immediately enters the Battlefied following normal Ambush rules, instead of performing a Magical Move."
  },
  {
    "Id": "87",
    "Name": "Favour of Meladys",
    "Type": "Card",
    "Attributes": {
      "Level": "H",
      "CastingValue": "10",
      "Duration": "1 Turn",
      "Type": "Caster"
    },
    "Description": "The target  gains 2 Protection Tokens which are removed when the spell ends. When a friendly unit within 18\" of the target suffers a wound, after Armour Saves have been taken, but before any Special Saves are taken, the target may discard a Protection Token and ignore the wound applying the following rules:\n\n• Rank-and-File models of Height 1 ignore up to 2 wounds per token (provided they are suffered simultaneously).\n\n•  Characters, and models of Height 4 or 5, can each only ignore a single wound per Phase.\n\n• Wounds from attacks with Multiple Wounds are not ignored, they inflict one less wound instead."
  },
  {
    "Id": "88",
    "Name": "Forest Embrace",
    "Type": "Card",
    "Attributes": {
      "Level": "H",
      "CastingValue": "6",
      "Range": "24",
      "Duration": "1 Turn",
      "Type": "Augment"
    },
    "Description": "Place a Forest * underneath the target until the last model in the unit is removed as a casualty. This Forest always extends up to the edges of the target's Unit Boundary (even if the unit moves or changes formation). Whenever the target is within 3″ of another Forest or an another unit entirely with Sylvan Spirit, it must reroll to-hit and to-wound rolls of ‘1’ with its Melee Attacks.\n\n* You may place a marker next to the unit instead"
  },
  {
    "Id": "89",
    "Name": "Frostbite",
    "Type": "Card",
    "Attributes": {
      "Level": "H",
      "CastingValue": "5",
      "Range": "24",
      "Duration": "1 Turn",
      "Type": "Universal"
    },
    "Description": "If this spell targets a friendly unit, the target gains +1 Armour. If this spell targets an enemy unit, the target suffers -1 Armour. {This spell may target two units instead of one (declare the additional target before the Casting Attempt).}"
  },
  {
    "Id": "90",
    "Name": "Guile and Fury",
    "Type": "Card",
    "Attributes": {
      "Level": "H",
      "CastingValue": "8",
      "Range": "24",
      "Duration": "1 Turn"
    },
    "Description": "Can be cast in one of two versions:\n\n• Augment: cannot be cast by a Goblin.\n\nThe target gains +1 to hit, and its Charge Range, Flee Distance, and Pursuit Distance are increased by 1\".\n\n• Hex: cannot be cast by an Orc.\n\nThe target suffers -1 to hit, and its Charge Range, Flee Distance, and Pursuit Distance are reduced by 1\"."
  },
  {
    "Id": "91",
    "Name": "Hellfire",
    "Type": "Card",
    "Attributes": {
      "Level": "H",
      "CastingValue": "10",
      "Range": "18",
      "Duration": "Instant",
      "Type": "Damage*, Hex"
    },
    "Description": "The target suffers 2D6 hits with Str 6, AP 0, and Magical Attacks.\n\n* This spell can target units Engaged in Combat and in contact with the Caster's Front Facing."
  },
  {
    "Id": "92",
    "Name": "Iovanis' Thunder",
    "Type": "Card",
    "Attributes": {
      "Level": "H",
      "CastingValue": "7",
      "Range": "24",
      "Duration": "Instant",
      "Type": "Hex"
    },
    "Description": "The target suffers 2D3 hits with Str 4, AP 1, Lightning Attacks, Magical Attacks, and Maniacal Enthusiasm (To-wound roll)."
  },
  {
    "Id": "93",
    "Name": "Spear of Infinity",
    "Type": "Card",
    "Attributes": {
      "Level": "H",
      "CastingValue": "6",
      "Range": "24",
      "Duration": "Instant",
      "Type": "Damage, Hex, Missile, Replicable"
    },
    "Description": "The target suffers 1 hit with Str 2, AP 2, Area Attack (1x5), Direct Hit (Str 4, AP 3, Multiple Wounds (2)), and Magical Attacks. The hits from Spear of Infinity gain +1 Str for each spell successfully cast before this spell in this Magic Phase (including other instances of Spear of Infinity)."
  },
  {
    "Id": "94",
    "Name": "Tempest of the Storm Witch",
    "Type": "Card",
    "Attributes": {
      "Level": "H",
      "CastingValue": "6",
      "Range": "18",
      "Duration": "1 Turn",
      "Type": "Augment"
    },
    "Description": "The target may immediately perform a 12\" Magical Move and loses Scoring. {In addition, the target gains Coastal Predator.}"
  },
  {
    "Id": "95",
    "Name": "Aura of Power - Chalice of Gold",
    "Type": "Card",
    "Attributes": {
      "Level": "B",
      "CastingValue": "5",
      "Duration": "Instant",
      "Type": "Augment, Focused*"
    },
    "Description": "The model can cast Chalice of Gold (Alchemy) as a Bound Spell.\n\n* Can only target Characters. Cannot target model parts containing Mount or Construct.\n\nThe target gains one of the Following Magic Items: Dragon’s Brew, Potion of Healing, Potion of Power Preservation, or Potion of Swiftness.\nSee the Common Potions and Scrolls.\nNote: This spell allows a Character to have more than a single Scroll or Potion, including duplicates."
  },
  {
    "Id": "96",
    "Name": "Aura of Power - Ice and Fire",
    "Type": "Card",
    "Attributes": {
      "Level": "B",
      "CastingValue": "5",
      "Duration": "Instant",
      "Type": "Damage, Hex, Missile"
    },
    "Description": "The model can cast Ice and Fire (Cosmology) as a Bound Spell.\n\nThe target suffers 2D6 hits with Str 4, AP0, and Magical Attacks. Successful [α] against wounds caused by this spell must be rerolled.\n\n\tCosmos: [α]: Regeneration and Aegis Saves\n\n\tChaos: [α]: Armour Saves"
  },
  {
    "Id": "97",
    "Name": "Book of the Dead",
    "Type": "Card",
    "Attributes": {
      "Level": "B",
      "CastingValue": "4",
      "Range": "12",
      "Duration": "Instant",
      "Type": "Augment, Aura"
    },
    "Description": "The bearer can cast a unique Bound Spell: Unfinished Duty.\n\nChoose one of the following effects for each target:\n\n• The Rank-and-File part of the target Raises a number of HP equal to its Resurrected value.\n\n • One model in the target Recovers a number of HP equal to its Resurrected value."
  },
  {
    "Id": "98",
    "Name": "Carved Wisdom - Silver Spike",
    "Type": "Card",
    "Attributes": {
      "Level": "B",
      "CastingValue": "4",
      "Range": "24",
      "Duration": "Instant",
      "Type": "Damage, Hex, Missile"
    },
    "Description": "The model can cast Silver Spike (Alchemy) as a Bound Spell.\n\nThe target suffers 1 hit with Str 3, AP 10, Area Attack (1×5), Direct Hit (Str 6, Multiple Wounds (D3)), and Magical Attacks."
  },
  {
    "Id": "99",
    "Name": "Carved Wisdom - Fate's Judgement",
    "Type": "Card",
    "Attributes": {
      "Level": "B",
      "CastingValue": "4",
      "Range": "24",
      "Duration": "Instant",
      "Type": "Damage, Hex, Missile"
    },
    "Description": "The model can cast Fate's Judgement (Divination) as a Bound Spell.\n\nThe target suffers a number of hits equal to the number of Magic Dice on this turn’s Flux Card. Those hits are resolved with Str4, AP2, and Magical Attacks."
  },
  {
    "Id": "100",
    "Name": "Carved Wisdom - Touch of the Reaper",
    "Type": "Card",
    "Attributes": {
      "Level": "B",
      "CastingValue": "4",
      "Range": "24",
      "Duration": "Instant",
      "Type": "Damage, Hex, Missile"
    },
    "Description": "The model can cast Touch of the Reaper (Evocation) as a Bound Spell.\n\nSelect one or two models in the target unit. Each selected model suffers a single hit that wounds automatically, with AP 10 and Magical Attacks."
  },
  {
    "Id": "101",
    "Name": "Carved Wisdom - Swarm of Insects",
    "Type": "Card",
    "Attributes": {
      "Level": "B",
      "CastingValue": "5",
      "Range": "36",
      "Duration": "One Turn",
      "Type": "Damage, Hex, Missile"
    },
    "Description": "The model can cast Swarm of Insects (Shamanism) as a Bound Spell.\n\nImmediately when the spell is cast, the target suffers 5D6 hits with AP 0 and Magical Attacks, and that always wound on 6+.\nIn addition, it suffers -1 to hit with Shooting Attacks."
  },
  {
    "Id": "102",
    "Name": "Ceinran's Scales",
    "Type": "Card",
    "Attributes": {
      "Level": "B",
      "CastingValue": "4",
      "Range": "18",
      "Duration": "1 Turn",
      "Type": "Hex, Replicable"
    },
    "Description": "The bearer can cast Whispers of the Veil (Evocation) as a BoundSpell.\n\nThe target suffers -1 Res.\nNo model can be affected by more than one instance of this spell simultaneously."
  },
  {
    "Id": "103",
    "Name": "Dark Prelate - Blood Curse",
    "Type": "Card",
    "Attributes": {
      "Level": "B",
      "CastingValue": "5",
      "Range": "12",
      "Type": "Hex"
    },
    "Description": "The bearer can cast Blood Curse (Occultism) as a Bound Spell.\n\nThe target suffers -1 Off and -1 Def."
  },
  {
    "Id": "104",
    "Name": "Dark Prelate - Pentagram of Pain",
    "Type": "Card",
    "Attributes": {
      "Level": "B",
      "CastingValue": "5",
      "Range": "12",
      "Type": "Aura*, Universal"
    },
    "Description": "The bearer can cast Pentagram of Pain (Occultism) as a Bound Spell.\n\n* The Caster’s unit is not targeted.\n\nThe target suffers 3 hits with Str 5, AP 2, and Magical Attacks.\nIf this spell causes at least one HP loss, the Caster of the spell Recovers 1 HP."
  },
  {
    "Id": "105",
    "Name": "Dengrai's Ice Storm",
    "Type": "Card",
    "Attributes": {
      "Level": "B",
      "CastingValue": "5",
      "Range": "24\" *",
      "Duration": "1 Turn",
      "Type": "Hex"
    },
    "Description": "The model can cast Veil of Mist (Druidism) as a Bound Spell.\n\n* Alternatively, the Range can be set to 6″ and be measured from a Water Terrain Feature.\n\nAll units within 12″ of the target when Casting or Shooting suffer a -2 modifier to their Casting Rolls and a -1 to hit with Shooting Attacks."
  },
  {
    "Id": "106",
    "Name": "Exemplar's Flame",
    "Type": "Card",
    "Attributes": {
      "Level": "B",
      "CastingValue": "3",
      "Range": "24",
      "Duration": "One Turn",
      "Type": "Hex"
    },
    "Description": "The bearer can cast Corruption of Tin (Alchemy) as a Bound Spell.\n\nThe target suffers -1 Arm and loses Metal Armour."
  },
  {
    "Id": "107",
    "Name": "Firebrand",
    "Type": "Card",
    "Attributes": {
      "Level": "B",
      "CastingValue": "5",
      "Range": "18",
      "Duration": "Instant",
      "Type": "Damage, Hex, Missile"
    },
    "Description": "The model can cast Dragon's Roar (Pyromancy) as a Bound Spell.\n\nChoose a single model part in the target unit when casting the spell. This model part gains Breath Attack (Str 4,  AP 0, Flaming Attacks and Magical Attacks) and Grind Attack (2D6, Str 4, AP 0, Flaming Attacks, Magical Attacks and Unmodifiable)."
  },
  {
    "Id": "108",
    "Name": "Firestarter - Spear of Infinity",
    "Type": "Card",
    "Attributes": {
      "Level": "B",
      "CastingValue": "3",
      "Range": "24",
      "Duration": "Instant",
      "Type": "Damage, Hex, Missile, Replicable"
    },
    "Description": "The target suffers 1 hit with Str 2 [5], AP 2, Area Attack (1x5), and [Multiple Wounds (2)].\nThe hits from Spear of Infinity gain +1 Str for each other non-Attribute Spell successfully cast in this Magic Phase (including other instances of Spear of Infinity)."
  },
  {
    "Id": "109",
    "Name": "Firestarter - Smite the Unbeliever",
    "Type": "Card",
    "Attributes": {
      "Level": "B",
      "CastingValue": "5",
      "Range": "24",
      "Duration": "Instant",
      "Type": "Damage, Hex, Missile, Replicable"
    },
    "Description": "The target suffers D6 hits with Str 5, AP 2, and Magical Attacks.\n\n✠: choose an additional different target for the spell, following the normal targeting restrictions.\n\nx: choose a new target for the spell, following the normal targeting restrictions."
  },
  {
    "Id": "110",
    "Name": "Golden Idol of Shamut",
    "Type": "Card",
    "Attributes": {
      "Level": "B",
      "CastingValue": "4",
      "Range": "18",
      "Duration": "One Turn",
      "Type": "Augment"
    },
    "Description": "The bearer can cast Flaming Swords (Pyromancy) as a Bound Spell.\n\nThe target gains +1 to wound, Flaming Attacks (Melee & Shooting) and Magical Attacks (Melee & Shooting)."
  },
  {
    "Id": "111",
    "Name": "Holy Relic",
    "Type": "Card",
    "Attributes": {
      "Level": "B",
      "CastingValue": "4",
      "Range": "24",
      "Duration": "Instant",
      "Type": "Damage, Hex, Missile"
    },
    "Description": "The model can cast Fate's Judgement (Divination) as a Bound Spell.\n\nThe target suffers a number of hits equal to the number of Magic Dice on this turn’s Flux Card. Those hits are resolved with Str4, AP2, and Magical Attacks."
  },
  {
    "Id": "112",
    "Name": "Icon of the Infinite",
    "Type": "Card",
    "Attributes": {
      "Level": "B",
      "CastingValue": "5",
      "Range": "18",
      "Duration": "Instant",
      "Type": "Damage *"
    },
    "Description": "The bearer can cast Hellfire (Hereditary Spell) as a Bound Spell.\n\nThe target suffers 2D6 hits with Str 6, AP 0, and Magical Attacks.\n\n* This spell can target units Engaged in Combat and in contact with the Caster's Front Facing."
  },
  {
    "Id": "113",
    "Name": "Kherp Sceptre",
    "Type": "Card",
    "Attributes": {
      "Level": "B",
      "CastingValue": "3",
      "Range": "18",
      "Duration": "1 Turn",
      "Type": "Augment"
    },
    "Description": "The wielder can cast Danse Macabre (Evocation) as a Bound Spell.\n\nThe target gains Ghost Step.\nIn addition, it may immediately perform a Magical Move (4 Mob)."
  },
  {
    "Id": "114",
    "Name": "Lash of Souls",
    "Type": "Card",
    "Attributes": {
      "Level": "B",
      "CastingValue": "3",
      "Range": "12",
      "Duration": "Instant",
      "Type": "Aura"
    },
    "Description": "The model can cast Pentagram of Pain (Occultism) as a Bound Spell.\n\nThe target suffers 3 hits with Str 5, AP2, and MagicalAttacks. If this spell causes at least one HP loss, the Caster of the spell Recovers 1 HP."
  },
  {
    "Id": "115",
    "Name": "Monster Munch",
    "Type": "Card",
    "Attributes": {
      "Level": "B",
      "CastingValue": "6",
      "Duration": "Instant",
      "Type": "Ground *"
    },
    "Description": "* Battlefield Edge.\n\nThe bearer can cast Totemic Summon (Shamanism) as a Bound Spell.\n\nSummon a Totemic Beast and immediately place it on the Battlefield using Ambush (Target Point)."
  },
  {
    "Id": "116",
    "Name": "Necromantic Staff",
    "Type": "Card",
    "Attributes": {
      "Level": "B",
      "CastingValue": "5",
      "Range": "6",
      "Duration": "Instant",
      "Type": "Aura"
    },
    "Description": "The wielder gains Channel (1), and can cast Arise! (Hereditary Spell) as a Bound Spell, with the following above changes. Choose one of the following effects, for each target:\n\n • The Rank-and-File part of the target Raises HP equal to its Rsr value.\n • One model in the target Recovers HP equal to its Rsr value.\n\nThe following models can not Recover more than 2 HP from this spell each Magic Phase:\n\n • Height 4-5 models with Solitary.\n • Characters and models with WarPlatform."
  },
  {
    "Id": "117",
    "Name": "Relic Shroud",
    "Type": "Card",
    "Attributes": {
      "Level": "B",
      "CastingValue": "5",
      "Duration": "Instant",
      "Type": "Caster"
    },
    "Description": "The bearer can cast Breath of the Lady (Hereditary Spell) as a Bound Spell.\n\nAdd 2 Blessing Tokens to your pool."
  },
  {
    "Id": "118",
    "Name": "Rod of Battle",
    "Type": "Card",
    "Attributes": {
      "Level": "B",
      "CastingValue": "4",
      "Range": "18",
      "Duration": "1 Turn",
      "Type": "Augment"
    },
    "Description": "The bearer can cast a unique Bound Spell: Rod of Battle\n\nThe target's Melee Attacks gain +1 to hit"
  },
  {
    "Id": "119",
    "Name": "Soul Tether",
    "Type": "Card",
    "Attributes": {
      "Level": "B",
      "CastingValue": "5",
      "Range": "6",
      "Type": "Aura"
    },
    "Description": "The wielder gains Channel (1), and can cast Arise! (Hereditary Spell) as a Bound Spell, with above changes.\n\nChoose one of the following effects, for each target:\n\n • The Rank-and-File part of the target Raises HP equal to its Rsr value.\n • One model in the target Recovers HP equal to its Rsr value.\n\nThe following models can not Recover more than 2 HP from this spell each Magic Phase:\n\n • Height 4-5 models with Solitary.\n • Characters and models with WarPlatform."
  },
  {
    "Id": "120",
    "Name": "Surge of Mad Spirits",
    "Type": "Card",
    "Attributes": {
      "Level": "B",
      "CastingValue": "6",
      "Range": "24",
      "Duration": "Instant",
      "Type": "Hex, Damage"
    },
    "Description": "Ashotet can cast a unique Bound Spell: Surge of Mad Spirits.\n\nThe target must take a Courage Test rolling an additional D6. If failed, it suffers a number of hits equal to the amount by which the test was failed. Those hits wound automatically and have AP 10."
  },
  {
    "Id": "121",
    "Name": "Symbol of the Warborn Alliance",
    "Type": "Card",
    "Attributes": {
      "Level": "B",
      "CastingValue": "5",
      "Range": "24",
      "Duration": "1 Turn"
    },
    "Description": "The model can cast Guile and Fury (Hereditary Spell) as a Bound Spell. Each time the model attempts to cast that Bound Spell, the owner may freely choose which version to cast. Can be cast in one of two versions:\n\nAugment: cannot be cast by Goblin.\nThe target gains +1 to hit, and its Charge Range, Flee Distance, and Pursuit Distance are increased by 1″.\n\nHex: cannot be cast by Orc.\nThe target suffers −1 to hit, and its Charge Range, Flee Distance, and Pursuit Distance are reduced by 1″."
  },
  {
    "Id": "122",
    "Name": "The Dead Arise",
    "Type": "Card",
    "Attributes": {
      "Level": "B",
      "CastingValue": "5",
      "Range": "12",
      "Duration": "Instant",
      "Type": "Ground"
    },
    "Description": "The model can cast The Dead Arise as a Bound Spell.\n\nSummon a Skeletons or Zombies unit. Declare which when selecting the target. The unit has a number of Health Points corresponding to its Rsr. All upgrades except Command Group Options are allowed.\n\nNote: all models must be placed within the spell's Range, with at least one model touching the target point."
  },
  {
    "Id": "123",
    "Name": "Gnarled Hide Totem",
    "Type": "Card",
    "Attributes": {
      "Level": "1",
      "CastingValue": "4",
      "Range": "18",
      "Duration": "1 Turn",
      "Type": "Augment"
    },
    "Description": "The target gains +1 Arm and Distracting (1)."
  },
  {
    "Id": "124",
    "Name": "Blooded Horn Totem",
    "Type": "Card",
    "Attributes": {
      "Level": "2",
      "CastingValue": "4",
      "Range": "18",
      "Duration": "1 Turn",
      "Type": "Augment"
    },
    "Description": "The target gains +1 Att and +2 AP."
  },
  {
    "Id": "125",
    "Name": "Clouded Eye Totem",
    "Type": "Card",
    "Attributes": {
      "Level": "3",
      "CastingValue": "4",
      "Range": "18",
      "Duration": "1 Turn",
      "Type": "Augment"
    },
    "Description": "The target gains Hard Target (1) and Magic Resistance (3)."
  },
  {
    "Id": "126",
    "Name": "Black Wing Totem",
    "Type": "Card",
    "Attributes": {
      "Level": "4",
      "CastingValue": "4",
      "Range": "18",
      "Duration": "1 Turn",
      "Type": "Augment"
    },
    "Description": "The target gains +2\" Cha and +3 Agi."
  },
  {
    "Id": "127",
    "Name": "Dance of C a edhren",
    "Type": "Card",
    "Attributes": {
      "Level": "1",
      "Duration": "Round of Combat"
    },
    "Description": "The Black Rose can use Make Way, even if she is already in contact with an enemy model, provided she moves into contact with an enemy Character in her unit’s Front Facing."
  },
  {
    "Id": "128",
    "Name": "Dance of C e inran",
    "Type": "Card",
    "Attributes": {
      "Level": "2",
      "Duration": "Round of Combat"
    },
    "Description": "Nominate one enemy Character model in contact with The Black Rose. The Black Rose and the selected Character always have 0 Attacks, and no attacks nor hits can be assigned to either.\nAt Agility Step 0, The Black Rose rolls 1D3, Maximized, and the selected Character rolls 1D3.\nIf either model rolls lower, it loses a number of Health Points equal to the difference between the two rolls."
  },
  {
    "Id": "129",
    "Name": "Dance of Nabh",
    "Type": "Card",
    "Attributes": {
      "Level": "3",
      "Duration": "Round of Combat"
    },
    "Description": "The Black Rose gains Hatred (against Characters) and Zeal (against Characters). Attacks against the Black Rose gain +1 to hit."
  },
  {
    "Id": "130",
    "Name": "Rune of R e vocation",
    "Type": "Card",
    "Attributes": {
      "Level": "1",
      "CastingValue": "3",
      "Range": "18",
      "Duration": "1 Turn",
      "Type": "Universal"
    },
    "Description": "Ignore all other spell effects on the target from spells with Duration: One Turn.\nThe target unit gains Magic Resistance (2), which is also applied to friendly spells."
  },
  {
    "Id": "131",
    "Name": "Rune of R e ckoning",
    "Type": "Card",
    "Attributes": {
      "Level": "2",
      "CastingValue": "3",
      "Range": "18",
      "Duration": "1 Turn",
      "Type": "Universal"
    },
    "Description": "Friendly models in the target unit gain Hatred.\nMelee Attacks by friendly models towards the target gain Hatred."
  },
  {
    "Id": "132",
    "Name": "Rune of Oaths",
    "Type": "Card",
    "Attributes": {
      "Level": "3",
      "CastingValue": "3",
      "Range": "18",
      "Duration": "1 Turn",
      "Type": "Universal"
    },
    "Description": "Friendly models in the target unit gain Zeal.\nMelee Attacks by friendly models towards the target gain Zeal."
  },
  {
    "Id": "133",
    "Name": "Rune of R e s olve",
    "Type": "Card",
    "Attributes": {
      "Level": "4",
      "CastingValue": "3",
      "Range": "18",
      "Duration": "1 Turn",
      "Type": "Augment"
    },
    "Description": "The target gains Swiftstride, and until the end of the Player Turn it also gains Light Troops.\nIn addition, the target may immediately perform a Magical Move (4 Mob)"
  },
  {
    "Id": "134",
    "Name": "Rune of Gleaming",
    "Type": "Card",
    "Attributes": {
      "Level": "5",
      "CastingValue": "4",
      "Range": "18",
      "Duration": "1 Turn",
      "Type": "Augment"
    },
    "Description": "The target gains Distracting (1) and Hard Target (1)."
  },
  {
    "Id": "135",
    "Name": "Rune of R e s ilience",
    "Type": "Card",
    "Attributes": {
      "Level": "6",
      "CastingValue": "4",
      "Range": "18",
      "Duration": "1 Turn",
      "Type": "Augment"
    },
    "Description": "To-wound rolls against the target suffer a -1 modifier."
  },
  {
    "Id": "136",
    "Name": "Stout Ale",
    "Type": "Card",
    "Attributes": {
      "Level": "1",
      "Duration": "One Turn"
    },
    "Description": "Tador Berafrig's unit gains Fearless, Stubborn, and Unruly."
  },
  {
    "Id": "137",
    "Name": "Bitter Ale",
    "Type": "Card",
    "Attributes": {
      "Level": "2",
      "Duration": "One Turn"
    },
    "Description": "Tador Berafrig's unit gains Fury, Hatred, and Unruly."
  },
  {
    "Id": "138",
    "Name": "",
    "Type": "Card",
    "Attributes": {
      "Level": "3",
      "Duration": "One Turn"
    },
    "Description": "Tador Berafrig's unit gains Lethal Strike, Unruly, and Zeal."
  },
  {
    "Id": "139",
    "Name": "Ullor's Blessing",
    "Type": "Card",
    "Attributes": {
      "Level": "1",
      "CastingValue": "3",
      "Duration": "1 Turn",
      "Type": "Caster"
    },
    "Description": "The target gains Aegis (5+, against Melee Attacks)."
  },
  {
    "Id": "140",
    "Name": "Sunna's Blessing",
    "Type": "Card",
    "Attributes": {
      "Level": "2",
      "CastingValue": "3",
      "Duration": "1 Turn",
      "Type": "Caster"
    },
    "Description": "The target's unit gains Flaming Attacks. Each enemy unit in contact with the target's unit when the spell is cast, suffers D6 hits with Str 4, AP 0, Flaming Attacks and Magical Attacks."
  },
  {
    "Id": "141",
    "Name": "Volund's Blessing",
    "Type": "Card",
    "Attributes": {
      "Level": "3",
      "CastingValue": "3",
      "Duration": "One Turn",
      "Type": "Caster"
    },
    "Description": "The target's unit gains Zeal."
  },
  {
    "Id": "142",
    "Name": "Brace for Impact!",
    "Type": "Card",
    "Attributes": {
      "Level": "1",
      "Duration": "1 Turn",
      "Type": "Order"
    },
    "Description": "The target gains Fight in Extra Rank"
  },
  {
    "Id": "143",
    "Name": "On The Double!",
    "Type": "Card",
    "Attributes": {
      "Level": "2",
      "Duration": "1 Turn",
      "Type": "Order"
    },
    "Description": "The target gains +1″ Cha and +2″ Mob."
  },
  {
    "Id": "144",
    "Name": "Ready! Aim! Fire!",
    "Type": "Card",
    "Attributes": {
      "Level": "3",
      "Duration": "1 Turn",
      "Type": "Order"
    },
    "Description": "The target gains Accurate"
  },
  {
    "Id": "145",
    "Name": "Steady, Men!",
    "Type": "Card",
    "Attributes": {
      "Level": "4",
      "Duration": "1 Turn",
      "Type": "Order"
    },
    "Description": "The target gains Disciplined, and its Courage Tests gain Minimised"
  },
  {
    "Id": "146",
    "Name": "Cut the head of the Snake!",
    "Type": "Card",
    "Attributes": {
      "Level": "4",
      "Duration": "1 Turn",
      "Type": "Order"
    },
    "Description": "The target gains First Strike (Hatred (against Characters)) and Fury (Units containing a Character)."
  },
  {
    "Id": "147",
    "Name": "Aim for the Weak Spot!",
    "Type": "Card",
    "Attributes": {
      "Level": "5",
      "Duration": "1 Turn",
      "Type": "Order"
    },
    "Description": "If an attack with Aim for the Weak Spot! wounds with a to-wound roll of ‘6’, neither Aegis nor Regeneration Saves can be taken against it, including against models with Aegis or Regeneration Saves with conditional applications."
  },
  {
    "Id": "148",
    "Name": "Orison of S h ielding",
    "Type": "Card",
    "Attributes": {
      "Level": "1",
      "Duration": "1 Turn",
      "Type": "Blessing"
    },
    "Description": "The target gains Aegis (5+)."
  },
  {
    "Id": "149",
    "Name": "Orison of S t riking",
    "Type": "Card",
    "Attributes": {
      "Level": "2",
      "Duration": "1 Turn",
      "Type": "Blessing"
    },
    "Description": "The target gains +2 Off, Magical Attacks, and ignore Parry. Model parts with Mount are not affected."
  },
  {
    "Id": "150",
    "Name": "Orison of Discipline",
    "Type": "Card",
    "Attributes": {
      "Level": "3",
      "Duration": "1 Turn",
      "Type": "Blessing"
    },
    "Description": "The target's Discipline is set to 9."
  },
  {
    "Id": "151",
    "Name": "Goblin Gardens - Field",
    "Type": "Card",
    "Attributes": {
      "Level": "1"
    },
    "Description": "All Field terrain features are treated as Dangerous Terrain (6+) instead of any other instance of Dangerous Terrain. In addition, friendly models with Goblin gain Strider (Field)."
  },
  {
    "Id": "152",
    "Name": "Goblin Gardens - Forest",
    "Type": "Card",
    "Attributes": {
      "Level": "2"
    },
    "Description": "All Forest terrain features are treated as Dangerous Terrain (6+) instead of any other instance of Dangerous Terrain. In addition, friendly models with Goblin gain Strider (Forest)."
  },
  {
    "Id": "153",
    "Name": "Goblin Gardens - Ruins",
    "Type": "Card",
    "Attributes": {
      "Level": "3",
      "Duration": "1 turn"
    },
    "Description": "All Ruins terrain features are treated as Dangerous Terrain (6+) instead of any other instance of Dangerous Terrain. In addition, friendly models with Goblin gain Strider (Ruins)."
  },
  {
    "Id": "154",
    "Name": "Goblin Gardens - Water Terrain",
    "Type": "Card",
    "Attributes": {
      "Level": "4",
      "Duration": "1 turn"
    },
    "Description": "All Water Terrain terrain features are treated as Dangerous Terrain (6+) instead of any other instance of Dangerous Terrain. In addition, friendly models with Goblin gain Strider (Water Terrain)."
  },
  {
    "Id": "155",
    "Name": "Bluehoove Goat Stew",
    "Type": "Card",
    "Attributes": {
      "Level": "1",
      "Duration": "One Turn"
    },
    "Description": "Valish's unit gains +2 Mob, Strider"
  },
  {
    "Id": "156",
    "Name": "Trollbear Goulash",
    "Type": "Card",
    "Attributes": {
      "Level": "2",
      "Duration": "One Turn"
    },
    "Description": "Valish's unit gains Regeneration (6+), Recovers a single HP on a model in the Chefling's unit.\nNote: Attached models cannot be Raised unless specified."
  },
  {
    "Id": "157",
    "Name": "Stonecold Soup",
    "Type": "Card",
    "Attributes": {
      "Level": "3",
      "Duration": "One Turn"
    },
    "Description": "Valish's unit gains Channel (1), Disciplined, and Rally Around the Flag (0″)"
  },
  {
    "Id": "158",
    "Name": "Dance of Bedevilments",
    "Type": "Card",
    "Attributes": {
      "Level": "1",
      "Duration": "Round of Combat",
      "Type": "Dance"
    },
    "Description": "Unit gains Afflict (-1 Dis), and enemy units in contact can not claim Combat Score bonus from their Proper Ranks."
  },
  {
    "Id": "159",
    "Name": "Dance of Biting Wind",
    "Type": "Card",
    "Attributes": {
      "Level": "2",
      "Duration": "Round of Combat",
      "Type": "Dance"
    },
    "Description": "Unit gains +1 AP and Lethal Strike."
  },
  {
    "Id": "160",
    "Name": "Dance of the Parting Mists",
    "Type": "Card",
    "Attributes": {
      "Level": "3",
      "Duration": "Round of Combat",
      "Type": "Dance"
    },
    "Description": "Unit gains -1 Str, -1 AP, and Aegis (3+)."
  },
  {
    "Id": "161",
    "Name": "Dance of Whirling Blades",
    "Type": "Card",
    "Attributes": {
      "Level": "4",
      "Duration": "Round of Combat",
      "Type": "Dance"
    },
    "Description": "Unit gains +1 Att."
  },
  {
    "Id": "162",
    "Name": "Undying Will",
    "Type": "Card",
    "Attributes": {
      "Level": "1",
      "Range": "12",
      "Duration": "1 turn"
    },
    "Description": "At the start of every friendly Player Turn, the wearer may lose Undying Will. If so, choose a friendly unit with in 12″: this unit gains Undying Will, with Duration: OneTurn.\n\nUndying Will\nR&F model parts with Skeleton in units containing Undying Will gain +2 Def, +2 Off, Lethal Strike, Magical Attacks, and replace their Shooting Weapons’ Aim with (4+).\nModel parts with Mount are not affected by Undying Will."
  },
  {
    "Id": "163",
    "Name": "Countless Daggers",
    "Type": "Card",
    "Attributes": {
      "Level": "1",
      "Type": "Permanent"
    },
    "Description": "The Shadowslice Stalker gains First Strike (+2 Att), Paired Weapons and Throwing Weapons (2+)."
  },
  {
    "Id": "164",
    "Name": "Darkstone Rod",
    "Type": "Card",
    "Attributes": {
      "Level": "2",
      "Type": "Permanent"
    },
    "Description": "The Shadowslice Stalker gains +2 Str, Lightning Attacks and Multiple Wounds (2)"
  },
  {
    "Id": "165",
    "Name": "Senator's Toga",
    "Type": "Card",
    "Attributes": {
      "Level": "3",
      "Type": "Permanent"
    },
    "Description": "The Shadowslice Stalker gains +2 Dis, Commanding Presence (6″)"
  },
  {
    "Id": "166",
    "Name": "Abiding Spirit",
    "Type": "Card",
    "Attributes": {
      "Level": "1",
      "Type": "Manifestation"
    },
    "Description": "The Exalted Herald gains Hard Target (1).\n\nIt has access to Hand of Glory (Occultism)."
  },
  {
    "Id": "167",
    "Name": "Brand of the Dragon",
    "Type": "Card",
    "Attributes": {
      "Level": "2",
      "Type": "Manifestation"
    },
    "Description": "The Exalted Herald gains Breath Attack (Str4, AP1, Flaming Attacks), Fly, and Swiftstride.\n\nIt has access to The Devouring Dark (Occultism)."
  },
  {
    "Id": "168",
    "Name": "Emissary of Chaos",
    "Type": "Card",
    "Attributes": {
      "Level": "3",
      "Type": "Manifestation"
    },
    "Description": "The Exalted Herald gains Battle Fever and Stomp Attack (D6 hits).\n\nIt has access to Pentagram of Pain (Occultism)."
  },
  {
    "Id": "169",
    "Name": "Sorcerer Immortal",
    "Type": "Card",
    "Attributes": {
      "Level": "4",
      "Type": "Manifestation"
    },
    "Description": "The Exalted Herald gains Veil Walker.\n\nIt has access to Umbra Majesty (Occultism) and The Grave Calls (Occultism)."
  },
  {
    "Id": "170",
    "Name": "Unholy Avatar",
    "Type": "Card",
    "Attributes": {
      "Level": "5",
      "Type": "Manifestation"
    },
    "Description": "The Exalted Herald gains +1Str,+1AP, and Divine Attacks.\n\nIt has access to Blood Curse (Occultism)."
  },
  {
    "Id": "171",
    "Name": "Supernal Shield",
    "Type": "Card",
    "Attributes": {
      "Level": "1",
      "Range": "12",
      "Duration": "1 Turn"
    },
    "Description": "The chosen unit suffers -3 Arm and gains Aegis (5+)."
  },
  {
    "Id": "172",
    "Name": "Unholy Edge",
    "Type": "Card",
    "Attributes": {
      "Level": "2",
      "Range": "12",
      "Duration": "1 Turn"
    },
    "Description": "The chosen unit always strikes at Agility Step 0 and gains +1 AP."
  },
  {
    "Id": "173",
    "Name": "The Eight-Point Crown",
    "Type": "Card",
    "Attributes": {
      "Level": "3",
      "Range": "12",
      "Duration": "1 Turn"
    },
    "Description": "The chosen unit suffers -1 Str and -1 AP, and gains Stubborn and Unstable."
  }
]