{
  "Factions": {
    "Beast Herds": {
      "Characters": [
        "unit_1",
        "unit_4",
        "unit_6",
        "unit_8",
        "unit_9",
        "unit_10"
      ],
      "Core Units": [
        "unit_13",
        "unit_14",
        "unit_15"
      ],
      "Special": [
        "unit_16",
        "unit_17",
        "unit_18",
        "unit_19",
        "unit_20",
        "unit_21",
        "unit_22",
        "unit_23",
        "unit_24"
      ],
      "Terrors of the Wild": [
        "unit_25",
        "unit_26",
        "unit_27",
        "unit_28"
      ],
      "Extra": [
        "unit_29"
      ]
    },
    "Daemon Legions": {
      "Characters": [
        "unit_30",
        "unit_35",
        "unit_36",
        "unit_37",
        "unit_38",
        "unit_39",
        "unit_41",
        "unit_44"
      ],
      "Core Units": [
        "unit_49",
        "unit_50",
        "unit_51",
        "unit_52"
      ],
      "Special": [
        "unit_53",
        "unit_54",
        "unit_55",
        "unit_56",
        "unit_57",
        "unit_58",
        "unit_59",
        "unit_60",
        "unit_61",
        "unit_62",
        "unit_63"
      ],
      "Aves": [
        "unit_64",
        "unit_65",
        "unit_66"
      ]
    },
    "Dread Elves": {
      "Characters": [
        "unit_67",
        "unit_74",
        "unit_80",
        "unit_81",
        "unit_82"
      ],
      "Core Units": [
        "unit_90",
        "unit_91",
        "unit_92",
        "unit_93",
        "unit_94"
      ],
      "Special": [
        "unit_95",
        "unit_96",
        "unit_97",
        "unit_98",
        "unit_99",
        "unit_100",
        "unit_101",
        "unit_102",
        "unit_103",
        "unit_104",
        "unit_105",
        "unit_106"
      ],
      "The Menagerie": [
        "unit_107",
        "unit_108",
        "unit_109"
      ]
    },
    "Dwarven Holds": {
      "Characters": [
        "unit_110",
        "unit_113",
        "unit_115",
        "unit_116",
        "unit_117"
      ],
      "Core Units": [
        "unit_120",
        "unit_121",
        "unit_122"
      ],
      "Special": [
        "unit_123",
        "unit_124",
        "unit_125",
        "unit_126",
        "unit_127",
        "unit_128",
        "unit_129",
        "unit_130",
        "unit_131",
        "unit_132",
        "unit_133",
        "unit_134",
        "unit_135"
      ]
    },
    "Empire of Sonnstahl": {
      "Characters": [
        "unit_136",
        "unit_141",
        "unit_144",
        "unit_147",
        "unit_152",
        "unit_154"
      ],
      "Core Units": [
        "unit_158",
        "unit_159",
        "unit_160",
        "unit_161",
        "unit_162",
        "unit_163"
      ],
      "Special": [
        "unit_164",
        "unit_165",
        "unit_166",
        "unit_167",
        "unit_168",
        "unit_169",
        "unit_170"
      ],
      "Sunna's Fury": [
        "unit_171",
        "unit_172"
      ]
    },
    "Highborn Elves": {
      "Characters": [
        "unit_173",
        "unit_182",
        "unit_190"
      ],
      "Core Units": [
        "unit_198",
        "unit_199",
        "unit_200",
        "unit_201",
        "unit_202"
      ],
      "Special": [
        "unit_203",
        "unit_208",
        "unit_209",
        "unit_210",
        "unit_211",
        "unit_212",
        "unit_213",
        "unit_214",
        "unit_215",
        "unit_216",
        "unit_217",
        "unit_218",
        "unit_219"
      ]
    },
    "Infernal Dwarves": {
      "Characters": [
        "unit_220",
        "unit_223",
        "unit_229",
        "unit_233",
        "unit_234",
        "unit_236"
      ],
      "Core Units": [
        "unit_239",
        "unit_240",
        "unit_241",
        "unit_242"
      ],
      "Special": [
        "unit_243",
        "unit_244",
        "unit_245",
        "unit_246",
        "unit_247",
        "unit_248",
        "unit_249",
        "unit_250",
        "unit_251",
        "unit_252",
        "unit_253"
      ],
      "Instruments of Destruction": [
        "unit_254",
        "unit_255",
        "unit_256"
      ]
    },
    "Kingdom of Equitaine": {
      "Characters": [
        "unit_257",
        "unit_263",
        "unit_269",
        "unit_275"
      ],
      "Core Units": [
        "unit_285",
        "unit_286",
        "unit_287",
        "unit_288",
        "unit_289"
      ],
      "Special": [
        "unit_290",
        "unit_291",
        "unit_292",
        "unit_293",
        "unit_294",
        "unit_295",
        "unit_296",
        "unit_297",
        "unit_298",
        "unit_299"
      ],
      "Fey": [
        "unit_300",
        "unit_301",
        "unit_302",
        "unit_303"
      ]
    },
    "Ogre Khans": {
      "Characters": [
        "unit_304",
        "unit_305",
        "unit_306",
        "unit_307"
      ],
      "Core Units": [
        "unit_312",
        "unit_313",
        "unit_314"
      ],
      "Special": [
        "unit_315",
        "unit_316",
        "unit_317",
        "unit_318",
        "unit_319",
        "unit_320",
        "unit_321",
        "unit_322",
        "unit_323",
        "unit_324"
      ],
      "Chained Beasts": [
        "unit_325",
        "unit_326",
        "unit_327"
      ],
      "Extra": [
        "unit-scrapling-foreman"
      ]
    },
    "Orcs and Goblins": {
      "Characters": [
        "unit_328",
        "unit_333",
        "unit_338",
        "unit_344",
        "unit_345",
        "unit_350",
        "unit_355",
        "unit_360"
      ],
      "Core Units": [
        "unit_369",
        "unit_370",
        "unit_371",
        "unit_372",
        "unit_373",
        "unit_374"
      ],
      "Special": [
        "unit_375",
        "unit_376",
        "unit_377",
        "unit_378",
        "unit_379",
        "unit_380",
        "unit_381",
        "unit_382",
        "unit_383",
        "unit_384",
        "unit_385",
        "unit_386",
        "unit_387",
        "unit_388"
      ]
    },
    "Saurian Ancients": {
      "Characters": [
        "unit_389",
        "unit_391",
        "unit_392",
        "unit_396"
      ],
      "Core Units": [
        "unit_401",
        "unit_402",
        "unit_403",
        "unit_404"
      ],
      "Special": [
        "unit_405",
        "unit_406",
        "unit_407",
        "unit_408",
        "unit_409",
        "unit_410",
        "unit_411",
        "unit_412",
        "unit_413",
        "unit_414",
        "unit_415"
      ],
      "Magna Sauria": [
        "unit_416",
        "unit_417",
        "unit_418",
        "unit_419"
      ]
    },
    "Sylvan Elves": {
      "Characters": [
        "unit_420",
        "unit_425",
        "unit_429",
        "unit_434",
        "unit_435",
        "unit_436",
        "unit_437"
      ],
      "Core Units": [
        "unit_440",
        "unit_441",
        "unit_442",
        "unit_443"
      ],
      "Special": [
        "unit_444",
        "unit_445",
        "unit_446",
        "unit_447",
        "unit_448",
        "unit_449",
        "unit_450"
      ],
      "Unseen Arrows": [
        "unit_451",
        "unit_452",
        "unit_453"
      ]
    },
    "Undying Dynasties": {
      "Characters": [
        "unit_454",
        "unit_458",
        "unit_463"
      ],
      "Core Units": [
        "unit_468",
        "unit_469",
        "unit_470",
        "unit_471",
        "unit_472"
      ],
      "Special": [
        "unit_473",
        "unit_474",
        "unit_475",
        "unit_476",
        "unit_477",
        "unit_478",
        "unit_479",
        "unit_480",
        "unit_481"
      ],
      "Entombed": [
        "unit_482"
      ],
      "Mason's Menagerie": [
        "unit_483",
        "unit_484",
        "unit_485",
        "unit_486"
      ]
    },
    "Vampire Covenant": {
      "Characters": [
        "unit_487",
        "unit_495",
        "unit_500",
        "unit_505",
        "unit_507"
      ],
      "Core Units": [
        "unit_510",
        "unit_511",
        "unit_512",
        "unit_513",
        "unit_514"
      ],
      "Special": [
        "unit_515",
        "unit_516",
        "unit_517",
        "unit_518",
        "unit_519",
        "unit_520",
        "unit_521",
        "unit_522"
      ],
      "The Suffering": [
        "unit_523",
        "unit_524",
        "unit_525"
      ],
      "Swift Death": [
        "unit_526",
        "unit_527",
        "unit_528",
        "unit_529",
        "unit_530"
      ]
    },
    "Vermin Swarm": {
      "Characters": [
        "unit_531",
        "unit_532",
        "unit_534",
        "unit_537",
        "unit_539",
        "unit_541"
      ],
      "Core Units": [
        "unit_544",
        "unit_545",
        "unit_546",
        "unit_547",
        "unit_548"
      ],
      "Special": [
        "unit_549",
        "unit_550",
        "unit_551",
        "unit_552",
        "unit_553",
        "unit_554",
        "unit_555",
        "unit_556",
        "unit_557",
        "unit_558",
        "unit_559",
        "unit_560",
        "unit_561",
        "unit_562"
      ],
      "Bread and Games": [
        "unit_563",
        "unit_564",
        "unit_565"
      ]
    },
    "Warriors of the Dark Gods": {
      "Characters": [
        "unit_566",
        "unit_567",
        "unit_568",
        "unit_576",
        "unit_578",
        "unit_586"
      ],
      "Core Units": [
        "unit_595",
        "unit_596",
        "unit_597",
        "unit_598"
      ],
      "Special": [
        "unit_599",
        "unit_600",
        "unit_601",
        "unit_602",
        "unit_603",
        "unit_604",
        "unit_605",
        "unit_606",
        "unit_607",
        "unit_608",
        "unit_609",
        "unit_610",
        "unit_611",
        "unit_612",
        "unit_613",
        "unit_614"
      ]
    }
  },
  "Cards": {
    "Flux": [
      "1",
      "2",
      "3",
      "4",
      "5",
      "6",
      "7",
      "8",
      "9",
      "10",
      "11",
      "12",
      "13",
      "14",
      "15",
      "16"
    ],
    "Alchemy": [
      "17",
      "18",
      "19",
      "20",
      "21",
      "22"
    ],
    "Cosmology": [
      "23",
      "24",
      "25",
      "26",
      "27",
      "28"
    ],
    "Divination": [
      "29",
      "30",
      "31",
      "32",
      "33",
      "34"
    ],
    "Druidism": [
      "35",
      "36",
      "37",
      "38",
      "39",
      "40"
    ],
    "Evocation": [
      "41",
      "42",
      "43",
      "44",
      "45",
      "46"
    ],
    "Occultism": [
      "47",
      "48",
      "49",
      "50",
      "51",
      "52"
    ],
    "Pyromancy": [
      "53",
      "54",
      "55",
      "56",
      "57",
      "58"
    ],
    "Shamanism": [
      "59",
      "60",
      "61",
      "62",
      "63",
      "64"
    ],
    "Thaumaturgy": [
      "65",
      "66",
      "67",
      "68",
      "69",
      "70"
    ],
    "Witchcraft": [
      "71",
      "72",
      "73",
      "74",
      "75",
      "76"
    ],
    "Hereditary Spells": [
      "77",
      "78",
      "79",
      "80",
      "81",
      "82",
      "83",
      "84",
      "85",
      "86",
      "87",
      "88",
      "89",
      "90",
      "91",
      "92",
      "93",
      "94"
    ],
    "Bound Spells": [
      "95",
      "96",
      "97",
      "98",
      "99",
      "100",
      "101",
      "102",
      "103",
      "104",
      "105",
      "106",
      "107",
      "108",
      "109",
      "110",
      "111",
      "112",
      "113",
      "114",
      "115",
      "116",
      "117",
      "118",
      "119",
      "120",
      "121",
      "122"
    ],
    "BH - Totems": [
      "123",
      "124",
      "125",
      "126"
    ],
    "DE - The Black Rose's Dances": [
      "127",
      "128",
      "129"
    ],
    "DH - Battle Runes": [
      "130",
      "131",
      "132",
      "133",
      "134",
      "135"
    ],
    "DH - Tador Berafrig's Ales": [
      "136",
      "137",
      "138"
    ],
    "EoS - Blessings": [
      "139",
      "140",
      "141"
    ],
    "EoS - Orders": [
      "142",
      "143",
      "144",
      "145"
    ],
    "EoS - Heinrich Falkenbach - Divine Jurisdiction": [
      "146",
      "147"
    ],
    "KoE - Blessing Tokens": [
      "148",
      "149",
      "150"
    ],
    "OnG - Goblin Gardens": [
      "151",
      "152",
      "153",
      "154"
    ],
    "OK - Valish's Eru's Secret Recipes": [
      "155",
      "156",
      "157"
    ],
    "SE - Dances of Cenyrn": [
      "158",
      "159",
      "160",
      "161"
    ],
    "UD - Crown of the Pharaohs": [
      "162"
    ],
    "VS - The Shadowslice Stalker's Panoply": [
      "163",
      "164",
      "165"
    ],
    "WDG - Exalted Herald Manifestations": [
      "166",
      "167",
      "168",
      "169",
      "170"
    ],
    "WDG - Klaas's Father's Gifts": [
      "171",
      "172",
      "173"
    ]
  }
}