[
  {
    "Id": "3a074005-878f-422e-a475-42dd13ce86ce",
    "Name": "Musician",
    "Type": "ModelSwapDisplayable",
    "DisplayableDataIdToAdd": {
      "rule_73": ""
    }
  },
  {
    "Id": "c9519cd5-2b08-4a2e-9017-51463bfb9821",
    "Name": "Standard Bearer",
    "Type": "ModelSwapDisplayable",
    "DisplayableDataIdToAdd": {
      "rule_82": ""
    }
  },
  {
    "Id": "189d97d0-5bae-4c61-a112-b3e51ff04318",
    "Name": "Standard",
    "Type": "ModelSwapDisplayable",
    "DisplayableDataIdToAdd": {
      "rule_82": ""
    }
  },
  {
    "Id": "8c3953a8-f297-4ea5-aebf-5983fff4f53a",
    "Name": "Elven Horse",
    "Type": "UnitGlobalChange"
  },
  {
    "Id": "9b2e5d7a-d1b3-4e9f-b2a0-2c6e4d8f5c7d",
    "Name": "Chassis",
    "Type": "UnitGlobalChange"
  },
  {
    "Id": "d35a8cfd-ab6e-4b41-ac88-4138e78b207b",
    "Name": "Battle Standard Bearer",
    "Type": "UnitSwapDisplayable",
    "DisplayableDataIdToAdd": {
      "rule_1682": ""
    }
  },
  {
    "Id": "7d35d717-fa8d-4ed4-bccb-43d53df3f391",
    "Name": "Bow",
    "Type": "UnitSwapDisplayable",
    "DisplayableDataIdToAdd": {
      "rule_31": ""
    }
  },
  {
    "Id": "29998dd2-41cc-45d7-879b-fa3562f30c00",
    "Name": "Champion",
    "Type": "UnitSwapDisplayable"
  },
  {
    "Id": "cc46209b-a124-4cf5-8670-2113515583c3",
    "Name": "Crossbow",
    "Type": "UnitSwapDisplayable",
    "DisplayableDataIdToAdd": {
      "rule_235": ""
    }
  },
  {
    "Id": "669d3d39-80e9-4463-8a9b-e82c73ed1b22",
    "Name": "Dragon",
    "Type": "UnitSwapDisplayable"
  },
  {
    "Id": "e7c0fb43-e34c-45ac-8a04-03a38e6afe2e",
    "Name": "Giant Club",
    "Type": "UnitSwapDisplayable",
    "DisplayableDataIdToAdd": {
      "rule_1301": ""
    }
  },
  {
    "Id": "7a3edb9d-e1d1-472e-a3da-c050f36537e6",
    "Name": "Great Weapon",
    "Type": "UnitSwapDisplayable",
    "DisplayableDataIdToAdd": {
      "rule_39": ""
    }
  },
  {
    "Id": "a974648b-3a89-4c94-8f5c-ad3db30084ce",
    "Name": "Halberd",
    "Type": "UnitSwapDisplayable",
    "DisplayableDataIdToAdd": {
      "rule_37": ""
    }
  },
  {
    "Id": "497126bb-8c98-4d2c-9bca-969a356bf329",
    "Name": "Lance",
    "Type": "UnitSwapDisplayable",
    "DisplayableDataIdToAdd": {
      "rule_278": ""
    }
  },
  {
    "Id": "cffeb3e1-6211-42fb-a5a4-47e509c61221",
    "Name": "Light Lance",
    "Type": "UnitSwapDisplayable",
    "DisplayableDataIdToAdd": {
      "rule_38": ""
    }
  },
  {
    "Id": "656ba8fb-8d84-4ac0-a847-e11af02d92b1",
    "Name": "Paired Weapons",
    "Type": "UnitSwapDisplayable",
    "DisplayableDataIdToAdd": {
      "rule_32": ""
    }
  },
  {
    "Id": "e4063b59-70ba-40ab-8d35-1ab3aeb6ca5e",
    "Name": "Pistol",
    "Type": "UnitSwapDisplayable",
    "DisplayableDataIdToAdd": {
      "rule_266": ""
    }
  },
  {
    "Id": "33baffbf-4728-4144-beba-f8c8dc093d73",
    "Name": "Shield",
    "Type": "UnitSwapDisplayable",
    "DisplayableDataIdToAdd": {
      "rule_27": ""
    }
  },
  {
    "Id": "b4241335-9b4a-4be0-be3b-2dc01b85c72f",
    "Name": "Spear",
    "Type": "UnitSwapDisplayable",
    "DisplayableDataIdToAdd": {
      "rule_116": ""
    }
  },
  {
    "Id": "f2ad216f-2dcd-427a-843d-f94a47948637",
    "Name": "Spear and Shield",
    "Type": "UnitSwapDisplayable"
  },
  {
    "Id": "a742dcf0-5af4-4045-a212-2d7f0c5be45c",
    "Name": "Throwing Weapons",
    "Type": "UnitSwapDisplayable",
    "DisplayableDataIdToAdd": {
      "rule_348": ""
    }
  }
]