[
  {
    "Id": "579",
    "Name": "TokenCross",
    "Type": "Token"
  },
  {
    "Id": "580",
    "Name": "TokenObjective",
    "Type": "Token"
  },
  {
    "Id": "581",
    "Name": "TokenSkull",
    "Type": "Token"
  },
  {
    "Id": "582",
    "Name": "TokenWarhallBlue",
    "Type": "Token"
  },
  {
    "Id": "583",
    "Name": "TokenWarhallOrange",
    "Type": "Token"
  },
  {
    "Id": "584",
    "Name": "TokenSpell",
    "Type": "Token",
    "ImageURL": "https://www.citypng.com/public/uploads/preview/download-white-circle-png-701751694615460wdwmhw56hg.png"
  },
  {
    "Id": "616",
    "Name": "TokenWarhallBlack",
    "Type": "Token"
  },
  {
    "Id": "617",
    "Name": "TokenWarhallWhite",
    "Type": "Token"
  },
  {
    "Id": "618",
    "Name": "TokenWarhallPurple",
    "Type": "Token"
  },
  {
    "Id": "2727",
    "Name": "Token3Inch",
    "Type": "Token"
  }
]
