[
  {
    "OptionId": "2ea138fa-ee9d-4ab5-8f79-954780498d11",
    "UnitId": "unit_136",
    "NewUnitId": "unit_137"
  },
  {
    "OptionId": "d4150f38-e2f7-4da4-932e-bba525c521b2",
    "UnitId": "unit_136",
    "NewUnitId": "unit_138"
  },
  {
    "OptionId": "b11982c8-7570-4c18-bab7-302ac63d3d6e",
    "UnitId": "unit_136",
    "NewUnitId": "unit_139"
  },
  {
    "OptionId": "a2931048-b39c-4821-b7cf-db638097716f",
    "UnitId": "unit_136",
    "NewUnitId": "unit_140"
  },
  {
    "OptionId": "2ea138fa-ee9d-4ab5-8f79-954780498d11",
    "UnitId": "unit_141",
    "NewUnitId": "unit_142"
  },
  {
    "OptionId": "139cd03b-a6ee-42e5-acd7-d2690863a571",
    "UnitId": "unit_141",
    "NewUnitId": "unit_143"
  },
  {
    "OptionId": "2ea138fa-ee9d-4ab5-8f79-954780498d11",
    "UnitId": "unit_144",
    "NewUnitId": "unit_145"
  },
  {
    "OptionId": "398a10c2-d7fc-4178-9dd5-238b8f3e854e",
    "UnitId": "unit_144",
    "NewUnitId": "unit_146"
  },
  {
    "OptionId": "2ea138fa-ee9d-4ab5-8f79-954780498d11",
    "UnitId": "unit_147",
    "NewUnitId": "unit_148"
  },
  {
    "OptionId": "d4150f38-e2f7-4da4-932e-bba525c521b2",
    "UnitId": "unit_147",
    "NewUnitId": "unit_149"
  },
  {
    "OptionId": "b11982c8-7570-4c18-bab7-302ac63d3d6e",
    "UnitId": "unit_147",
    "NewUnitId": "unit_150"
  },
  {
    "OptionId": "0db547b6-a234-4309-b7f9-40cc23ba377c",
    "UnitId": "unit_147",
    "NewUnitId": "unit_151"
  },
  {
    "OptionId": "2ea138fa-ee9d-4ab5-8f79-954780498d11",
    "UnitId": "unit_152",
    "NewUnitId": "unit_153"
  },
  {
    "OptionId": "2ea138fa-ee9d-4ab5-8f79-954780498d11",
    "UnitId": "unit_154",
    "NewUnitId": "unit_155"
  },
  {
    "OptionId": "3a074005-878f-422e-a475-42dd13ce86ce",
    "UnitId": "unit_158"
  },
  {
    "OptionId": "c9519cd5-2b08-4a2e-9017-51463bfb9821",
    "UnitId": "unit_158"
  },
  {
    "OptionId": "3a074005-878f-422e-a475-42dd13ce86ce",
    "UnitId": "unit_159"
  },
  {
    "OptionId": "c9519cd5-2b08-4a2e-9017-51463bfb9821",
    "UnitId": "unit_159"
  },
  {
    "OptionId": "3a074005-878f-422e-a475-42dd13ce86ce",
    "UnitId": "unit_160"
  },
  {
    "OptionId": "c9519cd5-2b08-4a2e-9017-51463bfb9821",
    "UnitId": "unit_160"
  },
  {
    "OptionId": "3a074005-878f-422e-a475-42dd13ce86ce",
    "UnitId": "unit_161"
  },
  {
    "OptionId": "3a074005-878f-422e-a475-42dd13ce86ce",
    "UnitId": "unit_162"
  },
  {
    "OptionId": "c9519cd5-2b08-4a2e-9017-51463bfb9821",
    "UnitId": "unit_162"
  },
  {
    "OptionId": "3a074005-878f-422e-a475-42dd13ce86ce",
    "UnitId": "unit_163"
  },
  {
    "OptionId": "c9519cd5-2b08-4a2e-9017-51463bfb9821",
    "UnitId": "unit_163"
  },
  {
    "OptionId": "3a074005-878f-422e-a475-42dd13ce86ce",
    "UnitId": "unit_164"
  },
  {
    "OptionId": "c9519cd5-2b08-4a2e-9017-51463bfb9821",
    "UnitId": "unit_164"
  },
  {
    "OptionId": "3a074005-878f-422e-a475-42dd13ce86ce",
    "UnitId": "unit_165"
  },
  {
    "OptionId": "c9519cd5-2b08-4a2e-9017-51463bfb9821",
    "UnitId": "unit_165"
  },
  {
    "OptionId": "3a074005-878f-422e-a475-42dd13ce86ce",
    "UnitId": "unit_166"
  },
  {
    "OptionId": "c9519cd5-2b08-4a2e-9017-51463bfb9821",
    "UnitId": "unit_166"
  },
  {
    "OptionId": "3a074005-878f-422e-a475-42dd13ce86ce",
    "UnitId": "unit_168"
  },
  {
    "OptionId": "3a074005-878f-422e-a475-42dd13ce86ce",
    "UnitId": "unit_169"
  },
  {
    "OptionId": "efc894af-1360-40e5-978a-296f3453e60e",
    "UnitId": "unit_170"
  },
  {
    "OptionId": "c7963a37-5a3e-4634-837c-6b95094b1e2c",
    "UnitId": "unit_170"
  },
  {
    "OptionId": "ee998e3e-40e0-4075-90c7-7a4ce952dc7d",
    "UnitId": "unit_170"
  },
  {
    "OptionId": "f29fe9ff-28d4-4ee2-b2f7-0a8b2dd10f52",
    "UnitId": "unit_170"
  },
  {
    "OptionId": "3a074005-878f-422e-a475-42dd13ce86ce",
    "UnitId": "unit_171"
  },
  {
    "OptionId": "1b33bffd-9c83-4dd6-9210-5bd859d77004",
    "UnitId": "unit_152"
  },
  {
    "OptionId": "e5d59d59-db50-4511-b9eb-3182f80cc874",
    "UnitId": "unit_152"
  },
  {
    "OptionId": "4ba66a78-c7d2-4555-a223-8b7ac4f36bcd",
    "UnitId": "unit_152"
  },
  {
    "OptionId": "52370608-5fe5-4256-8293-435af5214017",
    "UnitId": "unit_152"
  },
  {
    "OptionId": "00dc39a4-c88b-418c-bdef-41cb1f59e554",
    "UnitId": "unit_162"
  },
  {
    "OptionId": "29998dd2-41cc-45d7-879b-fa3562f30c00",
    "UnitId": "unit_162"
  },
  {
    "OptionId": "7a3edb9d-e1d1-472e-a3da-c050f36537e6",
    "UnitId": "unit_162"
  },
  {
    "OptionId": "497126bb-8c98-4d2c-9bca-969a356bf329",
    "UnitId": "unit_162"
  },
  {
    "OptionId": "33baffbf-4728-4144-beba-f8c8dc093d73",
    "UnitId": "unit_162"
  },
  {
    "OptionId": "29998dd2-41cc-45d7-879b-fa3562f30c00",
    "UnitId": "unit_171"
  },
  {
    "OptionId": "29998dd2-41cc-45d7-879b-fa3562f30c00",
    "UnitId": "unit_164"
  },
  {
    "OptionId": "7a3edb9d-e1d1-472e-a3da-c050f36537e6",
    "UnitId": "unit_164"
  },
  {
    "OptionId": "29998dd2-41cc-45d7-879b-fa3562f30c00",
    "UnitId": "unit_168"
  },
  {
    "OptionId": "cae4b1d6-1183-4fbf-9f5b-6125fe00dee1",
    "UnitId": "unit_154"
  },
  {
    "OptionId": "cc46209b-a124-4cf5-8670-2113515583c3",
    "UnitId": "unit_154"
  },
  {
    "OptionId": "7a3edb9d-e1d1-472e-a3da-c050f36537e6",
    "UnitId": "unit_154"
  },
  {
    "OptionId": "a974648b-3a89-4c94-8f5c-ad3db30084ce",
    "UnitId": "unit_154"
  },
  {
    "OptionId": "8c93488d-d6ea-4b85-a63b-ac57ca72c80a",
    "UnitId": "unit_154"
  },
  {
    "OptionId": "656ba8fb-8d84-4ac0-a847-e11af02d92b1",
    "UnitId": "unit_154"
  },
  {
    "OptionId": "52370608-5fe5-4256-8293-435af5214017",
    "UnitId": "unit_154"
  },
  {
    "OptionId": "33baffbf-4728-4144-beba-f8c8dc093d73",
    "UnitId": "unit_154"
  },
  {
    "OptionId": "00dc39a4-c88b-418c-bdef-41cb1f59e554",
    "UnitId": "unit_141"
  },
  {
    "OptionId": "7a3edb9d-e1d1-472e-a3da-c050f36537e6",
    "UnitId": "unit_141"
  },
  {
    "OptionId": "a974648b-3a89-4c94-8f5c-ad3db30084ce",
    "UnitId": "unit_141"
  },
  {
    "OptionId": "497126bb-8c98-4d2c-9bca-969a356bf329",
    "UnitId": "unit_141"
  },
  {
    "OptionId": "33baffbf-4728-4144-beba-f8c8dc093d73",
    "UnitId": "unit_141"
  },
  {
    "OptionId": "00dc39a4-c88b-418c-bdef-41cb1f59e554",
    "UnitId": "unit_163"
  },
  {
    "OptionId": "29998dd2-41cc-45d7-879b-fa3562f30c00",
    "UnitId": "unit_163"
  },
  {
    "OptionId": "497126bb-8c98-4d2c-9bca-969a356bf329",
    "UnitId": "unit_163"
  },
  {
    "OptionId": "33baffbf-4728-4144-beba-f8c8dc093d73",
    "UnitId": "unit_163"
  },
  {
    "OptionId": "b1446856-25bc-4b1f-bc89-457ce984f3ad",
    "UnitId": "unit_163"
  },
  {
    "OptionId": "29998dd2-41cc-45d7-879b-fa3562f30c00",
    "UnitId": "unit_166"
  },
  {
    "OptionId": "a974648b-3a89-4c94-8f5c-ad3db30084ce",
    "UnitId": "unit_166"
  },
  {
    "OptionId": "29998dd2-41cc-45d7-879b-fa3562f30c00",
    "UnitId": "unit_161"
  },
  {
    "OptionId": "c9519cd5-2b08-4a2e-9017-51463bfb9821",
    "UnitId": "unit_161"
  },
  {
    "OptionId": "d35a8cfd-ab6e-4b41-ac88-4138e78b207b",
    "UnitId": "unit_136"
  },
  {
    "OptionId": "669d3d39-80e9-4463-8a9b-e82c73ed1b22",
    "UnitId": "unit_136"
  },
  {
    "OptionId": "7a3edb9d-e1d1-472e-a3da-c050f36537e6",
    "UnitId": "unit_136"
  },
  {
    "OptionId": "a974648b-3a89-4c94-8f5c-ad3db30084ce",
    "UnitId": "unit_136"
  },
  {
    "OptionId": "497126bb-8c98-4d2c-9bca-969a356bf329",
    "UnitId": "unit_136"
  },
  {
    "OptionId": "656ba8fb-8d84-4ac0-a847-e11af02d92b1",
    "UnitId": "unit_136"
  },
  {
    "OptionId": "e4063b59-70ba-40ab-8d35-1ab3aeb6ca5e",
    "UnitId": "unit_136"
  },
  {
    "OptionId": "33baffbf-4728-4144-beba-f8c8dc093d73",
    "UnitId": "unit_136"
  },
  {
    "OptionId": "7a3edb9d-e1d1-472e-a3da-c050f36537e6",
    "UnitId": "unit_144"
  },
  {
    "OptionId": "656ba8fb-8d84-4ac0-a847-e11af02d92b1",
    "UnitId": "unit_144"
  },
  {
    "OptionId": "33baffbf-4728-4144-beba-f8c8dc093d73",
    "UnitId": "unit_144"
  },
  {
    "OptionId": "29998dd2-41cc-45d7-879b-fa3562f30c00",
    "UnitId": "unit_169"
  },
  {
    "OptionId": "b5fd1456-03ff-4411-b6e3-e60f50ad5b8c",
    "UnitId": "unit_169"
  },
  {
    "OptionId": "e4063b59-70ba-40ab-8d35-1ab3aeb6ca5e",
    "UnitId": "unit_169"
  },
  {
    "OptionId": "4ba66a78-c7d2-4555-a223-8b7ac4f36bcd",
    "UnitId": "unit_169"
  },
  {
    "OptionId": "29998dd2-41cc-45d7-879b-fa3562f30c00",
    "UnitId": "unit_158"
  },
  {
    "OptionId": "a974648b-3a89-4c94-8f5c-ad3db30084ce",
    "UnitId": "unit_158"
  },
  {
    "OptionId": "b4241335-9b4a-4be0-be3b-2dc01b85c72f",
    "UnitId": "unit_158"
  },
  {
    "OptionId": "29998dd2-41cc-45d7-879b-fa3562f30c00",
    "UnitId": "unit_160"
  },
  {
    "OptionId": "a974648b-3a89-4c94-8f5c-ad3db30084ce",
    "UnitId": "unit_160"
  },
  {
    "OptionId": "1b33bffd-9c83-4dd6-9210-5bd859d77004",
    "UnitId": "unit_160"
  },
  {
    "OptionId": "e5d59d59-db50-4511-b9eb-3182f80cc874",
    "UnitId": "unit_160"
  },
  {
    "OptionId": "4ba66a78-c7d2-4555-a223-8b7ac4f36bcd",
    "UnitId": "unit_160"
  },
  {
    "OptionId": "b75121fe-4a08-4c06-9d42-1de96d201e31",
    "UnitId": "unit_160"
  }
]