[
  {
    "Id": "2ea138fa-ee9d-4ab5-8f79-954780498d11",
    "Name": "Horse",
    "Type": "UnitGlobalChange"
  },
  {
    "Id": "d4150f38-e2f7-4da4-932e-bba525c521b2",
    "Name": "Pegasus",
    "Type": "UnitGlobalChange"
  },
  {
    "Id": "b11982c8-7570-4c18-bab7-302ac63d3d6e",
    "Name": "Great Griffon",
    "Type": "UnitGlobalChange"
  },
  {
    "Id": "a2931048-b39c-4821-b7cf-db638097716f",
    "Name": "Commanding Dragon",
    "Type": "UnitGlobalChange"
  },
  {
    "Id": "139cd03b-a6ee-42e5-acd7-d2690863a571",
    "Name": "Young Griffon",
    "Type": "UnitGlobalChange"
  },
  {
    "Id": "398a10c2-d7fc-4178-9dd5-238b8f3e854e",
    "Name": "Altar of Battle",
    "Type": "UnitGlobalChange"
  },
  {
    "Id": "0db547b6-a234-4309-b7f9-40cc23ba377c",
    "Name": "Arcane Engine",
    "Type": "UnitGlobalChange"
  },
  {
    "Id": "efc894af-1360-40e5-978a-296f3453e60e",
    "Name": "Imperial Rocketeer",
    "Type": "UnitSwapDisplayable",
    "DisplayableDataIdToAdd": {
      "rule_1860": ""
    }
  },
  {
    "Id": "c7963a37-5a3e-4634-837c-6b95094b1e2c",
    "Name": "Volley Gun",
    "Type": "UnitSwapDisplayable",
    "DisplayableDataIdToAdd": {
      "rule_1861": ""
    }
  },
  {
    "Id": "ee998e3e-40e0-4075-90c7-7a4ce952dc7d",
    "Name": "Mortar",
    "Type": "UnitSwapDisplayable",
    "DisplayableDataIdToAdd": {
      "rule_1862": ""
    }
  },
  {
    "Id": "f29fe9ff-28d4-4ee2-b2f7-0a8b2dd10f52",
    "Name": "Cannon",
    "Type": "UnitSwapDisplayable",
    "DisplayableDataIdToAdd": {
      "rule_1863": ""
    }
  },
  {
    "Id": "cae4b1d6-1183-4fbf-9f5b-6125fe00dee1",
    "Name": "Brace of Pistols",
    "Type": "UnitSwapDisplayable",
    "DisplayableDataIdToAdd": {
      "rule_269": ""
    }
  },
  {
    "Id": "00dc39a4-c88b-418c-bdef-41cb1f59e554",
    "Name": "Cavalry Pick",
    "Type": "UnitSwapDisplayable",
    "DisplayableDataIdToAdd": {
      "rule_784": ""
    }
  },
  {
    "Id": "1b33bffd-9c83-4dd6-9210-5bd859d77004",
    "Name": "Handgun",
    "Type": "UnitSwapDisplayable",
    "DisplayableDataIdToAdd": {
      "rule_265": ""
    }
  },
  {
    "Id": "8c93488d-d6ea-4b85-a63b-ac57ca72c80a",
    "Name": "Horse and Light Troops",
    "Type": "UnitSwapDisplayable"
  },
  {
    "Id": "b5fd1456-03ff-4411-b6e3-e60f50ad5b8c",
    "Name": "Light Lance and Shield",
    "Type": "UnitSwapDisplayable"
  },
  {
    "Id": "e5d59d59-db50-4511-b9eb-3182f80cc874",
    "Name": "Long Rifle",
    "Type": "UnitSwapDisplayable",
    "DisplayableDataIdToAdd": {
      "rule_781": ""
    }
  },
  {
    "Id": "4ba66a78-c7d2-4555-a223-8b7ac4f36bcd",
    "Name": "Repeater Gun",
    "Type": "UnitSwapDisplayable",
    "DisplayableDataIdToAdd": {
      "rule_782": ""
    }
  },
  {
    "Id": "52370608-5fe5-4256-8293-435af5214017",
    "Name": "Repeater Pistol",
    "Type": "UnitSwapDisplayable",
    "DisplayableDataIdToAdd": {
      "rule_783": ""
    }
  },
  {
    "Id": "b75121fe-4a08-4c06-9d42-1de96d201e31",
    "Name": "Spear & Shield",
    "Type": "UnitSwapDisplayable"
  },
  {
    "Id": "b1446856-25bc-4b1f-bc89-457ce984f3ad",
    "Name": "Standard",
    "Type": "UnitSwapDisplayable",
    "DisplayableDataIdToAdd": {
      "rule_1824": ""
    }
  }
]