[
  {
    "Id": "68357f43790d8280c4b2056b",
    "Name": "Marshal",
    "Type": "Profile",
    "BaseId": "5",
    "DisplayableDataIds": {
      "statline_399": "",
      "statline_400": "",
      "statline_401": ""
    }
  },
  {
    "Id": "99a749a6-c6f2-4c25-97ec-15ae88638eb3",
    "Name": "Horse",
    "Type": "Profile",
    "BaseId": "4",
    "DisplayableDataIds": {
      "statline_402": "",
      "statline_403": "",
      "statline_404": ""
    }
  },
  {
    "Id": "30b54ddd-d92f-40d1-a2cc-f2fa0fd58ee6",
    "Name": "Pegasus",
    "Type": "Profile",
    "BaseId": "3",
    "DisplayableDataIds": {
      "statline_405": "",
      "statline_406": "",
      "statline_407": ""
    }
  },
  {
    "Id": "a7ea5646-a50a-4dd0-bf24-be47034c25e3",
    "Name": "Great Griffon",
    "Type": "Profile",
    "BaseId": "2",
    "DisplayableDataIds": {
      "statline_408": "",
      "statline_409": "",
      "statline_410": ""
    }
  },
  {
    "Id": "93f57ebe-0725-4b88-b18d-e44e4b438e67",
    "Name": "Commanding Dragon",
    "Type": "Profile",
    "BaseId": "2",
    "DisplayableDataIds": {
      "statline_411": "",
      "statline_412": "",
      "statline_413": ""
    }
  },
  {
    "Id": "68357f44790d8280c4b2077a",
    "Name": "Knight Commander",
    "Type": "Profile",
    "BaseId": "4",
    "DisplayableDataIds": {
      "statline_414": "",
      "statline_415": "",
      "statline_416": "",
      "statline_404": ""
    }
  },
  {
    "Id": "761cdac2-8ec2-45ce-b096-929b3e761aa4",
    "Name": "Horse",
    "Type": "Profile",
    "BaseId": "4",
    "DisplayableDataIds": {
      "statline_417": "",
      "statline_418": "",
      "statline_404": ""
    }
  },
  {
    "Id": "3c33ac6c-c1cd-4b72-8937-a19c16076a37",
    "Name": "Horse",
    "Type": "Profile",
    "BaseId": "4",
    "DisplayableDataIds": {
      "statline_417": "",
      "statline_418": "",
      "statline_404": ""
    }
  },
  {
    "Id": "68357f44790d8280c4b2086d",
    "Name": "Prelate",
    "Type": "Profile",
    "BaseId": "5",
    "DisplayableDataIds": {
      "statline_419": "",
      "statline_420": "",
      "statline_421": ""
    }
  },
  {
    "Id": "56ec7566-841b-4188-947a-91fd27dcb480",
    "Name": "Horse",
    "Type": "Profile",
    "BaseId": "4",
    "DisplayableDataIds": {
      "statline_422": "",
      "statline_423": "",
      "statline_404": ""
    }
  },
  {
    "Id": "698b79f4-a60b-4744-8b2c-5b84b774f4c7",
    "Name": "Horse (2)",
    "Type": "Profile",
    "BaseId": "2",
    "DisplayableDataIds": {
      "statline_424": "",
      "statline_425": "",
      "statline_426": "",
      "statline_7": ""
    }
  },
  {
    "Id": "68357f44790d8280c4b2094e",
    "Name": "Battlefield Wizard",
    "Type": "Profile",
    "BaseId": "5",
    "DisplayableDataIds": {
      "statline_427": "",
      "statline_428": "",
      "statline_429": ""
    }
  },
  {
    "Id": "f88733d7-bafd-4d9c-b50c-bdbd3e382a2a",
    "Name": "Horse",
    "Type": "Profile",
    "BaseId": "4",
    "DisplayableDataIds": {
      "statline_430": "",
      "statline_431": "",
      "statline_404": ""
    }
  },
  {
    "Id": "4bc5b111-e57d-4cd9-ace5-ac573a6d4201",
    "Name": "Pegasus",
    "Type": "Profile",
    "BaseId": "3",
    "DisplayableDataIds": {
      "statline_432": "",
      "statline_433": "",
      "statline_407": ""
    }
  },
  {
    "Id": "1a66fe57-1332-469c-b4c5-3b57b134cce2",
    "Name": "Great Griffon",
    "Type": "Profile",
    "BaseId": "2",
    "DisplayableDataIds": {
      "statline_434": "",
      "statline_435": "",
      "statline_410": ""
    }
  },
  {
    "Id": "26547df1-f207-4498-9952-89118b545a1f",
    "Name": "Horse (2)",
    "Type": "Profile",
    "BaseId": "2",
    "DisplayableDataIds": {
      "statline_436": "",
      "statline_437": "",
      "statline_426": "",
      "statline_7": ""
    }
  },
  {
    "Id": "68357f45790d8280c4b20aad",
    "Name": "Artificer",
    "Type": "Profile",
    "BaseId": "5",
    "DisplayableDataIds": {
      "statline_438": "",
      "statline_439": "",
      "statline_440": ""
    }
  },
  {
    "Id": "6ec9e5b8-5247-4108-bc20-d1e8532ce238",
    "Name": "Horse",
    "Type": "Profile",
    "BaseId": "4",
    "DisplayableDataIds": {
      "statline_441": "",
      "statline_442": "",
      "statline_404": ""
    }
  },
  {
    "Id": "68357f45790d8280c4b20b20",
    "Name": "Inquisitor",
    "Type": "Profile",
    "BaseId": "5",
    "DisplayableDataIds": {
      "statline_443": "",
      "statline_444": "",
      "statline_445": ""
    }
  },
  {
    "Id": "a4d85a37-52e3-422d-b947-6df68cc73585",
    "Name": "Horse",
    "Type": "Profile",
    "BaseId": "4",
    "DisplayableDataIds": {
      "statline_446": "",
      "statline_403": "",
      "statline_404": ""
    }
  },
  {
    "Id": "d3a9f6b7c4e2d8a3c1f5b7a9c",
    "Name": "Heinrich Falkenbach",
    "Type": "Profile",
    "BaseId": "5",
    "DisplayableDataIds": {
      "statline_447": "",
      "statline_448": "",
      "statline_449": ""
    }
  },
  {
    "Id": "e4b8f2a7d9e1f6c3a4d5b8a7c",
    "Name": "Brother Tomaz",
    "Type": "Profile",
    "BaseId": "5",
    "DisplayableDataIds": {
      "statline_450": "",
      "statline_451": "",
      "statline_452": ""
    }
  },
  {
    "Id": "68357f45790d8280c4b20bc5",
    "Name": "State Marksmen",
    "Type": "Profile",
    "BaseId": "5",
    "DisplayableDataIds": {
      "statline_453": "",
      "statline_454": "",
      "statline_455": ""
    }
  },
  {
    "Id": "68357f45790d8280c4b20c01",
    "Name": "State Marksmen",
    "Type": "Profile",
    "BaseId": "5",
    "DisplayableDataIds": {
      "statline_453": "",
      "statline_454": "",
      "statline_455": ""
    }
  },
  {
    "Id": "68357f46790d8280c4b20c3d",
    "Name": "State Marksmen",
    "Type": "Profile",
    "BaseId": "5",
    "DisplayableDataIds": {
      "statline_453": "",
      "statline_454": "",
      "statline_456": ""
    }
  },
  {
    "Id": "68357f46790d8280c4b20c79",
    "Name": "Local Militia",
    "Type": "Profile",
    "BaseId": "5",
    "DisplayableDataIds": {
      "statline_457": "",
      "statline_458": "",
      "statline_459": ""
    }
  },
  {
    "Id": "68357f46790d8280c4b20c8b",
    "Name": "Electoral Cavalry",
    "Type": "Profile",
    "BaseId": "4",
    "DisplayableDataIds": {
      "statline_460": "",
      "statline_461": "",
      "statline_462": "",
      "statline_404": ""
    }
  },
  {
    "Id": "68357f46790d8280c4b20cca",
    "Name": "Knightly Orders",
    "Type": "Profile",
    "BaseId": "4",
    "DisplayableDataIds": {
      "statline_463": "",
      "statline_464": "",
      "statline_465": "",
      "statline_404": ""
    }
  },
  {
    "Id": "68357f46790d8280c4b20d09",
    "Name": "Imperial Guard",
    "Type": "Profile",
    "BaseId": "5",
    "DisplayableDataIds": {
      "statline_466": "",
      "statline_467": "",
      "statline_468": ""
    }
  },
  {
    "Id": "68357f47790d8280c4b20d45",
    "Name": "Imperial Guard",
    "Type": "Profile",
    "BaseId": "5",
    "DisplayableDataIds": {
      "statline_466": "",
      "statline_467": "",
      "statline_468": ""
    }
  },
  {
    "Id": "68357f47790d8280c4b20d81",
    "Name": "Knights of the Sun Griffon",
    "Type": "Profile",
    "BaseId": "7",
    "DisplayableDataIds": {
      "statline_469": "",
      "statline_470": "",
      "statline_471": "",
      "statline_472": ""
    }
  },
  {
    "Id": "68357f47790d8280c4b20dbb",
    "Name": "Arcane Engine",
    "Type": "Profile",
    "BaseId": "2",
    "DisplayableDataIds": {
      "statline_473": "",
      "statline_474": "",
      "statline_475": "",
      "statline_426": "",
      "statline_7": ""
    }
  },
  {
    "Id": "68357f47790d8280c4b20dc1",
    "Name": "Imperial Rangers",
    "Type": "Profile",
    "BaseId": "5",
    "DisplayableDataIds": {
      "statline_476": "",
      "statline_477": "",
      "statline_478": ""
    }
  },
  {
    "Id": "68357f48790d8280c4b20dcf",
    "Name": "Reiters",
    "Type": "Profile",
    "BaseId": "4",
    "DisplayableDataIds": {
      "statline_479": "",
      "statline_480": "",
      "statline_481": "",
      "statline_404": ""
    }
  },
  {
    "Id": "68357f48790d8280c4b20de1",
    "Name": "Blackpowder Artillery",
    "Type": "Profile",
    "BaseId": "11",
    "DisplayableDataIds": {
      "statline_482": "",
      "statline_483": "",
      "statline_484": ""
    }
  },
  {
    "Id": "68357f48790d8280c4b20e01",
    "Name": "Flagellants",
    "Type": "Profile",
    "BaseId": "5",
    "DisplayableDataIds": {
      "statline_485": "",
      "statline_486": "",
      "statline_487": ""
    }
  },
  {
    "Id": "68357f48790d8280c4b20e0d",
    "Name": "Steam Tank",
    "Type": "Profile",
    "BaseId": "2",
    "DisplayableDataIds": {
      "statline_488": "",
      "statline_489": "",
      "statline_490": ""
    }
  }
]