[
  {
    "Id": "statline_399",
    "Name": "Marshal",
    "Type": "Statline",
    "Attributes": {
      "Ad": "4",
      "Ma": "4",
      "Di": "8",
      "Hgt": "1"
    },
    "DisplayableDataIds": {
      "rule_3": "",
      "rule_17": "",
      "rule_18": "",
      "rule_4": ""
    }
  },
  {
    "Id": "statline_400",
    "Name": "Marshal",
    "Type": "Statline",
    "Attributes": {
      "HP": "3",
      "Df": "5",
      "Re": "4",
      "Arm": "3"
    }
  },
  {
    "Id": "statline_401",
    "Name": "Marshal",
    "Type": "Statline",
    "Attributes": {
      "At": "3",
      "Of": "5",
      "St": "4",
      "AP": "1",
      "Ag": "5"
    }
  },
  {
    "Id": "statline_402",
    "Name": "Horse",
    "Type": "Statline",
    "Attributes": {
      "Ad": "8",
      "Ma": "8",
      "Di": "8",
      "Hgt": "2"
    },
    "DisplayableDataIds": {
      "rule_3": "",
      "rule_5": "",
      "rule_17": "",
      "rule_18": "",
      "rule_4": ""
    }
  },
  {
    "Id": "statline_403",
    "Name": "Horse",
    "Type": "Statline",
    "Attributes": {
      "HP": "3",
      "Df": "5",
      "Re": "4",
      "Arm": "5"
    }
  },
  {
    "Id": "statline_404",
    "Name": "Horse",
    "Type": "Statline",
    "Attributes": {
      "At": "1",
      "Of": "3",
      "St": "3",
      "AP": "0",
      "Ag": "3"
    }
  },
  {
    "Id": "statline_405",
    "Name": "Pegasus",
    "Type": "Statline",
    "Attributes": {
      "Ad": "8",
      "Ma": "8",
      "Di": "8",
      "Hgt": "3"
    },
    "DisplayableDataIds": {
      "rule_3": "",
      "rule_44": "",
      "rule_4": "",
      "rule_5": "",
      "rule_17": "",
      "rule_18": ""
    }
  },
  {
    "Id": "statline_406",
    "Name": "Pegasus",
    "Type": "Statline",
    "Attributes": {
      "HP": "3",
      "Df": "5",
      "Re": "4",
      "Arm": "4"
    },
    "DisplayableDataIds": {
      "rule_29": "(1)"
    }
  },
  {
    "Id": "statline_407",
    "Name": "Pegasus",
    "Type": "Statline",
    "Attributes": {
      "At": "2",
      "Of": "4",
      "St": "4",
      "AP": "1",
      "Ag": "4"
    }
  },
  {
    "Id": "statline_408",
    "Name": "Great Griffon",
    "Type": "Statline",
    "Attributes": {
      "Ad": "8",
      "Ma": "8",
      "Di": "8",
      "Hgt": "4"
    },
    "DisplayableDataIds": {
      "rule_3": "",
      "rule_44": "",
      "rule_5": "",
      "rule_11": "",
      "rule_4": "",
      "rule_17": "",
      "rule_18": ""
    }
  },
  {
    "Id": "statline_409",
    "Name": "Great Griffon",
    "Type": "Statline",
    "Attributes": {
      "HP": "5",
      "Df": "5",
      "Re": "5",
      "Arm": "4"
    }
  },
  {
    "Id": "statline_410",
    "Name": "Great Griffon",
    "Type": "Statline",
    "Attributes": {
      "At": "4",
      "Of": "5",
      "St": "5",
      "AP": "3",
      "Ag": "5"
    },
    "DisplayableDataIds": {
      "rule_246": "",
      "rule_46": "(D3)"
    }
  },
  {
    "Id": "statline_411",
    "Name": "Commanding Dragon",
    "Type": "Statline",
    "Attributes": {
      "Ad": "7",
      "Ma": "7",
      "Di": "8",
      "Hgt": "5"
    },
    "DisplayableDataIds": {
      "rule_3": "",
      "rule_44": "",
      "rule_45": "",
      "rule_5": "",
      "rule_11": "",
      "rule_247": "",
      "rule_17": "",
      "rule_18": "",
      "rule_4": ""
    }
  },
  {
    "Id": "statline_412",
    "Name": "Commanding Dragon",
    "Type": "Statline",
    "Attributes": {
      "HP": "7",
      "Df": "5",
      "Re": "6",
      "Arm": "4"
    }
  },
  {
    "Id": "statline_413",
    "Name": "Commanding Dragon",
    "Type": "Statline",
    "Attributes": {
      "At": "6",
      "Of": "5",
      "St": "6",
      "AP": "3",
      "Ag": "3"
    },
    "DisplayableDataIds": {
      "rule_56": "(Str 4, AP 1, Flaming Attacks)",
      "rule_46": "(D6)"
    }
  },
  {
    "Id": "statline_414",
    "Name": "Knight Commander",
    "Type": "Statline",
    "Attributes": {
      "Ad": "0",
      "Ma": "0",
      "Di": "9",
      "Hgt": "0"
    },
    "DisplayableDataIds": {
      "rule_248": "",
      "rule_3": "",
      "rule_5": ""
    }
  },
  {
    "Id": "statline_415",
    "Name": "Knight Commander",
    "Type": "Statline",
    "Attributes": {
      "HP": "3",
      "Df": "6",
      "Re": "4",
      "Arm": "3"
    }
  },
  {
    "Id": "statline_416",
    "Name": "Knight Commander",
    "Type": "Statline",
    "Attributes": {
      "At": "4",
      "Of": "6",
      "St": "4",
      "AP": "1",
      "Ag": "6"
    }
  },
  {
    "Id": "statline_417",
    "Name": "Horse",
    "Type": "Statline",
    "Attributes": {
      "Ad": "8",
      "Ma": "8",
      "Di": "9",
      "Hgt": "2"
    },
    "DisplayableDataIds": {
      "rule_248": "",
      "rule_3": "",
      "rule_5": ""
    }
  },
  {
    "Id": "statline_418",
    "Name": "Horse",
    "Type": "Statline",
    "Attributes": {
      "HP": "3",
      "Df": "6",
      "Re": "4",
      "Arm": "5"
    }
  },
  {
    "Id": "statline_419",
    "Name": "Prelate",
    "Type": "Statline",
    "Attributes": {
      "Ad": "4",
      "Ma": "4",
      "Di": "8",
      "Hgt": "1"
    },
    "DisplayableDataIds": {
      "rule_249": "",
      "rule_4": ""
    }
  },
  {
    "Id": "statline_420",
    "Name": "Prelate",
    "Type": "Statline",
    "Attributes": {
      "HP": "3",
      "Df": "4",
      "Re": "4",
      "Arm": "3"
    }
  },
  {
    "Id": "statline_421",
    "Name": "Prelate",
    "Type": "Statline",
    "Attributes": {
      "At": "2",
      "Of": "4",
      "St": "4",
      "AP": "1",
      "Ag": "4"
    },
    "DisplayableDataIds": {
      "rule_47": ""
    }
  },
  {
    "Id": "statline_422",
    "Name": "Horse",
    "Type": "Statline",
    "Attributes": {
      "Ad": "8",
      "Ma": "8",
      "Di": "8",
      "Hgt": "2"
    },
    "DisplayableDataIds": {
      "rule_249": "",
      "rule_5": "",
      "rule_4": ""
    }
  },
  {
    "Id": "statline_423",
    "Name": "Horse",
    "Type": "Statline",
    "Attributes": {
      "HP": "3",
      "Df": "4",
      "Re": "4",
      "Arm": "5"
    }
  },
  {
    "Id": "statline_424",
    "Name": "Horse (2)",
    "Type": "Statline",
    "Attributes": {
      "Ad": "8",
      "Ma": "4",
      "Di": "8",
      "Hgt": "4"
    },
    "DisplayableDataIds": {
      "rule_249": "",
      "rule_4": "",
      "rule_41": "",
      "rule_5": "",
      "rule_11": "",
      "rule_250": ""
    }
  },
  {
    "Id": "statline_425",
    "Name": "Horse (2)",
    "Type": "Statline",
    "Attributes": {
      "HP": "5",
      "Df": "4",
      "Re": "5",
      "Arm": "4"
    },
    "DisplayableDataIds": {
      "rule_51": "(4+)"
    }
  },
  {
    "Id": "statline_426",
    "Name": "Horse (2)",
    "Type": "Statline",
    "Attributes": {
      "At": "1",
      "Of": "3",
      "St": "3",
      "AP": "0",
      "Ag": "3"
    }
  },
  {
    "Id": "statline_427",
    "Name": "Battlefield Wizard",
    "Type": "Statline",
    "Attributes": {
      "Ad": "4",
      "Ma": "4",
      "Di": "7",
      "Hgt": "1"
    },
    "DisplayableDataIds": {
      "rule_4": "",
      "rule_112": ""
    }
  },
  {
    "Id": "statline_428",
    "Name": "Battlefield Wizard",
    "Type": "Statline",
    "Attributes": {
      "HP": "3",
      "Df": "3",
      "Re": "3",
      "Arm": "0"
    }
  },
  {
    "Id": "statline_429",
    "Name": "Battlefield Wizard",
    "Type": "Statline",
    "Attributes": {
      "At": "1",
      "Of": "3",
      "St": "3",
      "AP": "0",
      "Ag": "3"
    }
  },
  {
    "Id": "statline_430",
    "Name": "Horse",
    "Type": "Statline",
    "Attributes": {
      "Ad": "8",
      "Ma": "8",
      "Di": "7",
      "Hgt": "2"
    },
    "DisplayableDataIds": {
      "rule_5": "",
      "rule_4": "",
      "rule_112": ""
    }
  },
  {
    "Id": "statline_431",
    "Name": "Horse",
    "Type": "Statline",
    "Attributes": {
      "HP": "3",
      "Df": "3",
      "Re": "3",
      "Arm": "2"
    }
  },
  {
    "Id": "statline_432",
    "Name": "Pegasus",
    "Type": "Statline",
    "Attributes": {
      "Ad": "8",
      "Ma": "8",
      "Di": "7",
      "Hgt": "3"
    },
    "DisplayableDataIds": {
      "rule_44": "",
      "rule_4": "",
      "rule_5": "",
      "rule_112": ""
    }
  },
  {
    "Id": "statline_433",
    "Name": "Pegasus",
    "Type": "Statline",
    "Attributes": {
      "HP": "3",
      "Df": "3",
      "Re": "4",
      "Arm": "1"
    },
    "DisplayableDataIds": {
      "rule_29": "(1)"
    }
  },
  {
    "Id": "statline_434",
    "Name": "Great Griffon",
    "Type": "Statline",
    "Attributes": {
      "Ad": "8",
      "Ma": "8",
      "Di": "7",
      "Hgt": "4"
    },
    "DisplayableDataIds": {
      "rule_44": "",
      "rule_5": "",
      "rule_11": "",
      "rule_4": "",
      "rule_112": ""
    }
  },
  {
    "Id": "statline_435",
    "Name": "Great Griffon",
    "Type": "Statline",
    "Attributes": {
      "HP": "5",
      "Df": "3",
      "Re": "5",
      "Arm": "4"
    }
  },
  {
    "Id": "statline_436",
    "Name": "Horse (2)",
    "Type": "Statline",
    "Attributes": {
      "Ad": "8",
      "Ma": "4",
      "Di": "7",
      "Hgt": "4"
    },
    "DisplayableDataIds": {
      "rule_4": "",
      "rule_5": "",
      "rule_114": "(1)",
      "rule_11": "",
      "rule_251": "",
      "rule_252": "(Cosmology)",
      "rule_112": ""
    }
  },
  {
    "Id": "statline_437",
    "Name": "Horse (2)",
    "Type": "Statline",
    "Attributes": {
      "HP": "5",
      "Df": "3",
      "Re": "5",
      "Arm": "2"
    }
  },
  {
    "Id": "statline_438",
    "Name": "Artificer",
    "Type": "Statline",
    "Attributes": {
      "Ad": "4",
      "Ma": "4",
      "Di": "7",
      "Hgt": "1"
    },
    "DisplayableDataIds": {
      "rule_253": "",
      "rule_234": "(Blackpowder Artillery)",
      "rule_18": "",
      "rule_4": ""
    }
  },
  {
    "Id": "statline_439",
    "Name": "Artificer",
    "Type": "Statline",
    "Attributes": {
      "HP": "3",
      "Df": "3",
      "Re": "3",
      "Arm": "1"
    }
  },
  {
    "Id": "statline_440",
    "Name": "Artificer",
    "Type": "Statline",
    "Attributes": {
      "At": "1",
      "Of": "3",
      "St": "3",
      "AP": "0",
      "Ag": "3"
    }
  },
  {
    "Id": "statline_441",
    "Name": "Horse",
    "Type": "Statline",
    "Attributes": {
      "Ad": "8",
      "Ma": "8",
      "Di": "7",
      "Hgt": "2"
    },
    "DisplayableDataIds": {
      "rule_253": "",
      "rule_234": "(Blackpowder Artillery)",
      "rule_18": "",
      "rule_5": "",
      "rule_4": ""
    }
  },
  {
    "Id": "statline_442",
    "Name": "Horse",
    "Type": "Statline",
    "Attributes": {
      "HP": "3",
      "Df": "3",
      "Re": "3",
      "Arm": "3"
    }
  },
  {
    "Id": "statline_443",
    "Name": "Inquisitor",
    "Type": "Statline",
    "Attributes": {
      "Ad": "4",
      "Ma": "4",
      "Di": "8",
      "Hgt": "1"
    },
    "DisplayableDataIds": {
      "rule_21": "",
      "rule_18": "",
      "rule_6": "(units without Inquisitor)",
      "rule_4": ""
    }
  },
  {
    "Id": "statline_444",
    "Name": "Inquisitor",
    "Type": "Statline",
    "Attributes": {
      "HP": "3",
      "Df": "5",
      "Re": "4",
      "Arm": "3"
    }
  },
  {
    "Id": "statline_445",
    "Name": "Inquisitor",
    "Type": "Statline",
    "Attributes": {
      "At": "3",
      "Of": "5",
      "St": "4",
      "AP": "1",
      "Ag": "5"
    },
    "DisplayableDataIds": {
      "rule_52": "",
      "rule_182": "",
      "rule_186": "",
      "rule_254": ""
    }
  },
  {
    "Id": "statline_446",
    "Name": "Horse",
    "Type": "Statline",
    "Attributes": {
      "Ad": "8",
      "Ma": "8",
      "Di": "8",
      "Hgt": "2"
    },
    "DisplayableDataIds": {
      "rule_21": "",
      "rule_18": "",
      "rule_6": "(units without Inquisitor)",
      "rule_5": "",
      "rule_4": ""
    }
  },
  {
    "Id": "statline_447",
    "Name": "Heinrich Falkenbach",
    "Type": "Statline",
    "Attributes": {
      "Ad": "4",
      "Ma": "4",
      "Di": "9",
      "Hgt": "1"
    },
    "DisplayableDataIds": {
      "rule_256": "",
      "rule_258": "",
      "rule_21": "",
      "rule_430": "",
      "rule_4": ""
    }
  },
  {
    "Id": "statline_448",
    "Name": "Heinrich Falkenbach",
    "Type": "Statline",
    "Attributes": {
      "HP": "3",
      "Df": "5",
      "Re": "4",
      "Arm": "3"
    },
    "DisplayableDataIds": {
      "rule_51": "(4+)",
      "rule_27": ""
    }
  },
  {
    "Id": "statline_449",
    "Name": "Heinrich Falkenbach",
    "Type": "Statline",
    "Attributes": {
      "At": "3",
      "Of": "5",
      "St": "4",
      "AP": "1",
      "Ag": "5"
    },
    "DisplayableDataIds": {
      "rule_257": "",
      "rule_52": "",
      "rule_186": "",
      "rule_254": "",
      "rule_182": ""
    }
  },
  {
    "Id": "statline_450",
    "Name": "Brother Tomaz",
    "Type": "Statline",
    "Attributes": {
      "Ad": "4",
      "Ma": "4",
      "Di": "8",
      "Hgt": "1"
    },
    "DisplayableDataIds": {
      "rule_18": "",
      "rule_17": "",
      "rule_6": "(Units without other Characters)",
      "rule_261": "",
      "rule_21": "",
      "rule_4": "",
      "rule_262": "",
      "rule_264": ""
    }
  },
  {
    "Id": "statline_451",
    "Name": "Brother Tomaz",
    "Type": "Statline",
    "Attributes": {
      "HP": "3",
      "Df": "4",
      "Re": "4",
      "Arm": "0"
    },
    "DisplayableDataIds": {
      "rule_51": "(5+)",
      "rule_142": ""
    }
  },
  {
    "Id": "statline_452",
    "Name": "Brother Tomaz",
    "Type": "Statline",
    "Attributes": {
      "At": "2",
      "Of": "4",
      "St": "4",
      "AP": "1",
      "Ag": "4"
    },
    "DisplayableDataIds": {
      "rule_47": "",
      "rule_263": ""
    }
  },
  {
    "Id": "statline_453",
    "Name": "State Marksmen",
    "Type": "Statline",
    "Attributes": {
      "Ad": "4",
      "Ma": "4",
      "Di": "7",
      "Hgt": "1"
    },
    "DisplayableDataIds": {
      "rule_255": ""
    }
  },
  {
    "Id": "statline_454",
    "Name": "State Marksmen",
    "Type": "Statline",
    "Attributes": {
      "HP": "1",
      "Df": "3",
      "Re": "3",
      "Arm": "0"
    }
  },
  {
    "Id": "statline_455",
    "Name": "State Marksman",
    "Type": "Statline",
    "Attributes": {
      "At": "1",
      "Of": "3",
      "St": "3",
      "AP": "0",
      "Ag": "3"
    }
  },
  {
    "Id": "statline_456",
    "Name": "State Marksman",
    "Type": "Statline",
    "Attributes": {
      "At": "1",
      "Of": "3",
      "St": "3",
      "AP": "0",
      "Ag": "3"
    },
    "DisplayableDataIds": {
      "rule_265": "(4+)"
    }
  },
  {
    "Id": "statline_457",
    "Name": "Local Militia",
    "Type": "Statline",
    "Attributes": {
      "Ad": "4",
      "Ma": "4",
      "Di": "6",
      "Hgt": "1"
    },
    "DisplayableDataIds": {
      "rule_33": "",
      "rule_4": "",
      "rule_24": ""
    }
  },
  {
    "Id": "statline_458",
    "Name": "Local Militia",
    "Type": "Statline",
    "Attributes": {
      "HP": "1",
      "Df": "2",
      "Re": "3",
      "Arm": "0"
    }
  },
  {
    "Id": "statline_459",
    "Name": "Local Militia",
    "Type": "Statline",
    "Attributes": {
      "At": "1",
      "Of": "2",
      "St": "3",
      "AP": "0",
      "Ag": "3"
    },
    "DisplayableDataIds": {
      "rule_32": "",
      "rule_31": "(4+)",
      "rule_266": "(4+)"
    }
  },
  {
    "Id": "statline_460",
    "Name": "Electoral Cavalry",
    "Type": "Statline",
    "Attributes": {
      "Ad": "8",
      "Ma": "8",
      "Di": "7",
      "Hgt": "2"
    },
    "DisplayableDataIds": {
      "rule_5": ""
    }
  },
  {
    "Id": "statline_461",
    "Name": "Electoral Cavalry",
    "Type": "Statline",
    "Attributes": {
      "HP": "1",
      "Df": "3",
      "Re": "3",
      "Arm": "5"
    }
  },
  {
    "Id": "statline_462",
    "Name": "Knight",
    "Type": "Statline",
    "Attributes": {
      "At": "1",
      "Of": "3",
      "St": "3",
      "AP": "0",
      "Ag": "3"
    }
  },
  {
    "Id": "statline_463",
    "Name": "Knightly Orders",
    "Type": "Statline",
    "Attributes": {
      "Ad": "8",
      "Ma": "8",
      "Di": "8",
      "Hgt": "2"
    },
    "DisplayableDataIds": {
      "rule_5": ""
    }
  },
  {
    "Id": "statline_464",
    "Name": "Knightly Orders",
    "Type": "Statline",
    "Attributes": {
      "HP": "1",
      "Df": "4",
      "Re": "3",
      "Arm": "5"
    }
  },
  {
    "Id": "statline_465",
    "Name": "Knight",
    "Type": "Statline",
    "Attributes": {
      "At": "1",
      "Of": "4",
      "St": "4",
      "AP": "1",
      "Ag": "3"
    }
  },
  {
    "Id": "statline_466",
    "Name": "Imperial Guard",
    "Type": "Statline",
    "Attributes": {
      "Ad": "4",
      "Ma": "4",
      "Di": "8",
      "Hgt": "1"
    },
    "DisplayableDataIds": {
      "rule_267": "",
      "rule_36": "(General, Marshal)",
      "rule_3": ""
    }
  },
  {
    "Id": "statline_467",
    "Name": "Imperial Guard",
    "Type": "Statline",
    "Attributes": {
      "HP": "1",
      "Df": "4",
      "Re": "3",
      "Arm": "3"
    },
    "DisplayableDataIds": {
      "rule_27": ""
    }
  },
  {
    "Id": "statline_468",
    "Name": "Imperial Guard",
    "Type": "Statline",
    "Attributes": {
      "At": "1",
      "Of": "4",
      "St": "4",
      "AP": "1",
      "Ag": "3"
    }
  },
  {
    "Id": "statline_469",
    "Name": "Knights of the Sun Griffon",
    "Type": "Statline",
    "Attributes": {
      "Ad": "7",
      "Ma": "7",
      "Di": "8",
      "Hgt": "4"
    },
    "DisplayableDataIds": {
      "rule_3": "",
      "rule_5": ""
    }
  },
  {
    "Id": "statline_470",
    "Name": "Knights of the Sun Griffon",
    "Type": "Statline",
    "Attributes": {
      "HP": "3",
      "Df": "4",
      "Re": "4",
      "Arm": "4"
    },
    "DisplayableDataIds": {
      "rule_27": ""
    }
  },
  {
    "Id": "statline_471",
    "Name": "Knight",
    "Type": "Statline",
    "Attributes": {
      "At": "1",
      "Of": "4",
      "St": "4",
      "AP": "1",
      "Ag": "3"
    },
    "DisplayableDataIds": {
      "rule_37": ""
    }
  },
  {
    "Id": "statline_472",
    "Name": "Young Griffon",
    "Type": "Statline",
    "Attributes": {
      "At": "2",
      "Of": "4",
      "St": "4",
      "AP": "2",
      "Ag": "4"
    },
    "DisplayableDataIds": {
      "rule_246": "",
      "rule_46": "(1)"
    }
  },
  {
    "Id": "statline_473",
    "Name": "Arcane Engine",
    "Type": "Statline",
    "Attributes": {
      "Ad": "8",
      "Ma": "4",
      "Di": "7",
      "Hgt": "4"
    },
    "DisplayableDataIds": {
      "rule_4": "",
      "rule_5": "",
      "rule_114": "(1)",
      "rule_11": "",
      "rule_251": "",
      "rule_252": "(Cosmology)"
    }
  },
  {
    "Id": "statline_474",
    "Name": "Arcane Engine",
    "Type": "Statline",
    "Attributes": {
      "HP": "5",
      "Df": "3",
      "Re": "5",
      "Arm": "2"
    }
  },
  {
    "Id": "statline_475",
    "Name": "Crew (2)",
    "Type": "Statline",
    "Attributes": {
      "At": "1",
      "Of": "3",
      "St": "3",
      "AP": "0",
      "Ag": "3"
    }
  },
  {
    "Id": "statline_476",
    "Name": "Imperial Rangers",
    "Type": "Statline",
    "Attributes": {
      "Ad": "4",
      "Ma": "4",
      "Di": "7",
      "Hgt": "1"
    },
    "DisplayableDataIds": {
      "rule_4": "",
      "rule_30": "",
      "rule_28": "",
      "rule_11": "",
      "rule_3": "",
      "rule_255": "",
      "rule_268": ""
    }
  },
  {
    "Id": "statline_477",
    "Name": "Imperial Rangers",
    "Type": "Statline",
    "Attributes": {
      "HP": "1",
      "Df": "3",
      "Re": "3",
      "Arm": "0"
    },
    "DisplayableDataIds": {
      "rule_29": "(1)"
    }
  },
  {
    "Id": "statline_478",
    "Name": "Imperial Ranger",
    "Type": "Statline",
    "Attributes": {
      "At": "1",
      "Of": "3",
      "St": "3",
      "AP": "0",
      "Ag": "3"
    },
    "DisplayableDataIds": {
      "rule_31": "(3+)"
    }
  },
  {
    "Id": "statline_479",
    "Name": "Reiters",
    "Type": "Statline",
    "Attributes": {
      "Ad": "8",
      "Ma": "8",
      "Di": "7",
      "Hgt": "2"
    },
    "DisplayableDataIds": {
      "rule_133": "",
      "rule_35": "",
      "rule_4": "",
      "rule_5": ""
    }
  },
  {
    "Id": "statline_480",
    "Name": "Reiters",
    "Type": "Statline",
    "Attributes": {
      "HP": "1",
      "Df": "3",
      "Re": "3",
      "Arm": "2"
    }
  },
  {
    "Id": "statline_481",
    "Name": "Reiter",
    "Type": "Statline",
    "Attributes": {
      "At": "1",
      "Of": "3",
      "St": "3",
      "AP": "0",
      "Ag": "3"
    },
    "DisplayableDataIds": {
      "rule_269": "(4+)",
      "rule_270": ""
    }
  },
  {
    "Id": "statline_482",
    "Name": "Blackpowder Artillery",
    "Type": "Statline",
    "Attributes": {
      "Ad": "0",
      "Ma": "4",
      "Di": "7",
      "Hgt": "2"
    },
    "DisplayableDataIds": {
      "rule_196": "",
      "rule_11": ""
    }
  },
  {
    "Id": "statline_483",
    "Name": "Blackpowder Artillery",
    "Type": "Statline",
    "Attributes": {
      "HP": "5",
      "Df": "1",
      "Re": "4",
      "Arm": "0"
    }
  },
  {
    "Id": "statline_484",
    "Name": "Crew",
    "Type": "Statline",
    "Attributes": {
      "At": "3",
      "Of": "3",
      "St": "3",
      "AP": "0",
      "Ag": "3"
    },
    "DisplayableDataIds": {
      "rule_271": "(5+)"
    }
  },
  {
    "Id": "statline_485",
    "Name": "Flagellants",
    "Type": "Statline",
    "Attributes": {
      "Ad": "4",
      "Ma": "4",
      "Di": "6",
      "Hgt": "1"
    },
    "DisplayableDataIds": {
      "rule_6": "(Zealot)",
      "rule_142": "( against Str 15)",
      "rule_42": "",
      "rule_41": "",
      "rule_21": "",
      "rule_22": "",
      "rule_24": "",
      "rule_231": ""
    }
  },
  {
    "Id": "statline_486",
    "Name": "Flagellants",
    "Type": "Statline",
    "Attributes": {
      "HP": "1",
      "Df": "2",
      "Re": "3",
      "Arm": "0"
    }
  },
  {
    "Id": "statline_487",
    "Name": "Flagellant",
    "Type": "Statline",
    "Attributes": {
      "At": "1",
      "Of": "2",
      "St": "3",
      "AP": "0",
      "Ag": "3",
      "Agi": "0"
    },
    "DisplayableDataIds": {
      "rule_23": "",
      "rule_39": ""
    }
  },
  {
    "Id": "statline_488",
    "Name": "Steam Tank",
    "Type": "Statline",
    "Attributes": {
      "Ad": "2D6",
      "Ma": "2D6",
      "Di": "7",
      "Hgt": "5"
    },
    "DisplayableDataIds": {
      "rule_41": "",
      "rule_42": "",
      "rule_45": "",
      "rule_11": "",
      "rule_21": "",
      "rule_40": "(2D6\")",
      "rule_272": "",
      "rule_107": "(6\")"
    }
  },
  {
    "Id": "statline_489",
    "Name": "Steam Tank",
    "Type": "Statline",
    "Attributes": {
      "HP": "8",
      "Df": "1",
      "Re": "8",
      "Arm": "4"
    }
  },
  {
    "Id": "statline_490",
    "Name": "Chassis",
    "Type": "Statline",
    "Attributes": {
      "At": null,
      "Of": null,
      "St": "5",
      "AP": "2",
      "Ag": "2"
    },
    "DisplayableDataIds": {
      "rule_56": "(Str 2, AP 3, Stand and Shoot)",
      "rule_149": "(3D3)",
      "rule_9": "(+1 Str, +1 AP, +10 Agi)",
      "rule_273": "(3+)"
    }
  }
]