[
  {
    "Id": "unit_136",
    "Name": "Marshal",
    "Type": "Unit",
    "Attributes": {
      "height": "Standard"
    },
    "BasicProfileIds": [
      "68357f43790d8280c4b2056b"
    ],
    "DefaultFront": 1,
    "Formation": 1
  },
  {
    "Id": "unit_137",
    "Name": "Marshal on Horse",
    "Type": "Unit",
    "Attributes": {
      "height": "Standard"
    },
    "BasicProfileIds": [
      "99a749a6-c6f2-4c25-97ec-15ae88638eb3"
    ],
    "DefaultFront": 1,
    "Formation": 1
  },
  {
    "Id": "unit_138",
    "Name": "Marshal on Pegasus",
    "Type": "Unit",
    "Attributes": {
      "height": "Large"
    },
    "BasicProfileIds": [
      "30b54ddd-d92f-40d1-a2cc-f2fa0fd58ee6"
    ],
    "DefaultFront": 1,
    "Formation": 1
  },
  {
    "Id": "unit_139",
    "Name": "Marshal on Great Griffon",
    "Type": "Unit",
    "Attributes": {
      "height": "Large"
    },
    "BasicProfileIds": [
      "a7ea5646-a50a-4dd0-bf24-be47034c25e3"
    ],
    "DefaultFront": 1,
    "Formation": 1
  },
  {
    "Id": "unit_140",
    "Name": "Marshal on Commanding Dragon",
    "Type": "Unit",
    "Attributes": {
      "height": "Gigantic"
    },
    "BasicProfileIds": [
      "93f57ebe-0725-4b88-b18d-e44e4b438e67"
    ],
    "DefaultFront": 1,
    "Formation": 1
  },
  {
    "Id": "unit_141",
    "Name": "Knight Commander",
    "Type": "Unit",
    "Attributes": {
      "height": "Standard"
    },
    "BasicProfileIds": [
      "68357f44790d8280c4b2077a"
    ],
    "DefaultFront": 1,
    "Formation": 1
  },
  {
    "Id": "unit_142",
    "Name": "Knight Commander on Horse",
    "Type": "Unit",
    "Attributes": {
      "height": "Standard"
    },
    "BasicProfileIds": [
      "761cdac2-8ec2-45ce-b096-929b3e761aa4"
    ],
    "DefaultFront": 1,
    "Formation": 1
  },
  {
    "Id": "unit_143",
    "Name": "Knight Commander on Young Griffon",
    "Type": "Unit",
    "Attributes": {
      "height": "Standard"
    },
    "BasicProfileIds": [
      "3c33ac6c-c1cd-4b72-8937-a19c16076a37"
    ],
    "DefaultFront": 1,
    "Formation": 1
  },
  {
    "Id": "unit_144",
    "Name": "Prelate",
    "Type": "Unit",
    "Attributes": {
      "height": "Standard"
    },
    "BasicProfileIds": [
      "68357f44790d8280c4b2086d"
    ],
    "DefaultFront": 1,
    "Formation": 1
  },
  {
    "Id": "unit_145",
    "Name": "Prelate on Horse",
    "Type": "Unit",
    "Attributes": {
      "height": "Standard"
    },
    "BasicProfileIds": [
      "56ec7566-841b-4188-947a-91fd27dcb480"
    ],
    "DefaultFront": 1,
    "Formation": 1
  },
  {
    "Id": "unit_146",
    "Name": "Prelate on Altar of Battle",
    "Type": "Unit",
    "Attributes": {
      "height": "Large"
    },
    "BasicProfileIds": [
      "698b79f4-a60b-4744-8b2c-5b84b774f4c7"
    ],
    "DefaultFront": 1,
    "Formation": 1
  },
  {
    "Id": "unit_147",
    "Name": "Battlefield Wizard",
    "Type": "Unit",
    "Attributes": {
      "height": "Standard"
    },
    "BasicProfileIds": [
      "68357f44790d8280c4b2094e"
    ],
    "DefaultFront": 1,
    "Formation": 1
  },
  {
    "Id": "unit_148",
    "Name": "Battlefield Wizard on Horse",
    "Type": "Unit",
    "Attributes": {
      "height": "Standard"
    },
    "BasicProfileIds": [
      "f88733d7-bafd-4d9c-b50c-bdbd3e382a2a"
    ],
    "DefaultFront": 1,
    "Formation": 1
  },
  {
    "Id": "unit_149",
    "Name": "Battlefield Wizard on Pegasus",
    "Type": "Unit",
    "Attributes": {
      "height": "Large"
    },
    "BasicProfileIds": [
      "4bc5b111-e57d-4cd9-ace5-ac573a6d4201"
    ],
    "DefaultFront": 1,
    "Formation": 1
  },
  {
    "Id": "unit_150",
    "Name": "Battlefield Wizard on Great Griffon",
    "Type": "Unit",
    "Attributes": {
      "height": "Large"
    },
    "BasicProfileIds": [
      "1a66fe57-1332-469c-b4c5-3b57b134cce2"
    ],
    "DefaultFront": 1,
    "Formation": 1
  },
  {
    "Id": "unit_151",
    "Name": "Battlefield Wizard on Arcane Engine",
    "Type": "Unit",
    "Attributes": {
      "height": "Large"
    },
    "BasicProfileIds": [
      "26547df1-f207-4498-9952-89118b545a1f"
    ],
    "DefaultFront": 1,
    "Formation": 1
  },
  {
    "Id": "unit_152",
    "Name": "Artificer",
    "Type": "Unit",
    "Attributes": {
      "height": "Standard"
    },
    "BasicProfileIds": [
      "68357f45790d8280c4b20aad"
    ],
    "DefaultFront": 1,
    "Formation": 1
  },
  {
    "Id": "unit_153",
    "Name": "Artificer on Horse",
    "Type": "Unit",
    "Attributes": {
      "height": "Standard"
    },
    "BasicProfileIds": [
      "6ec9e5b8-5247-4108-bc20-d1e8532ce238"
    ],
    "DefaultFront": 1,
    "Formation": 1
  },
  {
    "Id": "unit_154",
    "Name": "Inquisitor",
    "Type": "Unit",
    "Attributes": {
      "height": "Standard"
    },
    "BasicProfileIds": [
      "68357f45790d8280c4b20b20"
    ],
    "DefaultFront": 1,
    "Formation": 1
  },
  {
    "Id": "unit_155",
    "Name": "Inquisitor on Horse",
    "Type": "Unit",
    "Attributes": {
      "height": "Standard"
    },
    "BasicProfileIds": [
      "a4d85a37-52e3-422d-b947-6df68cc73585"
    ],
    "DefaultFront": 1,
    "Formation": 1
  },
  {
    "Id": "unit_156",
    "Name": "Heinrich Falkenbach",
    "Type": "Unit",
    "Attributes": {
      "height": "Standard"
    },
    "BasicProfileIds": [
      "d3a9f6b7c4e2d8a3c1f5b7a9c"
    ],
    "DefaultFront": 1,
    "Formation": 1
  },
  {
    "Id": "unit_157",
    "Name": "Brother Tomaz",
    "Type": "Unit",
    "Attributes": {
      "height": "Standard"
    },
    "BasicProfileIds": [
      "e4b8f2a7d9e1f6c3a4d5b8a7c"
    ],
    "DefaultFront": 1,
    "Formation": 1
  },
  {
    "Id": "unit_158",
    "Name": "State Infantry",
    "Type": "Unit",
    "Attributes": {
      "height": "Standard"
    },
    "BasicProfileIds": [
      "68357f45790d8280c4b20bc5"
    ],
    "DefaultFront": 5,
    "Formation": 1
  },
  {
    "Id": "unit_159",
    "Name": "State Detachment",
    "Type": "Unit",
    "Attributes": {
      "height": "Standard"
    },
    "BasicProfileIds": [
      "68357f45790d8280c4b20c01"
    ],
    "DefaultFront": 5,
    "Formation": 1
  },
  {
    "Id": "unit_160",
    "Name": "State Marksmen",
    "Type": "Unit",
    "Attributes": {
      "height": "Standard"
    },
    "BasicProfileIds": [
      "68357f46790d8280c4b20c3d"
    ],
    "DefaultFront": 5,
    "Formation": 1
  },
  {
    "Id": "unit_161",
    "Name": "Local Militia",
    "Type": "Unit",
    "Attributes": {
      "height": "Standard"
    },
    "BasicProfileIds": [
      "68357f46790d8280c4b20c79"
    ],
    "DefaultFront": 5,
    "Formation": 1
  },
  {
    "Id": "unit_162",
    "Name": "Electoral Cavalry",
    "Type": "Unit",
    "Attributes": {
      "height": "Standard"
    },
    "BasicProfileIds": [
      "68357f46790d8280c4b20c8b"
    ],
    "DefaultFront": 5,
    "Formation": 1
  },
  {
    "Id": "unit_163",
    "Name": "Knightly Orders",
    "Type": "Unit",
    "Attributes": {
      "height": "Standard"
    },
    "BasicProfileIds": [
      "68357f46790d8280c4b20cca"
    ],
    "DefaultFront": 5,
    "Formation": 1
  },
  {
    "Id": "unit_164",
    "Name": "Imperial Guard",
    "Type": "Unit",
    "Attributes": {
      "height": "Standard"
    },
    "BasicProfileIds": [
      "68357f46790d8280c4b20d09"
    ],
    "DefaultFront": 5,
    "Formation": 1
  },
  {
    "Id": "unit_165",
    "Name": "Imperial Detachment",
    "Type": "Unit",
    "Attributes": {
      "height": "Standard"
    },
    "BasicProfileIds": [
      "68357f47790d8280c4b20d45"
    ],
    "DefaultFront": 5,
    "Formation": 1
  },
  {
    "Id": "unit_166",
    "Name": "Knights of the Sun Griffon",
    "Type": "Unit",
    "Attributes": {
      "height": "Large"
    },
    "BasicProfileIds": [
      "68357f47790d8280c4b20d81"
    ],
    "DefaultFront": 3,
    "Formation": 1
  },
  {
    "Id": "unit_167",
    "Name": "Arcane Engine",
    "Type": "Unit",
    "Attributes": {
      "height": "Large"
    },
    "BasicProfileIds": [
      "68357f47790d8280c4b20dbb"
    ],
    "DefaultFront": 1,
    "Formation": 1
  },
  {
    "Id": "unit_168",
    "Name": "Imperial Rangers",
    "Type": "Unit",
    "Attributes": {
      "height": "Standard"
    },
    "BasicProfileIds": [
      "68357f47790d8280c4b20dc1"
    ],
    "DefaultFront": 5,
    "Formation": 1
  },
  {
    "Id": "unit_169",
    "Name": "Reiters",
    "Type": "Unit",
    "Attributes": {
      "height": "Standard"
    },
    "BasicProfileIds": [
      "68357f48790d8280c4b20dcf"
    ],
    "DefaultFront": 5,
    "Formation": 1
  },
  {
    "Id": "unit_170",
    "Name": "Blackpowder Artillery",
    "Type": "Unit",
    "Attributes": {
      "height": "Standard"
    },
    "BasicProfileIds": [
      "68357f48790d8280c4b20de1"
    ],
    "DefaultFront": 1,
    "Formation": 1
  },
  {
    "Id": "unit_171",
    "Name": "Flagellants",
    "Type": "Unit",
    "Attributes": {
      "height": "Standard"
    },
    "BasicProfileIds": [
      "68357f48790d8280c4b20e01"
    ],
    "DefaultFront": 5,
    "Formation": 1
  },
  {
    "Id": "unit_172",
    "Name": "Steam Tank",
    "Type": "Unit",
    "Attributes": {
      "height": "Gigantic"
    },
    "BasicProfileIds": [
      "68357f48790d8280c4b20e0d"
    ],
    "DefaultFront": 1,
    "Formation": 1
  }
]