[
  {
    "OptionId": "3d85bdf8-2e0c-44cc-84fd-ddb278afdaf8",
    "UnitId": "unit_257",
    "NewUnitId": "unit_258"
  },
  {
    "OptionId": "7f1ce4d7-cad9-4948-be12-ef1c2f1be8dd",
    "UnitId": "unit_257",
    "NewUnitId": "unit_259"
  },
  {
    "OptionId": "24af0e5b-61b7-4479-865c-9e3a8fdd43f1",
    "UnitId": "unit_257",
    "NewUnitId": "unit_260"
  },
  {
    "OptionId": "024b2e1c-1ea5-4156-83a9-7009ad6e9bd5",
    "UnitId": "unit_257",
    "NewUnitId": "unit_261"
  },
  {
    "OptionId": "c57185e6-202b-4ebd-9911-008230961770",
    "UnitId": "unit_257",
    "NewUnitId": "unit_262"
  },
  {
    "OptionId": "c57185e6-202b-4ebd-9911-008230961770",
    "UnitId": "unit_263",
    "NewUnitId": "unit_264"
  },
  {
    "OptionId": "024b2e1c-1ea5-4156-83a9-7009ad6e9bd5",
    "UnitId": "unit_263",
    "NewUnitId": "unit_265"
  },
  {
    "OptionId": "24af0e5b-61b7-4479-865c-9e3a8fdd43f1",
    "UnitId": "unit_263",
    "NewUnitId": "unit_266"
  },
  {
    "OptionId": "7f1ce4d7-cad9-4948-be12-ef1c2f1be8dd",
    "UnitId": "unit_263",
    "NewUnitId": "unit_267"
  },
  {
    "OptionId": "19970e4b-baaf-4bb4-93e0-b1e34bd19e81",
    "UnitId": "unit_263",
    "NewUnitId": "unit_268"
  },
  {
    "OptionId": "024b2e1c-1ea5-4156-83a9-7009ad6e9bd5",
    "UnitId": "unit_269",
    "NewUnitId": "unit_270"
  },
  {
    "OptionId": "c57185e6-202b-4ebd-9911-008230961770",
    "UnitId": "unit_269",
    "NewUnitId": "unit_271"
  },
  {
    "OptionId": "7f1ce4d7-cad9-4948-be12-ef1c2f1be8dd",
    "UnitId": "unit_269",
    "NewUnitId": "unit_272"
  },
  {
    "OptionId": "24af0e5b-61b7-4479-865c-9e3a8fdd43f1",
    "UnitId": "unit_269",
    "NewUnitId": "unit_273"
  },
  {
    "OptionId": "19970e4b-baaf-4bb4-93e0-b1e34bd19e81",
    "UnitId": "unit_269",
    "NewUnitId": "unit_274"
  },
  {
    "OptionId": "7f1ce4d7-cad9-4948-be12-ef1c2f1be8dd",
    "UnitId": "unit_275",
    "NewUnitId": "unit_276"
  },
  {
    "OptionId": "3d85bdf8-2e0c-44cc-84fd-ddb278afdaf8",
    "UnitId": "unit_275",
    "NewUnitId": "unit_277"
  },
  {
    "OptionId": "024b2e1c-1ea5-4156-83a9-7009ad6e9bd5",
    "UnitId": "unit_275",
    "NewUnitId": "unit_278"
  },
  {
    "OptionId": "c57185e6-202b-4ebd-9911-008230961770",
    "UnitId": "unit_275",
    "NewUnitId": "unit_279"
  },
  {
    "OptionId": "24af0e5b-61b7-4479-865c-9e3a8fdd43f1",
    "UnitId": "unit_275",
    "NewUnitId": "unit_280"
  },
  {
    "OptionId": "d4b8a7c2-e3d7-4b9c-8f2b-5a6e4c3d7a8d",
    "UnitId": "unit_281"
  },
  {
    "OptionId": "024b2e1c-1ea5-4156-83a9-7009ad6e9bd5",
    "UnitId": "unit_281",
    "NewUnitId": "unit_282"
  },
  {
    "OptionId": "d4b8a7c2-e3d7-4b9c-8f2b-5a6e4c3d7a8d",
    "UnitId": "unit_283"
  },
  {
    "OptionId": "024b2e1c-1ea5-4156-83a9-7009ad6e9bd5",
    "UnitId": "unit_283",
    "NewUnitId": "unit_284"
  },
  {
    "OptionId": "3a074005-878f-422e-a475-42dd13ce86ce",
    "UnitId": "unit_285"
  },
  {
    "OptionId": "c9519cd5-2b08-4a2e-9017-51463bfb9821",
    "UnitId": "unit_285"
  },
  {
    "OptionId": "3a074005-878f-422e-a475-42dd13ce86ce",
    "UnitId": "unit_286"
  },
  {
    "OptionId": "c9519cd5-2b08-4a2e-9017-51463bfb9821",
    "UnitId": "unit_286"
  },
  {
    "OptionId": "3a074005-878f-422e-a475-42dd13ce86ce",
    "UnitId": "unit_287"
  },
  {
    "OptionId": "c9519cd5-2b08-4a2e-9017-51463bfb9821",
    "UnitId": "unit_287"
  },
  {
    "OptionId": "3a074005-878f-422e-a475-42dd13ce86ce",
    "UnitId": "unit_288"
  },
  {
    "OptionId": "c9519cd5-2b08-4a2e-9017-51463bfb9821",
    "UnitId": "unit_288"
  },
  {
    "OptionId": "3a074005-878f-422e-a475-42dd13ce86ce",
    "UnitId": "unit_289"
  },
  {
    "OptionId": "c9519cd5-2b08-4a2e-9017-51463bfb9821",
    "UnitId": "unit_289"
  },
  {
    "OptionId": "3a074005-878f-422e-a475-42dd13ce86ce",
    "UnitId": "unit_291"
  },
  {
    "OptionId": "c9519cd5-2b08-4a2e-9017-51463bfb9821",
    "UnitId": "unit_291"
  },
  {
    "OptionId": "3a074005-878f-422e-a475-42dd13ce86ce",
    "UnitId": "unit_292"
  },
  {
    "OptionId": "c9519cd5-2b08-4a2e-9017-51463bfb9821",
    "UnitId": "unit_292"
  },
  {
    "OptionId": "3a074005-878f-422e-a475-42dd13ce86ce",
    "UnitId": "unit_293"
  },
  {
    "OptionId": "c9519cd5-2b08-4a2e-9017-51463bfb9821",
    "UnitId": "unit_293"
  },
  {
    "OptionId": "3a074005-878f-422e-a475-42dd13ce86ce",
    "UnitId": "unit_294"
  },
  {
    "OptionId": "c9519cd5-2b08-4a2e-9017-51463bfb9821",
    "UnitId": "unit_294"
  },
  {
    "OptionId": "3a074005-878f-422e-a475-42dd13ce86ce",
    "UnitId": "unit_295"
  },
  {
    "OptionId": "c9519cd5-2b08-4a2e-9017-51463bfb9821",
    "UnitId": "unit_295"
  },
  {
    "OptionId": "80899070-314d-463e-a377-0a38c9aeb757",
    "UnitId": "unit_297"
  },
  {
    "OptionId": "5bcd5860-6eaf-4f5f-9221-91576af79b9a",
    "UnitId": "unit_297"
  },
  {
    "OptionId": "3a074005-878f-422e-a475-42dd13ce86ce",
    "UnitId": "unit_298"
  },
  {
    "OptionId": "c9519cd5-2b08-4a2e-9017-51463bfb9821",
    "UnitId": "unit_298"
  },
  {
    "OptionId": "3a074005-878f-422e-a475-42dd13ce86ce",
    "UnitId": "unit_299"
  },
  {
    "OptionId": "c9519cd5-2b08-4a2e-9017-51463bfb9821",
    "UnitId": "unit_299"
  },
  {
    "OptionId": "7a8b951b-ce1b-49d4-b505-fb85fad1a4a2",
    "UnitId": "unit_263"
  },
  {
    "OptionId": "d35a8cfd-ab6e-4b41-ac88-4138e78b207b",
    "UnitId": "unit_263"
  },
  {
    "OptionId": "7a3edb9d-e1d1-472e-a3da-c050f36537e6",
    "UnitId": "unit_263"
  },
  {
    "OptionId": "a974648b-3a89-4c94-8f5c-ad3db30084ce",
    "UnitId": "unit_263"
  },
  {
    "OptionId": "497126bb-8c98-4d2c-9bca-969a356bf329",
    "UnitId": "unit_263"
  },
  {
    "OptionId": "656ba8fb-8d84-4ac0-a847-e11af02d92b1",
    "UnitId": "unit_263"
  },
  {
    "OptionId": "33baffbf-4728-4144-beba-f8c8dc093d73",
    "UnitId": "unit_263"
  },
  {
    "OptionId": "cc46209b-a124-4cf5-8670-2113515583c3",
    "UnitId": "unit_290"
  },
  {
    "OptionId": "6c779c10-0bce-4526-807d-4e964222180d",
    "UnitId": "unit_290"
  },
  {
    "OptionId": "7a3edb9d-e1d1-472e-a3da-c050f36537e6",
    "UnitId": "unit_275"
  },
  {
    "OptionId": "a974648b-3a89-4c94-8f5c-ad3db30084ce",
    "UnitId": "unit_275"
  },
  {
    "OptionId": "cffeb3e1-6211-42fb-a5a4-47e509c61221",
    "UnitId": "unit_275"
  },
  {
    "OptionId": "39e437ef-7f4f-434c-ab36-d78630cc9f3a",
    "UnitId": "unit_275"
  },
  {
    "OptionId": "656ba8fb-8d84-4ac0-a847-e11af02d92b1",
    "UnitId": "unit_275"
  },
  {
    "OptionId": "33baffbf-4728-4144-beba-f8c8dc093d73",
    "UnitId": "unit_275"
  },
  {
    "OptionId": "b4241335-9b4a-4be0-be3b-2dc01b85c72f",
    "UnitId": "unit_275"
  },
  {
    "OptionId": "29998dd2-41cc-45d7-879b-fa3562f30c00",
    "UnitId": "unit_289"
  },
  {
    "OptionId": "848b40ed-8924-437e-a111-d50848a2fed6",
    "UnitId": "unit_283"
  },
  {
    "OptionId": "29998dd2-41cc-45d7-879b-fa3562f30c00",
    "UnitId": "unit_293"
  },
  {
    "OptionId": "cb081c3e-b8a1-463c-b1fc-acf699c32077",
    "UnitId": "unit_293"
  },
  {
    "OptionId": "29998dd2-41cc-45d7-879b-fa3562f30c00",
    "UnitId": "unit_291"
  },
  {
    "OptionId": "29998dd2-41cc-45d7-879b-fa3562f30c00",
    "UnitId": "unit_285"
  },
  {
    "OptionId": "29998dd2-41cc-45d7-879b-fa3562f30c00",
    "UnitId": "unit_292"
  },
  {
    "OptionId": "29998dd2-41cc-45d7-879b-fa3562f30c00",
    "UnitId": "unit_286"
  },
  {
    "OptionId": "cc46209b-a124-4cf5-8670-2113515583c3",
    "UnitId": "unit_286"
  },
  {
    "OptionId": "29998dd2-41cc-45d7-879b-fa3562f30c00",
    "UnitId": "unit_287"
  },
  {
    "OptionId": "cfd61fa2-8bc9-4423-838a-a276482fbefc",
    "UnitId": "unit_287"
  },
  {
    "OptionId": "656ba8fb-8d84-4ac0-a847-e11af02d92b1",
    "UnitId": "unit_287"
  },
  {
    "OptionId": "33baffbf-4728-4144-beba-f8c8dc093d73",
    "UnitId": "unit_287"
  },
  {
    "OptionId": "18791907-533a-4941-ae8f-30ae739d0bb3",
    "UnitId": "unit_294"
  },
  {
    "OptionId": "29998dd2-41cc-45d7-879b-fa3562f30c00",
    "UnitId": "unit_294"
  },
  {
    "OptionId": "76725430-a53e-43d5-b686-c1938d2c20cb",
    "UnitId": "unit_294"
  },
  {
    "OptionId": "29998dd2-41cc-45d7-879b-fa3562f30c00",
    "UnitId": "unit_288"
  },
  {
    "OptionId": "7a3edb9d-e1d1-472e-a3da-c050f36537e6",
    "UnitId": "unit_288"
  },
  {
    "OptionId": "29998dd2-41cc-45d7-879b-fa3562f30c00",
    "UnitId": "unit_302"
  },
  {
    "OptionId": "7a3edb9d-e1d1-472e-a3da-c050f36537e6",
    "UnitId": "unit_269"
  },
  {
    "OptionId": "a974648b-3a89-4c94-8f5c-ad3db30084ce",
    "UnitId": "unit_269"
  },
  {
    "OptionId": "3d85bdf8-2e0c-44cc-84fd-ddb278afdaf8",
    "UnitId": "unit_269"
  },
  {
    "OptionId": "d543add6-36cd-4cdf-a3b8-1c063e3f5e0c",
    "UnitId": "unit_269"
  },
  {
    "OptionId": "33baffbf-4728-4144-beba-f8c8dc093d73",
    "UnitId": "unit_269"
  },
  {
    "OptionId": "b4241335-9b4a-4be0-be3b-2dc01b85c72f",
    "UnitId": "unit_269"
  },
  {
    "OptionId": "29998dd2-41cc-45d7-879b-fa3562f30c00",
    "UnitId": "unit_295"
  },
  {
    "OptionId": "6b3167e9-922e-4319-afc8-9ed95b8bb4ec",
    "UnitId": "unit_297"
  },
  {
    "OptionId": "29998dd2-41cc-45d7-879b-fa3562f30c00",
    "UnitId": "unit_298"
  },
  {
    "OptionId": "656ba8fb-8d84-4ac0-a847-e11af02d92b1",
    "UnitId": "unit_298"
  },
  {
    "OptionId": "29998dd2-41cc-45d7-879b-fa3562f30c00",
    "UnitId": "unit_299"
  },
  {
    "OptionId": "33baffbf-4728-4144-beba-f8c8dc093d73",
    "UnitId": "unit_299"
  },
  {
    "OptionId": "a742dcf0-5af4-4045-a212-2d7f0c5be45c",
    "UnitId": "unit_299"
  }
]