[
  {
    "Id": "3d85bdf8-2e0c-44cc-84fd-ddb278afdaf8",
    "Name": "Heraldic Steed",
    "Type": "UnitGlobalChange"
  },
  {
    "Id": "7f1ce4d7-cad9-4948-be12-ef1c2f1be8dd",
    "Name": "Pegasus Charger",
    "Type": "UnitGlobalChange"
  },
  {
    "Id": "24af0e5b-61b7-4479-865c-9e3a8fdd43f1",
    "Name": "Fey Steed",
    "Type": "UnitGlobalChange"
  },
  {
    "Id": "024b2e1c-1ea5-4156-83a9-7009ad6e9bd5",
    "Name": "Destrier",
    "Type": "UnitGlobalChange"
  },
  {
    "Id": "c57185e6-202b-4ebd-9911-008230961770",
    "Name": "Revered Unicorn",
    "Type": "UnitGlobalChange"
  },
  {
    "Id": "19970e4b-baaf-4bb4-93e0-b1e34bd19e81",
    "Name": "Hippogriff",
    "Type": "UnitGlobalChange"
  },
  {
    "Id": "d4b8a7c2-e3d7-4b9c-8f2b-5a6e4c3d7a8d",
    "Name": "Grivaillant",
    "Type": "UnitGlobalChange"
  },
  {
    "Id": "80899070-314d-463e-a377-0a38c9aeb757",
    "Name": "Scorpion",
    "Type": "UnitSwapDisplayable",
    "DisplayableDataIdToAdd": {
      "rule_1875": ""
    }
  },
  {
    "Id": "5bcd5860-6eaf-4f5f-9221-91576af79b9a",
    "Name": "Trebuchet and change its Height to 3",
    "Type": "UnitSwapDisplayable",
    "DisplayableDataIdToAdd": {
      "rule_1876": ""
    }
  },
  {
    "Id": "18791907-533a-4941-ae8f-30ae739d0bb3",
    "Name": "Avowed Armsmen",
    "Type": "UnitSwapDisplayable"
  },
  {
    "Id": "7a8b951b-ce1b-49d4-b505-fb85fad1a4a2",
    "Name": "Bastard Sword",
    "Type": "UnitSwapDisplayable",
    "DisplayableDataIdToAdd": {
      "rule_373": ""
    }
  },
  {
    "Id": "cfd61fa2-8bc9-4423-838a-a276482fbefc",
    "Name": "Halberd and Shield",
    "Type": "UnitSwapDisplayable"
  },
  {
    "Id": "6c779c10-0bce-4526-807d-4e964222180d",
    "Name": "Hooded Men",
    "Type": "UnitSwapDisplayable",
    "DisplayableDataIdToAdd": {
      "rule_840": ""
    }
  },
  {
    "Id": "cb081c3e-b8a1-463c-b1fc-acf699c32077",
    "Name": "Knights of the Court",
    "Type": "UnitSwapDisplayable"
  },
  {
    "Id": "d543add6-36cd-4cdf-a3b8-1c063e3f5e0c",
    "Name": "Longbow (3+) and Shots 3",
    "Type": "UnitSwapDisplayable"
  },
  {
    "Id": "39e437ef-7f4f-434c-ab36-d78630cc9f3a",
    "Name": "Longbow and Shots 3",
    "Type": "UnitSwapDisplayable"
  },
  {
    "Id": "848b40ed-8924-437e-a111-d50848a2fed6",
    "Name": "On Foot",
    "Type": "UnitSwapDisplayable"
  },
  {
    "Id": "76725430-a53e-43d5-b686-c1938d2c20cb",
    "Name": "Ordo Wardens",
    "Type": "UnitSwapDisplayable",
    "DisplayableDataIdToAdd": {
      "rule_845": ""
    }
  },
  {
    "Id": "6b3167e9-922e-4319-afc8-9ed95b8bb4ec",
    "Name": "Trebuchet",
    "Type": "UnitSwapDisplayable",
    "DisplayableDataIdToAdd": {
      "rule_361": ""
    }
  }
]