[
  {
    "Id": "68357f5b790d8280c4b2288d",
    "Name": "Damsel",
    "Type": "Profile",
    "BaseId": "5",
    "DisplayableDataIds": {
      "statline_714": "",
      "statline_715": "",
      "statline_716": ""
    }
  },
  {
    "Id": "8b6580b9-d6a7-44e9-9b2d-ecb971ec1dbb",
    "Name": "Heraldic Steed",
    "Type": "Profile",
    "BaseId": "3",
    "DisplayableDataIds": {
      "statline_717": "",
      "statline_718": "",
      "statline_719": ""
    }
  },
  {
    "Id": "9878ca60-afce-49b7-afb5-3b1f4ecfe328",
    "Name": "Pegasus Charger",
    "Type": "Profile",
    "BaseId": "6",
    "DisplayableDataIds": {
      "statline_720": "",
      "statline_721": "",
      "statline_722": ""
    }
  },
  {
    "Id": "d274e90f-750a-47da-8ab3-cbda0f6b100a",
    "Name": "Fey Steed",
    "Type": "Profile",
    "BaseId": "7",
    "DisplayableDataIds": {
      "statline_723": "",
      "statline_724": "",
      "statline_725": ""
    }
  },
  {
    "Id": "bfc34144-110c-4af6-b787-bb804c9f5654",
    "Name": "Destrier",
    "Type": "Profile",
    "BaseId": "4",
    "DisplayableDataIds": {
      "statline_726": "",
      "statline_727": "",
      "statline_728": ""
    }
  },
  {
    "Id": "d3365057-b218-4a88-a8b6-cfa0da3f372d",
    "Name": "Revered Unicorn",
    "Type": "Profile",
    "BaseId": "4",
    "DisplayableDataIds": {
      "statline_729": "",
      "statline_730": "",
      "statline_731": ""
    }
  },
  {
    "Id": "68357f5c790d8280c4b229f8",
    "Name": "Duke",
    "Type": "Profile",
    "BaseId": "5",
    "DisplayableDataIds": {
      "statline_732": "",
      "statline_733": "",
      "statline_734": ""
    }
  },
  {
    "Id": "d24bec2c-dc9d-4885-a43e-4df271d7aa0f",
    "Name": "Revered Unicorn",
    "Type": "Profile",
    "BaseId": "4",
    "DisplayableDataIds": {
      "statline_735": "",
      "statline_736": "",
      "statline_731": ""
    }
  },
  {
    "Id": "c97769f4-6178-45a3-95d2-78602e0593ea",
    "Name": "Destrier",
    "Type": "Profile",
    "BaseId": "4",
    "DisplayableDataIds": {
      "statline_737": "",
      "statline_738": "",
      "statline_728": ""
    }
  },
  {
    "Id": "d4ef7b34-11cb-4b99-8384-8c951b260b84",
    "Name": "Fey Steed",
    "Type": "Profile",
    "BaseId": "7",
    "DisplayableDataIds": {
      "statline_739": "",
      "statline_740": "",
      "statline_725": ""
    }
  },
  {
    "Id": "31aee4eb-8972-4f4f-802d-be564a531da8",
    "Name": "Pegasus Charger",
    "Type": "Profile",
    "BaseId": "6",
    "DisplayableDataIds": {
      "statline_741": "",
      "statline_742": "",
      "statline_722": ""
    }
  },
  {
    "Id": "0cffc4ca-16a4-4ba3-8e03-2bca6701c742",
    "Name": "Hippogriff",
    "Type": "Profile",
    "BaseId": "7",
    "DisplayableDataIds": {
      "statline_743": "",
      "statline_744": "",
      "statline_745": ""
    }
  },
  {
    "Id": "68357f5d790d8280c4b22cc5",
    "Name": "Paladin",
    "Type": "Profile",
    "BaseId": "5",
    "DisplayableDataIds": {
      "statline_746": "",
      "statline_747": "",
      "statline_748": ""
    }
  },
  {
    "Id": "f7d9942e-c9b4-4391-821f-4e2d347ef54b",
    "Name": "Destrier",
    "Type": "Profile",
    "BaseId": "4",
    "DisplayableDataIds": {
      "statline_749": "",
      "statline_750": "",
      "statline_728": ""
    }
  },
  {
    "Id": "e13a111d-4aee-4280-87aa-8f5dfc141bfe",
    "Name": "Revered Unicorn",
    "Type": "Profile",
    "BaseId": "4",
    "DisplayableDataIds": {
      "statline_751": "",
      "statline_752": "",
      "statline_731": ""
    }
  },
  {
    "Id": "6148e84e-6750-421f-a299-cc9f5f76653a",
    "Name": "Pegasus Charger",
    "Type": "Profile",
    "BaseId": "6",
    "DisplayableDataIds": {
      "statline_753": "",
      "statline_754": "",
      "statline_722": ""
    }
  },
  {
    "Id": "76b17237-af80-4828-964d-8ac9baf37146",
    "Name": "Fey Steed",
    "Type": "Profile",
    "BaseId": "7",
    "DisplayableDataIds": {
      "statline_755": "",
      "statline_756": "",
      "statline_725": ""
    }
  },
  {
    "Id": "be287238-82c5-4d1d-9845-6b4be711f1a1",
    "Name": "Hippogriff",
    "Type": "Profile",
    "BaseId": "7",
    "DisplayableDataIds": {
      "statline_757": "",
      "statline_758": "",
      "statline_745": ""
    }
  },
  {
    "Id": "68357f5d790d8280c4b22f14",
    "Name": "Folk Hero",
    "Type": "Profile",
    "BaseId": "5",
    "DisplayableDataIds": {
      "statline_759": "",
      "statline_760": "",
      "statline_761": ""
    }
  },
  {
    "Id": "3f0972be-1fe1-4df3-ae39-7348c8c618aa",
    "Name": "Pegasus Charger",
    "Type": "Profile",
    "BaseId": "6",
    "DisplayableDataIds": {
      "statline_762": "",
      "statline_763": "",
      "statline_722": ""
    }
  },
  {
    "Id": "73f4d3f4-fa19-446a-958e-178f67812b84",
    "Name": "Heraldic Steed",
    "Type": "Profile",
    "BaseId": "3",
    "DisplayableDataIds": {
      "statline_764": "",
      "statline_765": "",
      "statline_719": ""
    }
  },
  {
    "Id": "2ee8d0e4-cb81-419e-ac4a-b4c74607dd7b",
    "Name": "Destrier",
    "Type": "Profile",
    "BaseId": "4",
    "DisplayableDataIds": {
      "statline_766": "",
      "statline_767": "",
      "statline_728": ""
    }
  },
  {
    "Id": "f4164ed7-9200-4a91-87e7-694004b40680",
    "Name": "Revered Unicorn",
    "Type": "Profile",
    "BaseId": "4",
    "DisplayableDataIds": {
      "statline_768": "",
      "statline_769": "",
      "statline_731": ""
    }
  },
  {
    "Id": "dbfd81c7-57d3-47b5-a9d0-4ec7ed40a243",
    "Name": "Fey Steed",
    "Type": "Profile",
    "BaseId": "7",
    "DisplayableDataIds": {
      "statline_770": "",
      "statline_771": "",
      "statline_725": ""
    }
  },
  {
    "Id": "a2b4c9d5e7f8a3d6b2c9e4f7a",
    "Name": "King Henry",
    "Type": "Profile",
    "BaseId": "4",
    "DisplayableDataIds": {
      "statline_772": "",
      "statline_773": "",
      "statline_774": "",
      "statline_775": ""
    }
  },
  {
    "Id": "m1n2o3p4-q5r6s7t8-u9v0w1x2-y3z4a5b6c7d",
    "Name": "Destrier",
    "Type": "Profile",
    "BaseId": "4",
    "DisplayableDataIds": {
      "statline_776": "",
      "statline_777": "",
      "statline_728": ""
    }
  },
  {
    "Id": "a3b7c5d8e2f6a4d9b3e7f9a",
    "Name": "Hernaut Le Rouquin",
    "Type": "Profile",
    "BaseId": "5",
    "DisplayableDataIds": {
      "statline_778": "",
      "statline_779": "",
      "statline_780": ""
    }
  },
  {
    "Id": "68357f5e790d8280c4b23243",
    "Name": "Knights of the Realm",
    "Type": "Profile",
    "BaseId": "4",
    "DisplayableDataIds": {
      "statline_781": "",
      "statline_782": "",
      "statline_783": "",
      "statline_728": ""
    }
  },
  {
    "Id": "68357f5e790d8280c4b23294",
    "Name": "Lowborn Archers",
    "Type": "Profile",
    "BaseId": "5",
    "DisplayableDataIds": {
      "statline_784": "",
      "statline_785": "",
      "statline_786": ""
    }
  },
  {
    "Id": "68357f5f790d8280c4b232bb",
    "Name": "Lowborn Levies",
    "Type": "Profile",
    "BaseId": "5",
    "DisplayableDataIds": {
      "statline_787": "",
      "statline_788": "",
      "statline_789": ""
    }
  },
  {
    "Id": "68357f5f790d8280c4b232e2",
    "Name": "Mounted Serjeants",
    "Type": "Profile",
    "BaseId": "4",
    "DisplayableDataIds": {
      "statline_790": "",
      "statline_791": "",
      "statline_792": "",
      "statline_793": ""
    }
  },
  {
    "Id": "68357f5f790d8280c4b23327",
    "Name": "Hedge Knights",
    "Type": "Profile",
    "BaseId": "4",
    "DisplayableDataIds": {
      "statline_794": "",
      "statline_795": "",
      "statline_796": "",
      "statline_797": ""
    }
  },
  {
    "Id": "68357f5f790d8280c4b23375",
    "Name": "Enlisted Outlaws",
    "Type": "Profile",
    "BaseId": "5",
    "DisplayableDataIds": {
      "statline_798": "",
      "statline_799": "",
      "statline_800": ""
    }
  },
  {
    "Id": "68357f5f790d8280c4b2337f",
    "Name": "Knights of the Quest",
    "Type": "Profile",
    "BaseId": "4",
    "DisplayableDataIds": {
      "statline_801": "",
      "statline_802": "",
      "statline_803": "",
      "statline_728": ""
    }
  },
  {
    "Id": "68357f60790d8280c4b233cd",
    "Name": "Knights Penitent",
    "Type": "Profile",
    "BaseId": "4",
    "DisplayableDataIds": {
      "statline_804": "",
      "statline_805": "",
      "statline_806": "",
      "statline_807": ""
    }
  },
  {
    "Id": "68357f60790d8280c4b23409",
    "Name": "Knights of the Court",
    "Type": "Profile",
    "BaseId": "4",
    "DisplayableDataIds": {
      "statline_808": "",
      "statline_809": "",
      "statline_810": "",
      "statline_728": ""
    }
  },
  {
    "Id": "68357f60790d8280c4b23457",
    "Name": "Men-at-Arms",
    "Type": "Profile",
    "BaseId": "5",
    "DisplayableDataIds": {
      "statline_811": "",
      "statline_812": "",
      "statline_813": ""
    }
  },
  {
    "Id": "68357f60790d8280c4b234b1",
    "Name": "Pegasus Knights",
    "Type": "Profile",
    "BaseId": "6",
    "DisplayableDataIds": {
      "statline_814": "",
      "statline_815": "",
      "statline_816": "",
      "statline_722": ""
    }
  },
  {
    "Id": "68357f61790d8280c4b234fd",
    "Name": "Sacred Reliquary",
    "Type": "Profile",
    "BaseId": "10",
    "DisplayableDataIds": {
      "statline_817": "",
      "statline_818": "",
      "statline_819": ""
    }
  },
  {
    "Id": "68357f61790d8280c4b234fe",
    "Name": "Siege Weapon",
    "Type": "Profile",
    "BaseId": "15",
    "DisplayableDataIds": {
      "statline_820": "",
      "statline_821": "",
      "statline_822": ""
    }
  },
  {
    "Id": "68357f61790d8280c4b2350c",
    "Name": "Sky Heralds",
    "Type": "Profile",
    "BaseId": "3",
    "DisplayableDataIds": {
      "statline_823": "",
      "statline_824": "",
      "statline_825": "",
      "statline_826": ""
    }
  },
  {
    "Id": "68357f61790d8280c4b2352d",
    "Name": "Yeoman Outriders",
    "Type": "Profile",
    "BaseId": "4",
    "DisplayableDataIds": {
      "statline_827": "",
      "statline_828": "",
      "statline_829": "",
      "statline_793": ""
    }
  },
  {
    "Id": "68357f62790d8280c4b23559",
    "Name": "Fey Knight",
    "Type": "Profile",
    "BaseId": "7",
    "DisplayableDataIds": {
      "statline_830": "",
      "statline_831": "",
      "statline_832": "",
      "statline_725": ""
    }
  },
  {
    "Id": "68357f62790d8280c4b23560",
    "Name": "Friar's Lanterns",
    "Type": "Profile",
    "BaseId": "6",
    "DisplayableDataIds": {
      "statline_833": "",
      "statline_834": "",
      "statline_835": ""
    }
  },
  {
    "Id": "68357f62790d8280c4b23565",
    "Name": "Naiads",
    "Type": "Profile",
    "BaseId": "1",
    "DisplayableDataIds": {
      "statline_836": "",
      "statline_837": "",
      "statline_838": ""
    }
  },
  {
    "Id": "68357f62790d8280c4b2356a",
    "Name": "The Lady's Courtier",
    "Type": "Profile",
    "BaseId": "6",
    "DisplayableDataIds": {
      "statline_839": "",
      "statline_840": "",
      "statline_841": ""
    }
  }
]