[
  {
    "Id": "statline_714",
    "Name": "Damsel",
    "Type": "Statline",
    "Attributes": {
      "Ad": "4",
      "Ma": "4",
      "Di": "7",
      "Hgt": "1"
    },
    "DisplayableDataIds": {
      "rule_338": "",
      "rule_339": "",
      "rule_4": "",
      "rule_20": ""
    }
  },
  {
    "Id": "statline_715",
    "Name": "Damsel",
    "Type": "Statline",
    "Attributes": {
      "HP": "3",
      "Df": "3",
      "Re": "3",
      "Arm": "0",
      "Aeg": "6"
    },
    "DisplayableDataIds": {
      "rule_51": "(6+)"
    }
  },
  {
    "Id": "statline_716",
    "Name": "Damsel",
    "Type": "Statline",
    "Attributes": {
      "At": "1",
      "Of": "3",
      "St": "3",
      "AP": "0",
      "Ag": "3"
    }
  },
  {
    "Id": "statline_717",
    "Name": "Heraldic Steed",
    "Type": "Statline",
    "Attributes": {
      "Ad": "8",
      "Ma": "10",
      "Di": "7",
      "Hgt": "2"
    },
    "DisplayableDataIds": {
      "rule_338": "",
      "rule_339": "",
      "rule_44": "",
      "rule_4": "",
      "rule_35": "",
      "rule_5": "",
      "rule_20": ""
    }
  },
  {
    "Id": "statline_718",
    "Name": "Heraldic Steed",
    "Type": "Statline",
    "Attributes": {
      "HP": "3",
      "Df": "3",
      "Re": "3",
      "Arm": "2",
      "Aeg": "6"
    },
    "DisplayableDataIds": {
      "rule_51": "(6+)",
      "rule_29": "(1)"
    }
  },
  {
    "Id": "statline_719",
    "Name": "Heraldic Steed",
    "Type": "Statline",
    "Attributes": {
      "At": "2",
      "Of": "4",
      "St": "4",
      "AP": "1",
      "Ag": "3"
    },
    "DisplayableDataIds": {
      "rule_9": "(+1 Att)"
    }
  },
  {
    "Id": "statline_720",
    "Name": "Pegasus Charger",
    "Type": "Statline",
    "Attributes": {
      "Ad": "8",
      "Ma": "8",
      "Di": "7",
      "Hgt": "3"
    },
    "DisplayableDataIds": {
      "rule_338": "",
      "rule_339": "",
      "rule_44": "",
      "rule_4": "",
      "rule_5": "",
      "rule_340": "",
      "rule_20": ""
    }
  },
  {
    "Id": "statline_721",
    "Name": "Pegasus Charger",
    "Type": "Statline",
    "Attributes": {
      "HP": "3",
      "Df": "3",
      "Re": "4",
      "Arm": "2",
      "Aeg": "6"
    },
    "DisplayableDataIds": {
      "rule_51": "(6+)",
      "rule_29": "(1)"
    }
  },
  {
    "Id": "statline_722",
    "Name": "Pegasus Charger",
    "Type": "Statline",
    "Attributes": {
      "At": "2",
      "Of": "4",
      "St": "4",
      "AP": "1",
      "Ag": "4"
    }
  },
  {
    "Id": "statline_723",
    "Name": "Fey Steed",
    "Type": "Statline",
    "Attributes": {
      "Ad": "8",
      "Ma": "8",
      "Di": "7",
      "Hgt": "4"
    },
    "DisplayableDataIds": {
      "rule_338": "",
      "rule_339": "",
      "rule_325": "",
      "rule_132": "",
      "rule_21": "",
      "rule_11": "",
      "rule_5": "",
      "rule_4": "",
      "rule_20": ""
    }
  },
  {
    "Id": "statline_724",
    "Name": "Fey Steed",
    "Type": "Statline",
    "Attributes": {
      "HP": "4",
      "Df": "3",
      "Re": "4",
      "Arm": "1",
      "Aeg": "6"
    },
    "DisplayableDataIds": {
      "rule_51": "(6+)"
    }
  },
  {
    "Id": "statline_725",
    "Name": "Fey Steed",
    "Type": "Statline",
    "Attributes": {
      "At": "3",
      "Of": "4",
      "St": "4",
      "AP": "1",
      "Ag": "4"
    },
    "DisplayableDataIds": {
      "rule_46": "(1)",
      "rule_134": ""
    }
  },
  {
    "Id": "statline_726",
    "Name": "Destrier",
    "Type": "Statline",
    "Attributes": {
      "Ad": "8",
      "Ma": "8",
      "Di": "7",
      "Hgt": "2"
    },
    "DisplayableDataIds": {
      "rule_338": "",
      "rule_339": "",
      "rule_5": "",
      "rule_340": "",
      "rule_4": "",
      "rule_20": ""
    }
  },
  {
    "Id": "statline_727",
    "Name": "Destrier",
    "Type": "Statline",
    "Attributes": {
      "HP": "3",
      "Df": "3",
      "Re": "3",
      "Arm": "2",
      "Aeg": "6"
    },
    "DisplayableDataIds": {
      "rule_51": "(6+)"
    }
  },
  {
    "Id": "statline_728",
    "Name": "Destrier",
    "Type": "Statline",
    "Attributes": {
      "At": "1",
      "Of": "3",
      "St": "4",
      "AP": "0",
      "Ag": "3"
    }
  },
  {
    "Id": "statline_729",
    "Name": "Revered Unicorn",
    "Type": "Statline",
    "Attributes": {
      "Ad": "10",
      "Ma": "10",
      "Di": "7",
      "Hgt": "2"
    },
    "DisplayableDataIds": {
      "rule_338": "",
      "rule_339": "",
      "rule_341": "",
      "rule_2": "",
      "rule_5": "",
      "rule_340": "",
      "rule_4": "",
      "rule_20": ""
    }
  },
  {
    "Id": "statline_730",
    "Name": "Revered Unicorn",
    "Type": "Statline",
    "Attributes": {
      "HP": "3",
      "Df": "3",
      "Re": "4",
      "Arm": "1",
      "Aeg": "6"
    },
    "DisplayableDataIds": {
      "rule_51": "(6+)",
      "rule_50": "(1)"
    }
  },
  {
    "Id": "statline_731",
    "Name": "Revered Unicorn",
    "Type": "Statline",
    "Attributes": {
      "At": "2",
      "Of": "5",
      "St": "4",
      "AP": "1",
      "Ag": "5"
    }
  },
  {
    "Id": "statline_732",
    "Name": "Duke",
    "Type": "Statline",
    "Attributes": {
      "Ad": "4",
      "Ma": "4",
      "Di": "9",
      "Hgt": "1"
    },
    "DisplayableDataIds": {
      "rule_3": "",
      "rule_4": ""
    }
  },
  {
    "Id": "statline_733",
    "Name": "Duke",
    "Type": "Statline",
    "Attributes": {
      "HP": "3",
      "Df": "6",
      "Re": "4",
      "Arm": "2",
      "Aeg": "6"
    },
    "DisplayableDataIds": {
      "rule_342": "",
      "rule_27": "",
      "rule_51": "(6+)"
    }
  },
  {
    "Id": "statline_734",
    "Name": "Duke",
    "Type": "Statline",
    "Attributes": {
      "At": "4",
      "Of": "6",
      "St": "4",
      "AP": "1",
      "Ag": "6"
    }
  },
  {
    "Id": "statline_735",
    "Name": "Revered Unicorn",
    "Type": "Statline",
    "Attributes": {
      "Ad": "10",
      "Ma": "10",
      "Di": "9",
      "Hgt": "2"
    },
    "DisplayableDataIds": {
      "rule_3": "",
      "rule_341": "",
      "rule_2": "",
      "rule_5": "",
      "rule_340": "",
      "rule_4": ""
    }
  },
  {
    "Id": "statline_736",
    "Name": "Revered Unicorn",
    "Type": "Statline",
    "Attributes": {
      "HP": "3",
      "Df": "6",
      "Re": "4",
      "Arm": "4",
      "Aeg": "6"
    },
    "DisplayableDataIds": {
      "rule_342": "",
      "rule_27": "",
      "rule_51": "(6+)",
      "rule_50": "(1)"
    }
  },
  {
    "Id": "statline_737",
    "Name": "Destrier",
    "Type": "Statline",
    "Attributes": {
      "Ad": "8",
      "Ma": "8",
      "Di": "9",
      "Hgt": "2"
    },
    "DisplayableDataIds": {
      "rule_3": "",
      "rule_5": "",
      "rule_340": "",
      "rule_4": ""
    }
  },
  {
    "Id": "statline_738",
    "Name": "Destrier",
    "Type": "Statline",
    "Attributes": {
      "HP": "3",
      "Df": "6",
      "Re": "4",
      "Arm": "5",
      "Aeg": "6"
    },
    "DisplayableDataIds": {
      "rule_342": "",
      "rule_27": "",
      "rule_51": "(6+)"
    }
  },
  {
    "Id": "statline_739",
    "Name": "Fey Steed",
    "Type": "Statline",
    "Attributes": {
      "Ad": "8",
      "Ma": "8",
      "Di": "9",
      "Hgt": "4"
    },
    "DisplayableDataIds": {
      "rule_3": "",
      "rule_325": "",
      "rule_132": "",
      "rule_21": "",
      "rule_11": "",
      "rule_5": "",
      "rule_4": ""
    }
  },
  {
    "Id": "statline_740",
    "Name": "Fey Steed",
    "Type": "Statline",
    "Attributes": {
      "HP": "4",
      "Df": "6",
      "Re": "4",
      "Arm": "4",
      "Aeg": "6"
    },
    "DisplayableDataIds": {
      "rule_342": "",
      "rule_27": "",
      "rule_51": "(6+)"
    }
  },
  {
    "Id": "statline_741",
    "Name": "Pegasus Charger",
    "Type": "Statline",
    "Attributes": {
      "Ad": "8",
      "Ma": "8",
      "Di": "9",
      "Hgt": "3"
    },
    "DisplayableDataIds": {
      "rule_3": "",
      "rule_44": "",
      "rule_4": "",
      "rule_5": "",
      "rule_340": ""
    }
  },
  {
    "Id": "statline_742",
    "Name": "Pegasus Charger",
    "Type": "Statline",
    "Attributes": {
      "HP": "3",
      "Df": "6",
      "Re": "4",
      "Arm": "5",
      "Aeg": "6"
    },
    "DisplayableDataIds": {
      "rule_342": "",
      "rule_27": "",
      "rule_51": "(6+)",
      "rule_29": "(1)"
    }
  },
  {
    "Id": "statline_743",
    "Name": "Hippogriff",
    "Type": "Statline",
    "Attributes": {
      "Ad": "8",
      "Ma": "8",
      "Di": "9",
      "Hgt": "4"
    },
    "DisplayableDataIds": {
      "rule_3": "",
      "rule_44": "",
      "rule_5": "",
      "rule_11": "",
      "rule_4": "",
      "rule_41": ""
    }
  },
  {
    "Id": "statline_744",
    "Name": "Hippogriff",
    "Type": "Statline",
    "Attributes": {
      "HP": "5",
      "Df": "6",
      "Re": "5",
      "Arm": "4",
      "Aeg": "6"
    },
    "DisplayableDataIds": {
      "rule_342": "",
      "rule_27": "",
      "rule_51": "(6+)"
    }
  },
  {
    "Id": "statline_745",
    "Name": "Hippogriff",
    "Type": "Statline",
    "Attributes": {
      "At": "4",
      "Of": "4",
      "St": "5",
      "AP": "3",
      "Ag": "4"
    },
    "DisplayableDataIds": {
      "rule_46": "(1)"
    }
  },
  {
    "Id": "statline_746",
    "Name": "Paladin",
    "Type": "Statline",
    "Attributes": {
      "Ad": "4",
      "Ma": "4",
      "Di": "9",
      "Hgt": "1"
    },
    "DisplayableDataIds": {
      "rule_4": ""
    }
  },
  {
    "Id": "statline_747",
    "Name": "Paladin",
    "Type": "Statline",
    "Attributes": {
      "HP": "3",
      "Df": "7",
      "Re": "4",
      "Arm": "2",
      "Aeg": "6"
    },
    "DisplayableDataIds": {
      "rule_338": "",
      "rule_51": "(4+ against Magical Attacks)",
      "rule_27": ""
    }
  },
  {
    "Id": "statline_748",
    "Name": "Paladin",
    "Type": "Statline",
    "Attributes": {
      "At": "4",
      "Of": "7",
      "St": "4",
      "AP": "1",
      "Ag": "6"
    },
    "DisplayableDataIds": {
      "rule_47": "",
      "rule_134": ""
    }
  },
  {
    "Id": "statline_749",
    "Name": "Destrier",
    "Type": "Statline",
    "Attributes": {
      "Ad": "8",
      "Ma": "8",
      "Di": "9",
      "Hgt": "2"
    },
    "DisplayableDataIds": {
      "rule_5": "",
      "rule_340": "",
      "rule_4": ""
    }
  },
  {
    "Id": "statline_750",
    "Name": "Destrier",
    "Type": "Statline",
    "Attributes": {
      "HP": "3",
      "Df": "7",
      "Re": "4",
      "Arm": "5",
      "Aeg": "6"
    },
    "DisplayableDataIds": {
      "rule_338": "",
      "rule_51": "(4+ against Magical Attacks)",
      "rule_27": ""
    }
  },
  {
    "Id": "statline_751",
    "Name": "Revered Unicorn",
    "Type": "Statline",
    "Attributes": {
      "Ad": "10",
      "Ma": "10",
      "Di": "9",
      "Hgt": "2"
    },
    "DisplayableDataIds": {
      "rule_341": "",
      "rule_2": "",
      "rule_5": "",
      "rule_340": "",
      "rule_4": ""
    }
  },
  {
    "Id": "statline_752",
    "Name": "Revered Unicorn",
    "Type": "Statline",
    "Attributes": {
      "HP": "3",
      "Df": "7",
      "Re": "4",
      "Arm": "4",
      "Aeg": "6"
    },
    "DisplayableDataIds": {
      "rule_338": "",
      "rule_51": "(4+ against Magical Attacks)",
      "rule_27": "",
      "rule_50": "(1)"
    }
  },
  {
    "Id": "statline_753",
    "Name": "Pegasus Charger",
    "Type": "Statline",
    "Attributes": {
      "Ad": "8",
      "Ma": "8",
      "Di": "9",
      "Hgt": "3"
    },
    "DisplayableDataIds": {
      "rule_44": "",
      "rule_4": "",
      "rule_5": "",
      "rule_340": ""
    }
  },
  {
    "Id": "statline_754",
    "Name": "Pegasus Charger",
    "Type": "Statline",
    "Attributes": {
      "HP": "3",
      "Df": "7",
      "Re": "4",
      "Arm": "5",
      "Aeg": "6"
    },
    "DisplayableDataIds": {
      "rule_338": "",
      "rule_51": "(4+ against Magical Attacks)",
      "rule_27": "",
      "rule_29": "(1)"
    }
  },
  {
    "Id": "statline_755",
    "Name": "Fey Steed",
    "Type": "Statline",
    "Attributes": {
      "Ad": "8",
      "Ma": "8",
      "Di": "9",
      "Hgt": "4"
    },
    "DisplayableDataIds": {
      "rule_325": "",
      "rule_132": "",
      "rule_21": "",
      "rule_11": "",
      "rule_5": "",
      "rule_4": ""
    }
  },
  {
    "Id": "statline_756",
    "Name": "Fey Steed",
    "Type": "Statline",
    "Attributes": {
      "HP": "4",
      "Df": "7",
      "Re": "4",
      "Arm": "4",
      "Aeg": "6"
    },
    "DisplayableDataIds": {
      "rule_338": "",
      "rule_51": "(4+ against Magical Attacks)",
      "rule_27": ""
    }
  },
  {
    "Id": "statline_757",
    "Name": "Hippogriff",
    "Type": "Statline",
    "Attributes": {
      "Ad": "8",
      "Ma": "8",
      "Di": "9",
      "Hgt": "4"
    },
    "DisplayableDataIds": {
      "rule_44": "",
      "rule_5": "",
      "rule_11": "",
      "rule_4": "",
      "rule_41": ""
    }
  },
  {
    "Id": "statline_758",
    "Name": "Hippogriff",
    "Type": "Statline",
    "Attributes": {
      "HP": "5",
      "Df": "7",
      "Re": "5",
      "Arm": "4",
      "Aeg": "6"
    },
    "DisplayableDataIds": {
      "rule_338": "",
      "rule_51": "(4+ against Magical Attacks)",
      "rule_27": ""
    }
  },
  {
    "Id": "statline_759",
    "Name": "Folk Hero",
    "Type": "Statline",
    "Attributes": {
      "Ad": "4",
      "Ma": "4",
      "Di": "8",
      "Hgt": "1"
    },
    "DisplayableDataIds": {
      "rule_343": "",
      "rule_4": "",
      "rule_18": "",
      "rule_344": ""
    }
  },
  {
    "Id": "statline_760",
    "Name": "Folk Hero",
    "Type": "Statline",
    "Attributes": {
      "HP": "3",
      "Df": "4",
      "Re": "4",
      "Arm": "2",
      "Aeg": "6"
    },
    "DisplayableDataIds": {
      "rule_345": "",
      "rule_51": "(6+)"
    }
  },
  {
    "Id": "statline_761",
    "Name": "Folk Hero",
    "Type": "Statline",
    "Attributes": {
      "At": "2",
      "Of": "4",
      "St": "4",
      "AP": "1",
      "Ag": "4"
    }
  },
  {
    "Id": "statline_762",
    "Name": "Pegasus Charger",
    "Type": "Statline",
    "Attributes": {
      "Ad": "8",
      "Ma": "8",
      "Di": "8",
      "Hgt": "3"
    },
    "DisplayableDataIds": {
      "rule_343": "",
      "rule_44": "",
      "rule_4": "",
      "rule_5": "",
      "rule_340": "",
      "rule_18": "",
      "rule_344": ""
    }
  },
  {
    "Id": "statline_763",
    "Name": "Pegasus Charger",
    "Type": "Statline",
    "Attributes": {
      "HP": "3",
      "Df": "4",
      "Re": "4",
      "Arm": "4",
      "Aeg": "6"
    },
    "DisplayableDataIds": {
      "rule_345": "",
      "rule_51": "(6+)",
      "rule_29": "(1)"
    }
  },
  {
    "Id": "statline_764",
    "Name": "Heraldic Steed",
    "Type": "Statline",
    "Attributes": {
      "Ad": "8",
      "Ma": "10",
      "Di": "8",
      "Hgt": "2"
    },
    "DisplayableDataIds": {
      "rule_343": "",
      "rule_44": "",
      "rule_4": "",
      "rule_35": "",
      "rule_5": "",
      "rule_18": "",
      "rule_344": ""
    }
  },
  {
    "Id": "statline_765",
    "Name": "Heraldic Steed",
    "Type": "Statline",
    "Attributes": {
      "HP": "3",
      "Df": "4",
      "Re": "4",
      "Arm": "4",
      "Aeg": "6"
    },
    "DisplayableDataIds": {
      "rule_345": "",
      "rule_51": "(6+)",
      "rule_29": "(1)"
    }
  },
  {
    "Id": "statline_766",
    "Name": "Destrier",
    "Type": "Statline",
    "Attributes": {
      "Ad": "8",
      "Ma": "8",
      "Di": "8",
      "Hgt": "2"
    },
    "DisplayableDataIds": {
      "rule_343": "",
      "rule_5": "",
      "rule_340": "",
      "rule_4": "",
      "rule_18": "",
      "rule_344": ""
    }
  },
  {
    "Id": "statline_767",
    "Name": "Destrier",
    "Type": "Statline",
    "Attributes": {
      "HP": "3",
      "Df": "4",
      "Re": "4",
      "Arm": "4",
      "Aeg": "6"
    },
    "DisplayableDataIds": {
      "rule_345": "",
      "rule_51": "(6+)"
    }
  },
  {
    "Id": "statline_768",
    "Name": "Revered Unicorn",
    "Type": "Statline",
    "Attributes": {
      "Ad": "10",
      "Ma": "10",
      "Di": "8",
      "Hgt": "2"
    },
    "DisplayableDataIds": {
      "rule_343": "",
      "rule_341": "",
      "rule_2": "",
      "rule_5": "",
      "rule_340": "",
      "rule_4": "",
      "rule_18": "",
      "rule_344": ""
    }
  },
  {
    "Id": "statline_769",
    "Name": "Revered Unicorn",
    "Type": "Statline",
    "Attributes": {
      "HP": "3",
      "Df": "4",
      "Re": "4",
      "Arm": "3",
      "Aeg": "6"
    },
    "DisplayableDataIds": {
      "rule_345": "",
      "rule_51": "(6+)",
      "rule_50": "(1)"
    }
  },
  {
    "Id": "statline_770",
    "Name": "Fey Steed",
    "Type": "Statline",
    "Attributes": {
      "Ad": "8",
      "Ma": "8",
      "Di": "8",
      "Hgt": "4"
    },
    "DisplayableDataIds": {
      "rule_343": "",
      "rule_325": "",
      "rule_132": "",
      "rule_21": "",
      "rule_11": "",
      "rule_5": "",
      "rule_4": "",
      "rule_18": "",
      "rule_344": ""
    }
  },
  {
    "Id": "statline_771",
    "Name": "Fey Steed",
    "Type": "Statline",
    "Attributes": {
      "HP": "4",
      "Df": "4",
      "Re": "4",
      "Arm": "3",
      "Aeg": "6"
    },
    "DisplayableDataIds": {
      "rule_345": "",
      "rule_51": "(6+)"
    }
  },
  {
    "Id": "statline_772",
    "Name": "King Henry",
    "Type": "Statline",
    "Attributes": {
      "Ad": "8",
      "Ma": "8",
      "Di": "9",
      "Hgt": "2"
    },
    "DisplayableDataIds": {
      "rule_351": "",
      "rule_3": "",
      "rule_430": "",
      "rule_353": ""
    }
  },
  {
    "Id": "statline_773",
    "Name": "King Henry",
    "Type": "Statline",
    "Attributes": {
      "HP": "4",
      "Df": "6",
      "Re": "4",
      "Arm": "4"
    },
    "DisplayableDataIds": {
      "rule_51": "(6+)",
      "rule_27": ""
    }
  },
  {
    "Id": "statline_774",
    "Name": "King Henry",
    "Type": "Statline",
    "Attributes": {
      "At": "4",
      "Of": "6",
      "St": "4",
      "AP": "1",
      "Ag": "5"
    },
    "DisplayableDataIds": {
      "rule_352": ""
    }
  },
  {
    "Id": "statline_775",
    "Name": "Grivaillant",
    "Type": "Statline",
    "Attributes": {
      "At": "1",
      "Of": "3",
      "St": "4",
      "AP": "0",
      "Ag": "3"
    }
  },
  {
    "Id": "statline_776",
    "Name": "Destrier",
    "Type": "Statline",
    "Attributes": {
      "Ad": "8",
      "Ma": "8",
      "Di": "8",
      "Hgt": "2"
    },
    "DisplayableDataIds": {
      "rule_354": "",
      "rule_181": "",
      "rule_355": "",
      "rule_340": "",
      "rule_5": "",
      "rule_20": "(Witchcraft)"
    }
  },
  {
    "Id": "statline_777",
    "Name": "Destrier",
    "Type": "Statline",
    "Attributes": {
      "HP": "3",
      "Df": "4",
      "Re": "4",
      "Arm": "4"
    },
    "DisplayableDataIds": {
      "rule_51": "(6+)",
      "rule_188": "(Pursuit Distance is always 0″)",
      "rule_356": ""
    }
  },
  {
    "Id": "statline_778",
    "Name": "Hernaut Le Rouquin",
    "Type": "Statline",
    "Attributes": {
      "Ad": "4",
      "Ma": "4",
      "Di": "8",
      "Hgt": "1"
    },
    "DisplayableDataIds": {
      "rule_354": "",
      "rule_181": "",
      "rule_355": "",
      "rule_20": "(Witchcraft)"
    }
  },
  {
    "Id": "statline_779",
    "Name": "Hernaut Le Rouquin",
    "Type": "Statline",
    "Attributes": {
      "HP": "3",
      "Df": "4",
      "Re": "4",
      "Arm": "2"
    },
    "DisplayableDataIds": {
      "rule_51": "(6+)",
      "rule_188": "(Pursuit Distance is always 0″)",
      "rule_356": ""
    }
  },
  {
    "Id": "statline_780",
    "Name": "Hernaut Le Rouquin",
    "Type": "Statline",
    "Attributes": {
      "At": "2",
      "Of": "4",
      "St": "4",
      "AP": "1",
      "Ag": "4"
    }
  },
  {
    "Id": "statline_781",
    "Name": "Knights of the Realm",
    "Type": "Statline",
    "Attributes": {
      "Ad": "8",
      "Ma": "8",
      "Di": "8",
      "Hgt": "2"
    },
    "DisplayableDataIds": {
      "rule_5": "",
      "rule_340": ""
    }
  },
  {
    "Id": "statline_782",
    "Name": "Knights of the Realm",
    "Type": "Statline",
    "Attributes": {
      "HP": "1",
      "Df": "4",
      "Re": "3",
      "Arm": "4",
      "Aeg": "6"
    },
    "DisplayableDataIds": {
      "rule_342": "",
      "rule_27": "",
      "rule_51": "(6+)"
    }
  },
  {
    "Id": "statline_783",
    "Name": "Realm Knight",
    "Type": "Statline",
    "Attributes": {
      "At": "1",
      "Of": "4",
      "St": "4",
      "AP": "1",
      "Ag": "3"
    },
    "DisplayableDataIds": {
      "rule_278": ""
    }
  },
  {
    "Id": "statline_784",
    "Name": "Lowborn Archers",
    "Type": "Statline",
    "Attributes": {
      "Ad": "4",
      "Ma": "4",
      "Di": "6",
      "Hgt": "1"
    },
    "DisplayableDataIds": {
      "rule_33": "",
      "rule_346": ""
    }
  },
  {
    "Id": "statline_785",
    "Name": "Lowborn Archers",
    "Type": "Statline",
    "Attributes": {
      "HP": "1",
      "Df": "2",
      "Re": "3",
      "Arm": "0",
      "Aeg": "6"
    },
    "DisplayableDataIds": {
      "rule_345": "",
      "rule_51": "(6+)"
    }
  },
  {
    "Id": "statline_786",
    "Name": "Lowborn Archer",
    "Type": "Statline",
    "Attributes": {
      "At": "1",
      "Of": "2",
      "St": "3",
      "AP": "0",
      "Ag": "3"
    }
  },
  {
    "Id": "statline_787",
    "Name": "Lowborn Levies",
    "Type": "Statline",
    "Attributes": {
      "Ad": "4",
      "Ma": "4",
      "Di": "6",
      "Hgt": "1"
    },
    "DisplayableDataIds": {
      "rule_33": ""
    }
  },
  {
    "Id": "statline_788",
    "Name": "Lowborn Levies",
    "Type": "Statline",
    "Attributes": {
      "HP": "1",
      "Df": "2",
      "Re": "3",
      "Arm": "1",
      "Aeg": "6"
    },
    "DisplayableDataIds": {
      "rule_345": "",
      "rule_51": "(6+)"
    }
  },
  {
    "Id": "statline_789",
    "Name": "Lowborn Levy",
    "Type": "Statline",
    "Attributes": {
      "At": "1",
      "Of": "2",
      "St": "3",
      "AP": "0",
      "Ag": "3"
    },
    "DisplayableDataIds": {
      "rule_32": ""
    }
  },
  {
    "Id": "statline_790",
    "Name": "Mounted Serjeants",
    "Type": "Statline",
    "Attributes": {
      "Ad": "8",
      "Ma": "8",
      "Di": "7",
      "Hgt": "2"
    },
    "DisplayableDataIds": {
      "rule_347": "",
      "rule_5": ""
    }
  },
  {
    "Id": "statline_791",
    "Name": "Mounted Serjeants",
    "Type": "Statline",
    "Attributes": {
      "HP": "1",
      "Df": "3",
      "Re": "3",
      "Arm": "4",
      "Aeg": "6"
    },
    "DisplayableDataIds": {
      "rule_338": "",
      "rule_27": "",
      "rule_51": "(6+)"
    }
  },
  {
    "Id": "statline_792",
    "Name": "Mounted Serjeant",
    "Type": "Statline",
    "Attributes": {
      "At": "1",
      "Of": "3",
      "St": "3",
      "AP": "0",
      "Ag": "3"
    },
    "DisplayableDataIds": {
      "rule_180": "(Hatred)",
      "rule_38": ""
    }
  },
  {
    "Id": "statline_793",
    "Name": "Rouncey",
    "Type": "Statline",
    "Attributes": {
      "At": "1",
      "Of": "3",
      "St": "3",
      "AP": "0",
      "Ag": "3"
    }
  },
  {
    "Id": "statline_794",
    "Name": "Hedge Knights",
    "Type": "Statline",
    "Attributes": {
      "Ad": "8",
      "Ma": "8",
      "Di": "8",
      "Hgt": "2"
    },
    "DisplayableDataIds": {
      "rule_5": "",
      "rule_4": "",
      "rule_340": ""
    }
  },
  {
    "Id": "statline_795",
    "Name": "Hedge Knights",
    "Type": "Statline",
    "Attributes": {
      "HP": "1",
      "Df": "4",
      "Re": "3",
      "Arm": "3",
      "Aeg": "6"
    },
    "DisplayableDataIds": {
      "rule_27": "",
      "rule_342": "",
      "rule_51": "(6+)"
    }
  },
  {
    "Id": "statline_796",
    "Name": "Hedge Knight",
    "Type": "Statline",
    "Attributes": {
      "At": "1",
      "Of": "4",
      "St": "4",
      "AP": "1",
      "Ag": "3"
    },
    "DisplayableDataIds": {
      "rule_9": "(Fury, Fearless, Frenzy)",
      "rule_278": "",
      "rule_32": ""
    }
  },
  {
    "Id": "statline_797",
    "Name": "Cob",
    "Type": "Statline",
    "Attributes": {
      "At": "1",
      "Of": "3",
      "St": "4",
      "AP": "0",
      "Ag": "3"
    }
  },
  {
    "Id": "statline_798",
    "Name": "Enlisted Outlaws",
    "Type": "Statline",
    "Attributes": {
      "Ad": "4",
      "Ma": "4",
      "Di": "7",
      "Hgt": "1"
    },
    "DisplayableDataIds": {
      "rule_30": "",
      "rule_4": "",
      "rule_33": "",
      "rule_24": ""
    }
  },
  {
    "Id": "statline_799",
    "Name": "Enlisted Outlaws",
    "Type": "Statline",
    "Attributes": {
      "HP": "1",
      "Df": "3",
      "Re": "3",
      "Arm": "0",
      "Aeg": "6"
    },
    "DisplayableDataIds": {
      "rule_345": "",
      "rule_51": "(6+)"
    }
  },
  {
    "Id": "statline_800",
    "Name": "Enlisted Outlaw",
    "Type": "Statline",
    "Attributes": {
      "At": "1",
      "Of": "3",
      "St": "3",
      "AP": "0",
      "Ag": "3"
    },
    "DisplayableDataIds": {
      "rule_152": "",
      "rule_48": "",
      "rule_32": "",
      "rule_348": "(5+)"
    }
  },
  {
    "Id": "statline_801",
    "Name": "Knights of the Quest",
    "Type": "Statline",
    "Attributes": {
      "Ad": "8",
      "Ma": "8",
      "Di": "8",
      "Hgt": "2"
    },
    "DisplayableDataIds": {
      "rule_21": "",
      "rule_5": "",
      "rule_340": ""
    }
  },
  {
    "Id": "statline_802",
    "Name": "Knights of the Quest",
    "Type": "Statline",
    "Attributes": {
      "HP": "1",
      "Df": "5",
      "Re": "4",
      "Arm": "4",
      "Aeg": "6"
    },
    "DisplayableDataIds": {
      "rule_342": "",
      "rule_27": "",
      "rule_51": "(6+)"
    }
  },
  {
    "Id": "statline_803",
    "Name": "Questing Knight",
    "Type": "Statline",
    "Attributes": {
      "At": "2",
      "Of": "5",
      "St": "4",
      "AP": "1",
      "Ag": "4"
    },
    "DisplayableDataIds": {
      "rule_349": "",
      "rule_350": ""
    }
  },
  {
    "Id": "statline_804",
    "Name": "Knights Penitent",
    "Type": "Statline",
    "Attributes": {
      "Ad": "7",
      "Ma": "7",
      "Di": "8",
      "Hgt": "2"
    },
    "DisplayableDataIds": {
      "rule_21": "",
      "rule_5": "",
      "rule_42": "",
      "rule_180": "(Stubborn)",
      "rule_340": ""
    }
  },
  {
    "Id": "statline_805",
    "Name": "Knights Penitent",
    "Type": "Statline",
    "Attributes": {
      "HP": "2",
      "Df": "4",
      "Re": "4",
      "Arm": "4",
      "Aeg": "6"
    },
    "DisplayableDataIds": {
      "rule_338": "",
      "rule_27": "",
      "rule_51": "(6+)"
    }
  },
  {
    "Id": "statline_806",
    "Name": "Penitent Knight",
    "Type": "Statline",
    "Attributes": {
      "At": "1",
      "Of": "4",
      "St": "4",
      "AP": "1",
      "Ag": "3",
      "Agi": "0"
    },
    "DisplayableDataIds": {
      "rule_357": "",
      "rule_39": ""
    }
  },
  {
    "Id": "statline_807",
    "Name": "Draughthorse",
    "Type": "Statline",
    "Attributes": {
      "At": "1",
      "Of": "3",
      "St": "5",
      "AP": "0",
      "Ag": "3"
    }
  },
  {
    "Id": "statline_808",
    "Name": "Knights of the Court",
    "Type": "Statline",
    "Attributes": {
      "Ad": "8",
      "Ma": "8",
      "Di": "8",
      "Hgt": "2"
    },
    "DisplayableDataIds": {
      "rule_5": "",
      "rule_340": ""
    }
  },
  {
    "Id": "statline_809",
    "Name": "Knights of the Court",
    "Type": "Statline",
    "Attributes": {
      "HP": "1",
      "Df": "4",
      "Re": "3",
      "Arm": "4",
      "Aeg": "6"
    },
    "DisplayableDataIds": {
      "rule_342": "",
      "rule_27": "",
      "rule_51": "(6+)"
    }
  },
  {
    "Id": "statline_810",
    "Name": "Court Knight",
    "Type": "Statline",
    "Attributes": {
      "At": "1",
      "Of": "4",
      "St": "4",
      "AP": "1",
      "Ag": "3",
      "undefined": "0"
    },
    "DisplayableDataIds": {
      "rule_9": "(+1 Att, +1 Off, +1 Agi)",
      "rule_278": ""
    }
  },
  {
    "Id": "statline_811",
    "Name": "Men-at-Arms",
    "Type": "Statline",
    "Attributes": {
      "Ad": "4",
      "Ma": "4",
      "Di": "8",
      "Hgt": "1"
    }
  },
  {
    "Id": "statline_812",
    "Name": "Men-at-Arms",
    "Type": "Statline",
    "Attributes": {
      "HP": "1",
      "Df": "4",
      "Re": "3",
      "Arm": "2",
      "Aeg": "6"
    },
    "DisplayableDataIds": {
      "rule_358": "",
      "rule_27": "",
      "rule_51": "(6+)"
    }
  },
  {
    "Id": "statline_813",
    "Name": "Man-at-Arms",
    "Type": "Statline",
    "Attributes": {
      "At": "1",
      "Of": "4",
      "St": "4",
      "AP": "1",
      "Ag": "3"
    }
  },
  {
    "Id": "statline_814",
    "Name": "Pegasus Knights",
    "Type": "Statline",
    "Attributes": {
      "Ad": "8",
      "Ma": "8",
      "Di": "8",
      "Hgt": "3"
    },
    "DisplayableDataIds": {
      "rule_44": "",
      "rule_4": "",
      "rule_5": "",
      "rule_340": ""
    }
  },
  {
    "Id": "statline_815",
    "Name": "Pegasus Knights",
    "Type": "Statline",
    "Attributes": {
      "HP": "2",
      "Df": "4",
      "Re": "4",
      "Arm": "4",
      "Aeg": "6"
    },
    "DisplayableDataIds": {
      "rule_342": "",
      "rule_27": "",
      "rule_51": "(6+)"
    }
  },
  {
    "Id": "statline_816",
    "Name": "Pegasus Knight",
    "Type": "Statline",
    "Attributes": {
      "At": "1",
      "Of": "4",
      "St": "4",
      "AP": "1",
      "Ag": "3"
    },
    "DisplayableDataIds": {
      "rule_9": "(+1 Att)",
      "rule_278": ""
    }
  },
  {
    "Id": "statline_817",
    "Name": "Sacred Reliquary",
    "Type": "Statline",
    "Attributes": {
      "Ad": "0",
      "Ma": "4",
      "Di": "8",
      "Hgt": "3"
    },
    "DisplayableDataIds": {
      "rule_105": "",
      "rule_359": "",
      "rule_18": "",
      "rule_6": "(Lowborn Levies, Men-at-Arms)",
      "rule_21": ""
    }
  },
  {
    "Id": "statline_818",
    "Name": "Sacred Reliquary",
    "Type": "Statline",
    "Attributes": {
      "HP": "5",
      "Df": "4",
      "Re": "4",
      "Arm": "4",
      "Aeg": "6"
    },
    "DisplayableDataIds": {
      "rule_338": "",
      "rule_51": "(6+)"
    }
  },
  {
    "Id": "statline_819",
    "Name": "Sacred Reliquary",
    "Type": "Statline",
    "Attributes": {
      "At": "4",
      "Of": "4",
      "St": "4",
      "AP": "1",
      "Ag": "3"
    }
  },
  {
    "Id": "statline_820",
    "Name": "Siege Weapon",
    "Type": "Statline",
    "Attributes": {
      "Ad": "0",
      "Ma": "0",
      "Di": "7",
      "Hgt": "1"
    },
    "DisplayableDataIds": {
      "rule_196": "",
      "rule_360": "(4+)"
    }
  },
  {
    "Id": "statline_821",
    "Name": "Siege Weapon",
    "Type": "Statline",
    "Attributes": {
      "HP": "5",
      "Df": "1",
      "Re": "4",
      "Arm": "0",
      "Aeg": "6"
    },
    "DisplayableDataIds": {
      "rule_338": "",
      "rule_51": "(6+)"
    }
  },
  {
    "Id": "statline_822",
    "Name": "Crew",
    "Type": "Statline",
    "Attributes": {
      "At": "4",
      "Of": "2",
      "St": "3",
      "AP": "0",
      "Ag": "3"
    }
  },
  {
    "Id": "statline_823",
    "Name": "Sky Heralds",
    "Type": "Statline",
    "Attributes": {
      "Ad": "8",
      "Ma": "10",
      "Di": "8",
      "Hgt": "2"
    },
    "DisplayableDataIds": {
      "rule_44": "",
      "rule_4": "",
      "rule_28": "",
      "rule_35": "",
      "rule_5": ""
    }
  },
  {
    "Id": "statline_824",
    "Name": "Sky Heralds",
    "Type": "Statline",
    "Attributes": {
      "HP": "2",
      "Df": "4",
      "Re": "3",
      "Arm": "2",
      "Aeg": "6"
    },
    "DisplayableDataIds": {
      "rule_345": "",
      "rule_29": "(1)",
      "rule_27": "",
      "rule_51": "(6+)"
    }
  },
  {
    "Id": "statline_825",
    "Name": "Herald",
    "Type": "Statline",
    "Attributes": {
      "At": "1",
      "Of": "4",
      "St": "4",
      "AP": "1",
      "Ag": "3"
    },
    "DisplayableDataIds": {
      "rule_9": "(+1 Att, Extra Support(3))",
      "rule_38": ""
    }
  },
  {
    "Id": "statline_826",
    "Name": "Heraldic Steed",
    "Type": "Statline",
    "Attributes": {
      "At": "1",
      "Of": "4",
      "St": "4",
      "AP": "1",
      "Ag": "3"
    },
    "DisplayableDataIds": {
      "rule_9": "(+1 Att)"
    }
  },
  {
    "Id": "statline_827",
    "Name": "Yeoman Outriders",
    "Type": "Statline",
    "Attributes": {
      "Ad": "8",
      "Ma": "8",
      "Di": "7",
      "Hgt": "2"
    },
    "DisplayableDataIds": {
      "rule_133": "",
      "rule_35": "",
      "rule_4": "",
      "rule_5": ""
    }
  },
  {
    "Id": "statline_828",
    "Name": "Yeoman Outriders",
    "Type": "Statline",
    "Attributes": {
      "HP": "1",
      "Df": "3",
      "Re": "3",
      "Arm": "2",
      "Aeg": "6"
    },
    "DisplayableDataIds": {
      "rule_345": "",
      "rule_51": "(6+)"
    }
  },
  {
    "Id": "statline_829",
    "Name": "Yeoman Outrider",
    "Type": "Statline",
    "Attributes": {
      "At": "1",
      "Of": "3",
      "St": "3",
      "AP": "0",
      "Ag": "3"
    },
    "DisplayableDataIds": {
      "rule_38": "",
      "rule_31": "(4+)"
    }
  },
  {
    "Id": "statline_830",
    "Name": "Fey Knight",
    "Type": "Statline",
    "Attributes": {
      "Ad": "8",
      "Ma": "8",
      "Di": "8",
      "Hgt": "4"
    },
    "DisplayableDataIds": {
      "rule_132": "",
      "rule_325": "",
      "rule_21": "",
      "rule_34": "(Water Terrain or Forest)",
      "rule_11": "",
      "rule_5": "",
      "rule_362": ""
    }
  },
  {
    "Id": "statline_831",
    "Name": "Fey Knight",
    "Type": "Statline",
    "Attributes": {
      "HP": "4",
      "Df": "6",
      "Re": "4",
      "Arm": "4",
      "Aeg": "4"
    },
    "DisplayableDataIds": {
      "rule_27": "",
      "rule_51": "(4+)"
    }
  },
  {
    "Id": "statline_832",
    "Name": "Fey Rider",
    "Type": "Statline",
    "Attributes": {
      "At": "4",
      "Of": "6",
      "St": "5",
      "AP": "3",
      "Ag": "6"
    },
    "DisplayableDataIds": {
      "rule_134": ""
    }
  },
  {
    "Id": "statline_833",
    "Name": "Friar's Lanterns",
    "Type": "Statline",
    "Attributes": {
      "Ad": "6",
      "Ma": "6",
      "Di": "4",
      "Hgt": "0"
    },
    "DisplayableDataIds": {
      "rule_30": "",
      "rule_33": "",
      "rule_21": "",
      "rule_325": "",
      "rule_132": "",
      "rule_28": "",
      "rule_4": "",
      "rule_363": "",
      "rule_24": "",
      "rule_133": "",
      "rule_188": "(Pursuit rolls are set to always 0\")"
    }
  },
  {
    "Id": "statline_834",
    "Name": "Friar's Lanterns",
    "Type": "Statline",
    "Attributes": {
      "HP": "5",
      "Df": "2",
      "Re": "2",
      "Arm": "0",
      "Aeg": "5"
    },
    "DisplayableDataIds": {
      "rule_29": "(1)",
      "rule_121": "(1)",
      "rule_51": "(5+)"
    }
  },
  {
    "Id": "statline_835",
    "Name": "Friar's Lanterns",
    "Type": "Statline",
    "Attributes": {
      "At": "6",
      "Of": "2",
      "St": "2",
      "AP": "1",
      "Ag": "2"
    },
    "DisplayableDataIds": {
      "rule_134": ""
    }
  },
  {
    "Id": "statline_836",
    "Name": "Naiads",
    "Type": "Statline",
    "Attributes": {
      "Ad": "6",
      "Ma": "6",
      "Di": "8",
      "Hgt": "1"
    },
    "DisplayableDataIds": {
      "rule_21": "",
      "rule_30": "",
      "rule_2": "(Water Terrain)",
      "rule_34": "(Water Terrain)",
      "rule_4": "",
      "rule_132": ""
    }
  },
  {
    "Id": "statline_837",
    "Name": "Naiads",
    "Type": "Statline",
    "Attributes": {
      "HP": "2",
      "Df": "4",
      "Re": "3",
      "Arm": "0",
      "Aeg": "5"
    },
    "DisplayableDataIds": {
      "rule_51": "(5+)"
    }
  },
  {
    "Id": "statline_838",
    "Name": "Naiad",
    "Type": "Statline",
    "Attributes": {
      "At": "0",
      "Of": "0",
      "St": "3",
      "AP": "3",
      "Ag": "5"
    },
    "DisplayableDataIds": {
      "rule_149": "(2)",
      "rule_134": ""
    }
  },
  {
    "Id": "statline_839",
    "Name": "The Lady's Courtier",
    "Type": "Statline",
    "Attributes": {
      "Ad": "7",
      "Ma": "7",
      "Di": "9",
      "Hgt": "4"
    },
    "DisplayableDataIds": {
      "rule_132": "",
      "rule_21": "",
      "rule_11": "",
      "rule_4": "",
      "rule_5": "",
      "rule_364": ""
    }
  },
  {
    "Id": "statline_840",
    "Name": "The Lady's Courtier",
    "Type": "Statline",
    "Attributes": {
      "HP": "5",
      "Df": "5",
      "Re": "5",
      "Arm": "3",
      "Aeg": "4"
    },
    "DisplayableDataIds": {
      "rule_51": "(4+)"
    }
  },
  {
    "Id": "statline_841",
    "Name": "Lady's Courtier",
    "Type": "Statline",
    "Attributes": {
      "At": "5",
      "Of": "5",
      "St": "5",
      "AP": "2",
      "Ag": "5"
    },
    "DisplayableDataIds": {
      "rule_134": "",
      "rule_46": "(1)"
    }
  }
]