[
  {
    "Id": "unit_257",
    "Name": "Damsel",
    "Type": "Unit",
    "Attributes": {
      "height": "Standard"
    },
    "BasicProfileIds": [
      "68357f5b790d8280c4b2288d"
    ],
    "DefaultFront": 1,
    "Formation": 1
  },
  {
    "Id": "unit_258",
    "Name": "Damsel on Heraldic Steed",
    "Type": "Unit",
    "Attributes": {
      "height": "Standard"
    },
    "BasicProfileIds": [
      "8b6580b9-d6a7-44e9-9b2d-ecb971ec1dbb"
    ],
    "DefaultFront": 1,
    "Formation": 1
  },
  {
    "Id": "unit_259",
    "Name": "Damsel on Pegasus Charger",
    "Type": "Unit",
    "Attributes": {
      "height": "Large"
    },
    "BasicProfileIds": [
      "9878ca60-afce-49b7-afb5-3b1f4ecfe328"
    ],
    "DefaultFront": 1,
    "Formation": 1
  },
  {
    "Id": "unit_260",
    "Name": "Damsel on Fey Steed",
    "Type": "Unit",
    "Attributes": {
      "height": "Large"
    },
    "BasicProfileIds": [
      "d274e90f-750a-47da-8ab3-cbda0f6b100a"
    ],
    "DefaultFront": 1,
    "Formation": 1
  },
  {
    "Id": "unit_261",
    "Name": "Damsel on Destrier",
    "Type": "Unit",
    "Attributes": {
      "height": "Standard"
    },
    "BasicProfileIds": [
      "bfc34144-110c-4af6-b787-bb804c9f5654"
    ],
    "DefaultFront": 1,
    "Formation": 1
  },
  {
    "Id": "unit_262",
    "Name": "Damsel on Revered Unicorn",
    "Type": "Unit",
    "Attributes": {
      "height": "Standard"
    },
    "BasicProfileIds": [
      "d3365057-b218-4a88-a8b6-cfa0da3f372d"
    ],
    "DefaultFront": 1,
    "Formation": 1
  },
  {
    "Id": "unit_263",
    "Name": "Duke",
    "Type": "Unit",
    "Attributes": {
      "height": "Standard"
    },
    "BasicProfileIds": [
      "68357f5c790d8280c4b229f8"
    ],
    "DefaultFront": 1,
    "Formation": 1
  },
  {
    "Id": "unit_264",
    "Name": "Duke on Revered Unicorn",
    "Type": "Unit",
    "Attributes": {
      "height": "Standard"
    },
    "BasicProfileIds": [
      "d24bec2c-dc9d-4885-a43e-4df271d7aa0f"
    ],
    "DefaultFront": 1,
    "Formation": 1
  },
  {
    "Id": "unit_265",
    "Name": "Duke on Destrier",
    "Type": "Unit",
    "Attributes": {
      "height": "Standard"
    },
    "BasicProfileIds": [
      "c97769f4-6178-45a3-95d2-78602e0593ea"
    ],
    "DefaultFront": 1,
    "Formation": 1
  },
  {
    "Id": "unit_266",
    "Name": "Duke on Fey Steed",
    "Type": "Unit",
    "Attributes": {
      "height": "Large"
    },
    "BasicProfileIds": [
      "d4ef7b34-11cb-4b99-8384-8c951b260b84"
    ],
    "DefaultFront": 1,
    "Formation": 1
  },
  {
    "Id": "unit_267",
    "Name": "Duke on Pegasus Charger",
    "Type": "Unit",
    "Attributes": {
      "height": "Large"
    },
    "BasicProfileIds": [
      "31aee4eb-8972-4f4f-802d-be564a531da8"
    ],
    "DefaultFront": 1,
    "Formation": 1
  },
  {
    "Id": "unit_268",
    "Name": "Duke on Hippogriff",
    "Type": "Unit",
    "Attributes": {
      "height": "Large"
    },
    "BasicProfileIds": [
      "0cffc4ca-16a4-4ba3-8e03-2bca6701c742"
    ],
    "DefaultFront": 1,
    "Formation": 1
  },
  {
    "Id": "unit_269",
    "Name": "Paladin",
    "Type": "Unit",
    "Attributes": {
      "height": "Standard"
    },
    "BasicProfileIds": [
      "68357f5d790d8280c4b22cc5"
    ],
    "DefaultFront": 1,
    "Formation": 1
  },
  {
    "Id": "unit_270",
    "Name": "Paladin on Destrier",
    "Type": "Unit",
    "Attributes": {
      "height": "Standard"
    },
    "BasicProfileIds": [
      "f7d9942e-c9b4-4391-821f-4e2d347ef54b"
    ],
    "DefaultFront": 1,
    "Formation": 1
  },
  {
    "Id": "unit_271",
    "Name": "Paladin on Revered Unicorn",
    "Type": "Unit",
    "Attributes": {
      "height": "Standard"
    },
    "BasicProfileIds": [
      "e13a111d-4aee-4280-87aa-8f5dfc141bfe"
    ],
    "DefaultFront": 1,
    "Formation": 1
  },
  {
    "Id": "unit_272",
    "Name": "Paladin on Pegasus Charger",
    "Type": "Unit",
    "Attributes": {
      "height": "Large"
    },
    "BasicProfileIds": [
      "6148e84e-6750-421f-a299-cc9f5f76653a"
    ],
    "DefaultFront": 1,
    "Formation": 1
  },
  {
    "Id": "unit_273",
    "Name": "Paladin on Fey Steed",
    "Type": "Unit",
    "Attributes": {
      "height": "Large"
    },
    "BasicProfileIds": [
      "76b17237-af80-4828-964d-8ac9baf37146"
    ],
    "DefaultFront": 1,
    "Formation": 1
  },
  {
    "Id": "unit_274",
    "Name": "Paladin on Hippogriff",
    "Type": "Unit",
    "Attributes": {
      "height": "Large"
    },
    "BasicProfileIds": [
      "be287238-82c5-4d1d-9845-6b4be711f1a1"
    ],
    "DefaultFront": 1,
    "Formation": 1
  },
  {
    "Id": "unit_275",
    "Name": "Folk Hero",
    "Type": "Unit",
    "Attributes": {
      "height": "Standard"
    },
    "BasicProfileIds": [
      "68357f5d790d8280c4b22f14"
    ],
    "DefaultFront": 1,
    "Formation": 1
  },
  {
    "Id": "unit_276",
    "Name": "Folk Hero on Pegasus Charger",
    "Type": "Unit",
    "Attributes": {
      "height": "Large"
    },
    "BasicProfileIds": [
      "3f0972be-1fe1-4df3-ae39-7348c8c618aa"
    ],
    "DefaultFront": 1,
    "Formation": 1
  },
  {
    "Id": "unit_277",
    "Name": "Folk Hero on Heraldic Steed",
    "Type": "Unit",
    "Attributes": {
      "height": "Standard"
    },
    "BasicProfileIds": [
      "73f4d3f4-fa19-446a-958e-178f67812b84"
    ],
    "DefaultFront": 1,
    "Formation": 1
  },
  {
    "Id": "unit_278",
    "Name": "Folk Hero on Destrier",
    "Type": "Unit",
    "Attributes": {
      "height": "Standard"
    },
    "BasicProfileIds": [
      "2ee8d0e4-cb81-419e-ac4a-b4c74607dd7b"
    ],
    "DefaultFront": 1,
    "Formation": 1
  },
  {
    "Id": "unit_279",
    "Name": "Folk Hero on Revered Unicorn",
    "Type": "Unit",
    "Attributes": {
      "height": "Standard"
    },
    "BasicProfileIds": [
      "f4164ed7-9200-4a91-87e7-694004b40680"
    ],
    "DefaultFront": 1,
    "Formation": 1
  },
  {
    "Id": "unit_280",
    "Name": "Folk Hero on Fey Steed",
    "Type": "Unit",
    "Attributes": {
      "height": "Large"
    },
    "BasicProfileIds": [
      "dbfd81c7-57d3-47b5-a9d0-4ec7ed40a243"
    ],
    "DefaultFront": 1,
    "Formation": 1
  },
  {
    "Id": "unit_281",
    "Name": "King Henry",
    "Type": "Unit",
    "Attributes": {
      "height": "Standard"
    },
    "BasicProfileIds": [
      "a2b4c9d5e7f8a3d6b2c9e4f7a"
    ],
    "DefaultFront": 1,
    "Formation": 1
  },
  {
    "Id": "unit_282",
    "Name": "King Henry on Destrier",
    "Type": "Unit",
    "Attributes": {
      "height": "Standard"
    },
    "BasicProfileIds": [
      "m1n2o3p4-q5r6s7t8-u9v0w1x2-y3z4a5b6c7d"
    ],
    "DefaultFront": 1,
    "Formation": 1
  },
  {
    "Id": "unit_283",
    "Name": "Hernaut Le Rouquin",
    "Type": "Unit",
    "Attributes": {
      "height": "Standard"
    },
    "BasicProfileIds": [
      "a3b7c5d8e2f6a4d9b3e7f9a"
    ],
    "DefaultFront": 1,
    "Formation": 1
  },
  {
    "Id": "unit_284",
    "Name": "Hernaut Le Rouquin on Destrier",
    "Type": "Unit",
    "Attributes": {
      "height": "Standard"
    },
    "BasicProfileIds": [
      "m1n2o3p4-q5r6s7t8-u9v0w1x2-y3z4a5b6c7d"
    ],
    "DefaultFront": 1,
    "Formation": 1
  },
  {
    "Id": "unit_285",
    "Name": "Knights of the Realm",
    "Type": "Unit",
    "Attributes": {
      "height": "Standard"
    },
    "BasicProfileIds": [
      "68357f5e790d8280c4b23243"
    ],
    "DefaultFront": 5,
    "Formation": 1
  },
  {
    "Id": "unit_286",
    "Name": "Lowborn Archers",
    "Type": "Unit",
    "Attributes": {
      "height": "Standard"
    },
    "BasicProfileIds": [
      "68357f5e790d8280c4b23294"
    ],
    "DefaultFront": 5,
    "Formation": 1
  },
  {
    "Id": "unit_287",
    "Name": "Lowborn Levies",
    "Type": "Unit",
    "Attributes": {
      "height": "Standard"
    },
    "BasicProfileIds": [
      "68357f5f790d8280c4b232bb"
    ],
    "DefaultFront": 5,
    "Formation": 1
  },
  {
    "Id": "unit_288",
    "Name": "Mounted Serjeants",
    "Type": "Unit",
    "Attributes": {
      "height": "Standard"
    },
    "BasicProfileIds": [
      "68357f5f790d8280c4b232e2"
    ],
    "DefaultFront": 5,
    "Formation": 1
  },
  {
    "Id": "unit_289",
    "Name": "Hedge Knights",
    "Type": "Unit",
    "Attributes": {
      "height": "Standard"
    },
    "BasicProfileIds": [
      "68357f5f790d8280c4b23327"
    ],
    "DefaultFront": 5,
    "Formation": 1
  },
  {
    "Id": "unit_290",
    "Name": "Enlisted Outlaws",
    "Type": "Unit",
    "Attributes": {
      "height": "Standard"
    },
    "BasicProfileIds": [
      "68357f5f790d8280c4b23375"
    ],
    "DefaultFront": 5,
    "Formation": 1
  },
  {
    "Id": "unit_291",
    "Name": "Knights of the Quest",
    "Type": "Unit",
    "Attributes": {
      "height": "Standard"
    },
    "BasicProfileIds": [
      "68357f5f790d8280c4b2337f"
    ],
    "DefaultFront": 5,
    "Formation": 1
  },
  {
    "Id": "unit_292",
    "Name": "Knights Penitent",
    "Type": "Unit",
    "Attributes": {
      "height": "Standard"
    },
    "BasicProfileIds": [
      "68357f60790d8280c4b233cd"
    ],
    "DefaultFront": 5,
    "Formation": 1
  },
  {
    "Id": "unit_293",
    "Name": "Knights of the Court",
    "Type": "Unit",
    "Attributes": {
      "height": "Standard"
    },
    "BasicProfileIds": [
      "68357f60790d8280c4b23409"
    ],
    "DefaultFront": 5,
    "Formation": 1
  },
  {
    "Id": "unit_294",
    "Name": "Men-at-Arms",
    "Type": "Unit",
    "Attributes": {
      "height": "Standard"
    },
    "BasicProfileIds": [
      "68357f60790d8280c4b23457"
    ],
    "DefaultFront": 5,
    "Formation": 1
  },
  {
    "Id": "unit_295",
    "Name": "Pegasus Knights",
    "Type": "Unit",
    "Attributes": {
      "height": "Large"
    },
    "BasicProfileIds": [
      "68357f60790d8280c4b234b1"
    ],
    "DefaultFront": 3,
    "Formation": 1
  },
  {
    "Id": "unit_296",
    "Name": "Sacred Reliquary",
    "Type": "Unit",
    "Attributes": {
      "height": "Large"
    },
    "BasicProfileIds": [
      "68357f61790d8280c4b234fd"
    ],
    "DefaultFront": 1,
    "Formation": 1
  },
  {
    "Id": "unit_297",
    "Name": "Siege Weapon",
    "Type": "Unit",
    "Attributes": {
      "height": "Standard"
    },
    "BasicProfileIds": [
      "68357f61790d8280c4b234fe"
    ],
    "DefaultFront": 1,
    "Formation": 1
  },
  {
    "Id": "unit_298",
    "Name": "Sky Heralds",
    "Type": "Unit",
    "Attributes": {
      "height": "Standard"
    },
    "BasicProfileIds": [
      "68357f61790d8280c4b2350c"
    ],
    "DefaultFront": 3,
    "Formation": 1
  },
  {
    "Id": "unit_299",
    "Name": "Yeoman Outriders",
    "Type": "Unit",
    "Attributes": {
      "height": "Standard"
    },
    "BasicProfileIds": [
      "68357f61790d8280c4b2352d"
    ],
    "DefaultFront": 5,
    "Formation": 1
  },
  {
    "Id": "unit_300",
    "Name": "Fey Knight",
    "Type": "Unit",
    "Attributes": {
      "height": "Large"
    },
    "BasicProfileIds": [
      "68357f62790d8280c4b23559"
    ],
    "DefaultFront": 1,
    "Formation": 1
  },
  {
    "Id": "unit_301",
    "Name": "Friar's Lanterns",
    "Type": "Unit",
    "Attributes": {
      "height": "Standard"
    },
    "BasicProfileIds": [
      "68357f62790d8280c4b23560"
    ],
    "DefaultFront": 3,
    "Formation": 1
  },
  {
    "Id": "unit_302",
    "Name": "Naiads",
    "Type": "Unit",
    "Attributes": {
      "height": "Standard"
    },
    "BasicProfileIds": [
      "68357f62790d8280c4b23565"
    ],
    "DefaultFront": 5,
    "Formation": 1
  },
  {
    "Id": "unit_303",
    "Name": "The Lady's Courtier",
    "Type": "Unit",
    "Attributes": {
      "height": "Large"
    },
    "BasicProfileIds": [
      "68357f62790d8280c4b2356a"
    ],
    "DefaultFront": 1,
    "Formation": 1
  }
]