[
  {
    "OptionId": "8c3953a8-f297-4ea5-aebf-5983fff4f53a",
    "UnitId": "unit_173",
    "NewUnitId": "unit_174"
  },
  {
    "OptionId": "016ba238-5bde-4764-85c8-93d3dbea290c",
    "UnitId": "unit_173",
    "NewUnitId": "unit_175"
  },
  {
    "OptionId": "d20d5d42-d4f6-4a45-bf05-23bfd74430af",
    "UnitId": "unit_173",
    "NewUnitId": "unit_176"
  },
  {
    "OptionId": "9cee4bf9-3f5a-4a46-95c8-bb437aff0a14",
    "UnitId": "unit_173",
    "NewUnitId": "unit_177"
  },
  {
    "OptionId": "b22bb172-e1a0-4396-98ba-beaed297d537",
    "UnitId": "unit_173",
    "NewUnitId": "unit_178"
  },
  {
    "OptionId": "a6289f2d-e1e0-4efc-9e55-6548cb82ac51",
    "UnitId": "unit_173",
    "NewUnitId": "unit_179"
  },
  {
    "OptionId": "879144e1-ca28-4349-ac97-f2fdb88dd69f",
    "UnitId": "unit_173",
    "NewUnitId": "unit_180"
  },
  {
    "OptionId": "9dcf51e3-2a66-4c59-b028-9965c966ef56",
    "UnitId": "unit_173",
    "NewUnitId": "unit_181"
  },
  {
    "OptionId": "8c3953a8-f297-4ea5-aebf-5983fff4f53a",
    "UnitId": "unit_182",
    "NewUnitId": "unit_183"
  },
  {
    "OptionId": "016ba238-5bde-4764-85c8-93d3dbea290c",
    "UnitId": "unit_182",
    "NewUnitId": "unit_184"
  },
  {
    "OptionId": "9cee4bf9-3f5a-4a46-95c8-bb437aff0a14",
    "UnitId": "unit_182",
    "NewUnitId": "unit_185"
  },
  {
    "OptionId": "d20d5d42-d4f6-4a45-bf05-23bfd74430af",
    "UnitId": "unit_182",
    "NewUnitId": "unit_186"
  },
  {
    "OptionId": "a6289f2d-e1e0-4efc-9e55-6548cb82ac51",
    "UnitId": "unit_182",
    "NewUnitId": "unit_187"
  },
  {
    "OptionId": "b22bb172-e1a0-4396-98ba-beaed297d537",
    "UnitId": "unit_182",
    "NewUnitId": "unit_188"
  },
  {
    "OptionId": "879144e1-ca28-4349-ac97-f2fdb88dd69f",
    "UnitId": "unit_182",
    "NewUnitId": "unit_189"
  },
  {
    "OptionId": "8c3953a8-f297-4ea5-aebf-5983fff4f53a",
    "UnitId": "unit_190",
    "NewUnitId": "unit_191"
  },
  {
    "OptionId": "016ba238-5bde-4764-85c8-93d3dbea290c",
    "UnitId": "unit_190",
    "NewUnitId": "unit_192"
  },
  {
    "OptionId": "9cee4bf9-3f5a-4a46-95c8-bb437aff0a14",
    "UnitId": "unit_190",
    "NewUnitId": "unit_193"
  },
  {
    "OptionId": "a6289f2d-e1e0-4efc-9e55-6548cb82ac51",
    "UnitId": "unit_190",
    "NewUnitId": "unit_194"
  },
  {
    "OptionId": "879144e1-ca28-4349-ac97-f2fdb88dd69f",
    "UnitId": "unit_190",
    "NewUnitId": "unit_195"
  },
  {
    "OptionId": "x2a3b4c5-d6e7f-8g9h0i-1j2k3l-4m5n6o7p8q",
    "UnitId": "unit_197"
  },
  {
    "OptionId": "3a074005-878f-422e-a475-42dd13ce86ce",
    "UnitId": "unit_198"
  },
  {
    "OptionId": "c9519cd5-2b08-4a2e-9017-51463bfb9821",
    "UnitId": "unit_198"
  },
  {
    "OptionId": "3a074005-878f-422e-a475-42dd13ce86ce",
    "UnitId": "unit_199"
  },
  {
    "OptionId": "c9519cd5-2b08-4a2e-9017-51463bfb9821",
    "UnitId": "unit_199"
  },
  {
    "OptionId": "3a074005-878f-422e-a475-42dd13ce86ce",
    "UnitId": "unit_200"
  },
  {
    "OptionId": "c9519cd5-2b08-4a2e-9017-51463bfb9821",
    "UnitId": "unit_200"
  },
  {
    "OptionId": "3a074005-878f-422e-a475-42dd13ce86ce",
    "UnitId": "unit_201"
  },
  {
    "OptionId": "c9519cd5-2b08-4a2e-9017-51463bfb9821",
    "UnitId": "unit_201"
  },
  {
    "OptionId": "3a074005-878f-422e-a475-42dd13ce86ce",
    "UnitId": "unit_202"
  },
  {
    "OptionId": "c9519cd5-2b08-4a2e-9017-51463bfb9821",
    "UnitId": "unit_202"
  },
  {
    "OptionId": "9da8b6f8-ae3f-4614-9d41-ed0b430eee5c",
    "UnitId": "unit_203",
    "NewUnitId": "unit_204"
  },
  {
    "OptionId": "02e7b8d5-bd1b-40e9-bd65-7d66549020ce",
    "UnitId": "unit_203",
    "NewUnitId": "unit_205"
  },
  {
    "OptionId": "9da8b6f8-ae3f-4614-9d41-ed0b430eee5cwb",
    "UnitId": "unit_203",
    "NewUnitId": "unit_206"
  },
  {
    "OptionId": "02e7b8d5-bd1b-40e9-bd65-7d66549020cewb",
    "UnitId": "unit_203",
    "NewUnitId": "unit_207"
  },
  {
    "OptionId": "3a074005-878f-422e-a475-42dd13ce86ce",
    "UnitId": "unit_208"
  },
  {
    "OptionId": "c9519cd5-2b08-4a2e-9017-51463bfb9821",
    "UnitId": "unit_208"
  },
  {
    "OptionId": "3a074005-878f-422e-a475-42dd13ce86ce",
    "UnitId": "unit_209"
  },
  {
    "OptionId": "c9519cd5-2b08-4a2e-9017-51463bfb9821",
    "UnitId": "unit_209"
  },
  {
    "OptionId": "3a074005-878f-422e-a475-42dd13ce86ce",
    "UnitId": "unit_210"
  },
  {
    "OptionId": "c9519cd5-2b08-4a2e-9017-51463bfb9821",
    "UnitId": "unit_210"
  },
  {
    "OptionId": "3a074005-878f-422e-a475-42dd13ce86ce",
    "UnitId": "unit_211"
  },
  {
    "OptionId": "c9519cd5-2b08-4a2e-9017-51463bfb9821",
    "UnitId": "unit_211"
  },
  {
    "OptionId": "3a074005-878f-422e-a475-42dd13ce86ce",
    "UnitId": "unit_212"
  },
  {
    "OptionId": "c9519cd5-2b08-4a2e-9017-51463bfb9821",
    "UnitId": "unit_212"
  },
  {
    "OptionId": "3a074005-878f-422e-a475-42dd13ce86ce",
    "UnitId": "unit_218"
  },
  {
    "OptionId": "c9519cd5-2b08-4a2e-9017-51463bfb9821",
    "UnitId": "unit_218"
  },
  {
    "OptionId": "3a074005-878f-422e-a475-42dd13ce86ce",
    "UnitId": "unit_219"
  },
  {
    "OptionId": "29998dd2-41cc-45d7-879b-fa3562f30c00",
    "UnitId": "unit_200"
  },
  {
    "OptionId": "29998dd2-41cc-45d7-879b-fa3562f30c00",
    "UnitId": "unit_198"
  },
  {
    "OptionId": "d35a8cfd-ab6e-4b41-ac88-4138e78b207b",
    "UnitId": "unit_182"
  },
  {
    "OptionId": "669d3d39-80e9-4463-8a9b-e82c73ed1b22",
    "UnitId": "unit_182"
  },
  {
    "OptionId": "7a3edb9d-e1d1-472e-a3da-c050f36537e6",
    "UnitId": "unit_182"
  },
  {
    "OptionId": "a974648b-3a89-4c94-8f5c-ad3db30084ce",
    "UnitId": "unit_182"
  },
  {
    "OptionId": "e580f63d-a16e-4ac3-b79b-d30ec7adde45",
    "UnitId": "unit_182"
  },
  {
    "OptionId": "497126bb-8c98-4d2c-9bca-969a356bf329",
    "UnitId": "unit_182"
  },
  {
    "OptionId": "cffeb3e1-6211-42fb-a5a4-47e509c61221",
    "UnitId": "unit_182"
  },
  {
    "OptionId": "024abb18-d48d-4b20-812a-e800dc9ef81a",
    "UnitId": "unit_182"
  },
  {
    "OptionId": "656ba8fb-8d84-4ac0-a847-e11af02d92b1",
    "UnitId": "unit_182"
  },
  {
    "OptionId": "a9748d88-09ce-4bda-8296-eace546e70b2",
    "UnitId": "unit_182"
  },
  {
    "OptionId": "636c917c-d49b-4ca9-aeba-683111950d33",
    "UnitId": "unit_182"
  },
  {
    "OptionId": "33baffbf-4728-4144-beba-f8c8dc093d73",
    "UnitId": "unit_182"
  },
  {
    "OptionId": "b4241335-9b4a-4be0-be3b-2dc01b85c72f",
    "UnitId": "unit_182"
  },
  {
    "OptionId": "3e94f7be-9126-49ec-9208-791755995bb9",
    "UnitId": "unit_182"
  },
  {
    "OptionId": "29998dd2-41cc-45d7-879b-fa3562f30c00",
    "UnitId": "unit_210"
  },
  {
    "OptionId": "29998dd2-41cc-45d7-879b-fa3562f30c00",
    "UnitId": "unit_219"
  },
  {
    "OptionId": "656ba8fb-8d84-4ac0-a847-e11af02d92b1",
    "UnitId": "unit_219"
  },
  {
    "OptionId": "33baffbf-4728-4144-beba-f8c8dc093d73",
    "UnitId": "unit_219"
  },
  {
    "OptionId": "669d3d39-80e9-4463-8a9b-e82c73ed1b22",
    "UnitId": "unit_173"
  },
  {
    "OptionId": "7a3edb9d-e1d1-472e-a3da-c050f36537e6",
    "UnitId": "unit_173"
  },
  {
    "OptionId": "a974648b-3a89-4c94-8f5c-ad3db30084ce",
    "UnitId": "unit_173"
  },
  {
    "OptionId": "e580f63d-a16e-4ac3-b79b-d30ec7adde45",
    "UnitId": "unit_173"
  },
  {
    "OptionId": "497126bb-8c98-4d2c-9bca-969a356bf329",
    "UnitId": "unit_173"
  },
  {
    "OptionId": "cffeb3e1-6211-42fb-a5a4-47e509c61221",
    "UnitId": "unit_173"
  },
  {
    "OptionId": "024abb18-d48d-4b20-812a-e800dc9ef81a",
    "UnitId": "unit_173"
  },
  {
    "OptionId": "9fdb992c-0ffc-4ada-bf2c-b17cf3e72b6a",
    "UnitId": "unit_173"
  },
  {
    "OptionId": "656ba8fb-8d84-4ac0-a847-e11af02d92b1",
    "UnitId": "unit_173"
  },
  {
    "OptionId": "a9748d88-09ce-4bda-8296-eace546e70b2",
    "UnitId": "unit_173"
  },
  {
    "OptionId": "636c917c-d49b-4ca9-aeba-683111950d33",
    "UnitId": "unit_173"
  },
  {
    "OptionId": "33baffbf-4728-4144-beba-f8c8dc093d73",
    "UnitId": "unit_173"
  },
  {
    "OptionId": "b4241335-9b4a-4be0-be3b-2dc01b85c72f",
    "UnitId": "unit_173"
  },
  {
    "OptionId": "3e94f7be-9126-49ec-9208-791755995bb9",
    "UnitId": "unit_173"
  },
  {
    "OptionId": "29998dd2-41cc-45d7-879b-fa3562f30c00",
    "UnitId": "unit_199"
  },
  {
    "OptionId": "29998dd2-41cc-45d7-879b-fa3562f30c00",
    "UnitId": "unit_209"
  },
  {
    "OptionId": "669d3d39-80e9-4463-8a9b-e82c73ed1b22",
    "UnitId": "unit_190"
  },
  {
    "OptionId": "b22bb172-e1a0-4396-98ba-beaed297d537",
    "UnitId": "unit_190"
  },
  {
    "OptionId": "3e94f7be-9126-49ec-9208-791755995bb9",
    "UnitId": "unit_190"
  },
  {
    "OptionId": "7928198a-27c4-4d7d-8ea8-9be3a01e5b29",
    "UnitId": "unit_203"
  },
  {
    "OptionId": "29998dd2-41cc-45d7-879b-fa3562f30c00",
    "UnitId": "unit_218"
  },
  {
    "OptionId": "b4241335-9b4a-4be0-be3b-2dc01b85c72f",
    "UnitId": "unit_218"
  },
  {
    "OptionId": "29998dd2-41cc-45d7-879b-fa3562f30c00",
    "UnitId": "unit_212"
  },
  {
    "OptionId": "29998dd2-41cc-45d7-879b-fa3562f30c00",
    "UnitId": "unit_201"
  },
  {
    "OptionId": "29998dd2-41cc-45d7-879b-fa3562f30c00",
    "UnitId": "unit_208"
  }
]