[
  {
    "Id": "016ba238-5bde-4764-85c8-93d3dbea290c",
    "Name": "Reaver Chariot",
    "Type": "UnitGlobalChange"
  },
  {
    "Id": "d20d5d42-d4f6-4a45-bf05-23bfd74430af",
    "Name": "Lion Chariot",
    "Type": "UnitGlobalChange"
  },
  {
    "Id": "9cee4bf9-3f5a-4a46-95c8-bb437aff0a14",
    "Name": "Giant Eagle",
    "Type": "UnitGlobalChange"
  },
  {
    "Id": "b22bb172-e1a0-4396-98ba-beaed297d537",
    "Name": "Sky Sloop",
    "Type": "UnitGlobalChange"
  },
  {
    "Id": "a6289f2d-e1e0-4efc-9e55-6548cb82ac51",
    "Name": "Griffon",
    "Type": "UnitGlobalChange"
  },
  {
    "Id": "879144e1-ca28-4349-ac97-f2fdb88dd69f",
    "Name": "Regal Dragon",
    "Type": "UnitGlobalChange"
  },
  {
    "Id": "9dcf51e3-2a66-4c59-b028-9965c966ef56",
    "Name": "Ancient Dragon",
    "Type": "UnitGlobalChange"
  },
  {
    "Id": "x2a3b4c5-d6e7f-8g9h0i-1j2k3l-4m5n6o7p8q",
    "Name": "Tenacla",
    "Type": "UnitGlobalChange"
  },
  {
    "Id": "9da8b6f8-ae3f-4614-9d41-ed0b430eee5c",
    "Name": "Frost Phoenix",
    "Type": "UnitSwapDisplayable",
    "DisplayableDataIdToAdd": {
      "rule_1864": ""
    }
  },
  {
    "Id": "02e7b8d5-bd1b-40e9-bd65-7d66549020ce",
    "Name": "Fire Phoenix",
    "Type": "UnitSwapDisplayable",
    "DisplayableDataIdToAdd": {
      "rule_1865": ""
    }
  },
  {
    "Id": "9da8b6f8-ae3f-4614-9d41-ed0b430eee5cwb",
    "Name": "Frost Phoenix Warden’s Bond",
    "Type": "UnitSwapDisplayable",
    "DisplayableDataIdToAdd": {
      "rule_1866": ""
    }
  },
  {
    "Id": "02e7b8d5-bd1b-40e9-bd65-7d66549020cewb",
    "Name": "Fire Phoenix Warden’s Bond",
    "Type": "UnitSwapDisplayable",
    "DisplayableDataIdToAdd": {
      "rule_1867": ""
    }
  },
  {
    "Id": "e580f63d-a16e-4ac3-b79b-d30ec7adde45",
    "Name": "High Warden of the Flame",
    "Type": "UnitSwapDisplayable",
    "DisplayableDataIdToAdd": {
      "rule_818": ""
    }
  },
  {
    "Id": "024abb18-d48d-4b20-812a-e800dc9ef81a",
    "Name": "Longbow",
    "Type": "UnitSwapDisplayable",
    "DisplayableDataIdToAdd": {
      "rule_279": ""
    }
  },
  {
    "Id": "9fdb992c-0ffc-4ada-bf2c-b17cf3e72b6a",
    "Name": "Master of Canreig Tower",
    "Type": "UnitSwapDisplayable",
    "DisplayableDataIdToAdd": {
      "rule_814": ""
    }
  },
  {
    "Id": "a9748d88-09ce-4bda-8296-eace546e70b2",
    "Name": "Queen's Companion",
    "Type": "UnitSwapDisplayable",
    "DisplayableDataIdToAdd": {
      "rule_819": ""
    }
  },
  {
    "Id": "636c917c-d49b-4ca9-aeba-683111950d33",
    "Name": "Royal Huntsman",
    "Type": "UnitSwapDisplayable",
    "DisplayableDataIdToAdd": {
      "rule_820": ""
    }
  },
  {
    "Id": "7928198a-27c4-4d7d-8ea8-9be3a01e5b29",
    "Name": "Warden's Bond",
    "Type": "UnitSwapDisplayable",
    "DisplayableDataIdToAdd": {
      "rule_812": ""
    }
  },
  {
    "Id": "3e94f7be-9126-49ec-9208-791755995bb9",
    "Name": "Young Dragon",
    "Type": "UnitSwapDisplayable"
  }
]