[
  {
    "Id": "68357f49790d8280c4b20e30",
    "Name": "High Prince",
    "Type": "Profile",
    "BaseId": "5",
    "DisplayableDataIds": {
      "statline_491": "",
      "statline_492": "",
      "statline_493": ""
    }
  },
  {
    "Id": "714de27d-08ce-4e24-8f4c-d299b1719ba4",
    "Name": "Elven Horse",
    "Type": "Profile",
    "BaseId": "4",
    "DisplayableDataIds": {
      "statline_202": "",
      "statline_203": "",
      "statline_204": ""
    }
  },
  {
    "Id": "a3bb95b5-bdb5-4994-8614-292d298c977f",
    "Name": "Chassis",
    "Type": "Profile",
    "BaseId": "2",
    "DisplayableDataIds": {
      "statline_494": "",
      "statline_495": "",
      "statline_7": "",
      "statline_305": ""
    }
  },
  {
    "Id": "a85d67c8-1b18-48e4-ad8d-54ad3ee158aa",
    "Name": "Chassis",
    "Type": "Profile",
    "BaseId": "2",
    "DisplayableDataIds": {
      "statline_496": "",
      "statline_497": "",
      "statline_7": "",
      "statline_498": ""
    }
  },
  {
    "Id": "76ac3b8d-7e78-4d71-a10e-5b7272b099c4",
    "Name": "Giant Eagle",
    "Type": "Profile",
    "BaseId": "6",
    "DisplayableDataIds": {
      "statline_499": "",
      "statline_500": "",
      "statline_501": ""
    }
  },
  {
    "Id": "844ff820-3d7d-461f-931f-224775311de8",
    "Name": "Chassis",
    "Type": "Profile",
    "BaseId": "2",
    "DisplayableDataIds": {
      "statline_502": "",
      "statline_503": "",
      "statline_7": "",
      "statline_501": ""
    }
  },
  {
    "Id": "54c42da4-33d1-419a-bd86-a9ca827c234e",
    "Name": "Griffon",
    "Type": "Profile",
    "BaseId": "6",
    "DisplayableDataIds": {
      "statline_504": "",
      "statline_505": "",
      "statline_506": ""
    }
  },
  {
    "Id": "cd0813bc-848a-4fba-8de1-55a584e0fe01",
    "Name": "Regal Dragon",
    "Type": "Profile",
    "BaseId": "2",
    "DisplayableDataIds": {
      "statline_507": "",
      "statline_508": "",
      "statline_509": ""
    }
  },
  {
    "Id": "b618a70f-169a-4641-853b-36454d0b11ef",
    "Name": "Ancient Dragon",
    "Type": "Profile",
    "BaseId": "14",
    "DisplayableDataIds": {
      "statline_510": "",
      "statline_511": "",
      "statline_512": ""
    }
  },
  {
    "Id": "68357f4a790d8280c4b21289",
    "Name": "Commander",
    "Type": "Profile",
    "BaseId": "5",
    "DisplayableDataIds": {
      "statline_513": "",
      "statline_514": "",
      "statline_515": ""
    }
  },
  {
    "Id": "a1ed4ac5-a26f-411c-b8fe-0d16fcbfef69",
    "Name": "Elven Horse",
    "Type": "Profile",
    "BaseId": "4",
    "DisplayableDataIds": {
      "statline_223": "",
      "statline_224": "",
      "statline_204": ""
    }
  },
  {
    "Id": "b2c9b0c6-08eb-4835-b5a4-0b7ac2529ae6",
    "Name": "Chassis",
    "Type": "Profile",
    "BaseId": "2",
    "DisplayableDataIds": {
      "statline_516": "",
      "statline_517": "",
      "statline_7": "",
      "statline_305": ""
    }
  },
  {
    "Id": "2a55c5f6-3589-48ec-b715-2760a3850f1e",
    "Name": "Giant Eagle",
    "Type": "Profile",
    "BaseId": "6",
    "DisplayableDataIds": {
      "statline_518": "",
      "statline_519": "",
      "statline_501": ""
    }
  },
  {
    "Id": "f4edb822-0595-496c-b253-f1107ef0521d",
    "Name": "Chassis",
    "Type": "Profile",
    "BaseId": "2",
    "DisplayableDataIds": {
      "statline_520": "",
      "statline_521": "",
      "statline_7": "",
      "statline_498": ""
    }
  },
  {
    "Id": "a2f7f09e-516d-492a-ae07-7e610ab0bf2c",
    "Name": "Griffon",
    "Type": "Profile",
    "BaseId": "6",
    "DisplayableDataIds": {
      "statline_522": "",
      "statline_523": "",
      "statline_506": ""
    }
  },
  {
    "Id": "adfb0f3e-4318-42e2-bbf5-54f074c1a649",
    "Name": "Chassis",
    "Type": "Profile",
    "BaseId": "2",
    "DisplayableDataIds": {
      "statline_524": "",
      "statline_525": "",
      "statline_7": "",
      "statline_501": ""
    }
  },
  {
    "Id": "f86f3eb8-b005-423f-a5a1-0d727d8b0332",
    "Name": "Regal Dragon",
    "Type": "Profile",
    "BaseId": "2",
    "DisplayableDataIds": {
      "statline_526": "",
      "statline_508": "",
      "statline_509": ""
    }
  },
  {
    "Id": "68357f4b790d8280c4b216be",
    "Name": "Mage",
    "Type": "Profile",
    "BaseId": "5",
    "DisplayableDataIds": {
      "statline_527": "",
      "statline_528": "",
      "statline_529": ""
    }
  },
  {
    "Id": "95c12717-d368-4aa3-bb50-98d3cc9ffcc9",
    "Name": "Elven Horse",
    "Type": "Profile",
    "BaseId": "4",
    "DisplayableDataIds": {
      "statline_530": "",
      "statline_243": "",
      "statline_204": ""
    }
  },
  {
    "Id": "d024f581-75cb-4c97-9e80-379623c5668f",
    "Name": "Chassis",
    "Type": "Profile",
    "BaseId": "2",
    "DisplayableDataIds": {
      "statline_531": "",
      "statline_532": "",
      "statline_7": "",
      "statline_305": ""
    }
  },
  {
    "Id": "969da8a1-33fc-494c-80f1-75e1d34df37a",
    "Name": "Giant Eagle",
    "Type": "Profile",
    "BaseId": "6",
    "DisplayableDataIds": {
      "statline_533": "",
      "statline_534": "",
      "statline_501": ""
    }
  },
  {
    "Id": "70cf7405-b06e-4783-a7b3-33950ebe21f3",
    "Name": "Griffon",
    "Type": "Profile",
    "BaseId": "6",
    "DisplayableDataIds": {
      "statline_535": "",
      "statline_536": "",
      "statline_506": ""
    }
  },
  {
    "Id": "6eb64a30-c45a-4960-add7-a72d7b592ca7",
    "Name": "Regal Dragon",
    "Type": "Profile",
    "BaseId": "2",
    "DisplayableDataIds": {
      "statline_537": "",
      "statline_508": "",
      "statline_509": ""
    }
  },
  {
    "Id": "d7d9f1b6a8c2d3a9f4e5b7a6d",
    "Name": "Master Acadnath, the Asfad Scholar",
    "Type": "Profile",
    "BaseId": "5",
    "DisplayableDataIds": {
      "statline_538": "",
      "statline_539": "",
      "statline_540": ""
    }
  },
  {
    "Id": "e7d9f1b6a8c2d3a9f4e5b7a6e",
    "Name": "Tenacla and Baluruth",
    "Type": "Profile",
    "BaseId": "14",
    "DisplayableDataIds": {
      "statline_541": "",
      "statline_542": "",
      "statline_543": "",
      "statline_544": ""
    }
  },
  {
    "Id": "68357f4b790d8280c4b218a3",
    "Name": "Citizen Spears",
    "Type": "Profile",
    "BaseId": "5",
    "DisplayableDataIds": {
      "statline_545": "",
      "statline_546": "",
      "statline_547": ""
    }
  },
  {
    "Id": "68357f4c790d8280c4b218d3",
    "Name": "Highborn Lancers",
    "Type": "Profile",
    "BaseId": "4",
    "DisplayableDataIds": {
      "statline_548": "",
      "statline_549": "",
      "statline_550": "",
      "statline_204": ""
    }
  },
  {
    "Id": "68357f4c790d8280c4b21903",
    "Name": "Citizen Archers",
    "Type": "Profile",
    "BaseId": "5",
    "DisplayableDataIds": {
      "statline_551": "",
      "statline_552": "",
      "statline_553": ""
    }
  },
  {
    "Id": "68357f4c790d8280c4b21933",
    "Name": "Sea Guard",
    "Type": "Profile",
    "BaseId": "5",
    "DisplayableDataIds": {
      "statline_554": "",
      "statline_555": "",
      "statline_556": ""
    }
  },
  {
    "Id": "68357f4c790d8280c4b21963",
    "Name": "Erlein Reavers",
    "Type": "Profile",
    "BaseId": "4",
    "DisplayableDataIds": {
      "statline_557": "",
      "statline_558": "",
      "statline_559": "",
      "statline_204": ""
    }
  },
  {
    "Id": "68357f4c790d8280c4b21997",
    "Name": "Phoenix",
    "Type": "Profile",
    "BaseId": "2",
    "DisplayableDataIds": {
      "statline_560": "",
      "statline_561": "",
      "statline_562": ""
    }
  },
  {
    "Id": "68357f4c790d8280c4b21997f",
    "Name": "Phoenix",
    "Type": "Profile",
    "BaseId": "2",
    "DisplayableDataIds": {
      "statline_563": "",
      "statline_561": "",
      "statline_564": ""
    }
  },
  {
    "Id": "68357f4c790d8280c4b21997wb",
    "Name": "Phoenix",
    "Type": "Profile",
    "BaseId": "2",
    "DisplayableDataIds": {
      "statline_565": "",
      "statline_561": "",
      "statline_562": "",
      "statline_566": ""
    }
  },
  {
    "Id": "68357f4c790d8280c4b21997fwb",
    "Name": "Phoenix",
    "Type": "Profile",
    "BaseId": "2",
    "DisplayableDataIds": {
      "statline_567": "",
      "statline_561": "",
      "statline_564": "",
      "statline_566": ""
    }
  },
  {
    "Id": "68357f4d790d8280c4b219ab",
    "Name": "Sword Masters",
    "Type": "Profile",
    "BaseId": "5",
    "DisplayableDataIds": {
      "statline_568": "",
      "statline_569": "",
      "statline_570": ""
    }
  },
  {
    "Id": "68357f4d790d8280c4b219db",
    "Name": "Lion Guard",
    "Type": "Profile",
    "BaseId": "5",
    "DisplayableDataIds": {
      "statline_571": "",
      "statline_572": "",
      "statline_573": ""
    }
  },
  {
    "Id": "68357f4d790d8280c4b21a0b",
    "Name": "Flame Wardens",
    "Type": "Profile",
    "BaseId": "5",
    "DisplayableDataIds": {
      "statline_574": "",
      "statline_575": "",
      "statline_576": ""
    }
  },
  {
    "Id": "68357f4d790d8280c4b21a3b",
    "Name": "Knights of Rymâ",
    "Type": "Profile",
    "BaseId": "4",
    "DisplayableDataIds": {
      "statline_577": "",
      "statline_578": "",
      "statline_579": "",
      "statline_204": ""
    }
  },
  {
    "Id": "68357f4e790d8280c4b21a6b",
    "Name": "Reaver Chariots",
    "Type": "Profile",
    "BaseId": "2",
    "DisplayableDataIds": {
      "statline_580": "",
      "statline_581": "",
      "statline_582": "",
      "statline_305": "",
      "statline_7": ""
    }
  },
  {
    "Id": "68357f4e790d8280c4b21a81",
    "Name": "Lion Chariot",
    "Type": "Profile",
    "BaseId": "2",
    "DisplayableDataIds": {
      "statline_583": "",
      "statline_584": "",
      "statline_585": "",
      "statline_498": "",
      "statline_7": ""
    }
  },
  {
    "Id": "68357f4e790d8280c4b21a84",
    "Name": "Giant Eagles",
    "Type": "Profile",
    "BaseId": "6",
    "DisplayableDataIds": {
      "statline_586": "",
      "statline_587": "",
      "statline_501": ""
    }
  },
  {
    "Id": "68357f4e790d8280c4b21a8e",
    "Name": "Sea Guard Reaper",
    "Type": "Profile",
    "BaseId": "11",
    "DisplayableDataIds": {
      "statline_588": "",
      "statline_589": "",
      "statline_590": ""
    }
  },
  {
    "Id": "68357f4e790d8280c4b21a8f",
    "Name": "Initiate of the Fiery Heart",
    "Type": "Profile",
    "BaseId": "2",
    "DisplayableDataIds": {
      "statline_591": "",
      "statline_592": "",
      "statline_593": "",
      "statline_594": ""
    }
  },
  {
    "Id": "68357f4e790d8280c4b21a91",
    "Name": "Sky Sloop",
    "Type": "Profile",
    "BaseId": "2",
    "DisplayableDataIds": {
      "statline_595": "",
      "statline_596": "",
      "statline_597": "",
      "statline_501": "",
      "statline_598": ""
    }
  },
  {
    "Id": "68357f4f790d8280c4b21a94",
    "Name": "Queen's Guard",
    "Type": "Profile",
    "BaseId": "5",
    "DisplayableDataIds": {
      "statline_599": "",
      "statline_600": "",
      "statline_601": ""
    }
  },
  {
    "Id": "68357f4f790d8280c4b21ac7",
    "Name": "Grey Watchers",
    "Type": "Profile",
    "BaseId": "5",
    "DisplayableDataIds": {
      "statline_602": "",
      "statline_603": "",
      "statline_604": ""
    }
  }
]