[
  {
    "Id": "statline_491",
    "Name": "High Prince",
    "Type": "Statline",
    "Attributes": {
      "Ad": "5",
      "Ma": "5",
      "Di": "10",
      "Hgt": "1"
    },
    "DisplayableDataIds": {
      "rule_3": "",
      "rule_4": ""
    }
  },
  {
    "Id": "statline_492",
    "Name": "High Prince",
    "Type": "Statline",
    "Attributes": {
      "HP": "3",
      "Df": "8",
      "Re": "3",
      "Arm": "2"
    }
  },
  {
    "Id": "statline_493",
    "Name": "High Prince",
    "Type": "Statline",
    "Attributes": {
      "At": "4",
      "Of": "8",
      "St": "4",
      "AP": "1",
      "Ag": "8"
    }
  },
  {
    "Id": "statline_494",
    "Name": "Chassis",
    "Type": "Statline",
    "Attributes": {
      "Ad": "9",
      "Ma": "7",
      "Di": "10",
      "Hgt": "4"
    },
    "DisplayableDataIds": {
      "rule_3": "",
      "rule_4": "",
      "rule_5": "",
      "rule_133": "",
      "rule_6": "(Reaver Chariots)"
    }
  },
  {
    "Id": "statline_495",
    "Name": "Chassis",
    "Type": "Statline",
    "Attributes": {
      "HP": "3",
      "Df": "8",
      "Re": "4",
      "Arm": "4"
    }
  },
  {
    "Id": "statline_496",
    "Name": "Chassis",
    "Type": "Statline",
    "Attributes": {
      "Ad": "8",
      "Ma": "4",
      "Di": "10",
      "Hgt": "4"
    },
    "DisplayableDataIds": {
      "rule_3": "",
      "rule_5": "",
      "rule_4": "",
      "rule_11": ""
    }
  },
  {
    "Id": "statline_497",
    "Name": "Chassis",
    "Type": "Statline",
    "Attributes": {
      "HP": "4",
      "Df": "8",
      "Re": "4",
      "Arm": "4"
    }
  },
  {
    "Id": "statline_498",
    "Name": "Lion (2)",
    "Type": "Statline",
    "Attributes": {
      "At": "2",
      "Of": "5",
      "St": "5",
      "AP": "2",
      "Ag": "4"
    }
  },
  {
    "Id": "statline_499",
    "Name": "Giant Eagle",
    "Type": "Statline",
    "Attributes": {
      "Ad": "9",
      "Ma": "9",
      "Di": "10",
      "Hgt": "3"
    },
    "DisplayableDataIds": {
      "rule_3": "",
      "rule_44": "",
      "rule_4": "",
      "rule_5": ""
    }
  },
  {
    "Id": "statline_500",
    "Name": "Giant Eagle",
    "Type": "Statline",
    "Attributes": {
      "HP": "4",
      "Df": "8",
      "Re": "4",
      "Arm": "3"
    },
    "DisplayableDataIds": {
      "rule_29": "(1)"
    }
  },
  {
    "Id": "statline_501",
    "Name": "Giant Eagle",
    "Type": "Statline",
    "Attributes": {
      "At": "3",
      "Of": "5",
      "St": "5",
      "AP": "1",
      "Ag": "4"
    }
  },
  {
    "Id": "statline_502",
    "Name": "Chassis",
    "Type": "Statline",
    "Attributes": {
      "Ad": "9",
      "Ma": "5",
      "Di": "10",
      "Hgt": "4"
    },
    "DisplayableDataIds": {
      "rule_3": "",
      "rule_44": "",
      "rule_4": "",
      "rule_5": "",
      "rule_11": ""
    }
  },
  {
    "Id": "statline_503",
    "Name": "Chassis",
    "Type": "Statline",
    "Attributes": {
      "HP": "4",
      "Df": "8",
      "Re": "4",
      "Arm": "3"
    },
    "DisplayableDataIds": {
      "rule_29": "(1)"
    }
  },
  {
    "Id": "statline_504",
    "Name": "Griffon",
    "Type": "Statline",
    "Attributes": {
      "Ad": "8",
      "Ma": "8",
      "Di": "10",
      "Hgt": "4"
    },
    "DisplayableDataIds": {
      "rule_3": "",
      "rule_44": "",
      "rule_4": "",
      "rule_275": "(1)",
      "rule_11": "",
      "rule_5": ""
    }
  },
  {
    "Id": "statline_505",
    "Name": "Griffon",
    "Type": "Statline",
    "Attributes": {
      "HP": "5",
      "Df": "8",
      "Re": "5",
      "Arm": "4"
    }
  },
  {
    "Id": "statline_506",
    "Name": "Griffon",
    "Type": "Statline",
    "Attributes": {
      "At": "4",
      "Of": "5",
      "St": "5",
      "AP": "3",
      "Ag": "5"
    },
    "DisplayableDataIds": {
      "rule_180": "(+1 Att, Hatred)",
      "rule_46": "(1)"
    }
  },
  {
    "Id": "statline_507",
    "Name": "Regal Dragon",
    "Type": "Statline",
    "Attributes": {
      "Ad": "7",
      "Ma": "7",
      "Di": "10",
      "Hgt": "5"
    },
    "DisplayableDataIds": {
      "rule_3": "",
      "rule_44": "",
      "rule_275": "(2)",
      "rule_276": "",
      "rule_45": "",
      "rule_11": "",
      "rule_5": "",
      "rule_4": ""
    }
  },
  {
    "Id": "statline_508",
    "Name": "Regal Dragon",
    "Type": "Statline",
    "Attributes": {
      "HP": "7",
      "Df": "5",
      "Re": "6",
      "Arm": "4"
    }
  },
  {
    "Id": "statline_509",
    "Name": "Regal Dragon",
    "Type": "Statline",
    "Attributes": {
      "At": "6",
      "Of": "5",
      "St": "6",
      "AP": "3",
      "Ag": "3"
    },
    "DisplayableDataIds": {
      "rule_56": "(Str 4, AP 1, Flaming Attacks)",
      "rule_46": "(D6)"
    }
  },
  {
    "Id": "statline_510",
    "Name": "Ancient Dragon",
    "Type": "Statline",
    "Attributes": {
      "Ad": "7",
      "Ma": "7",
      "Di": "10",
      "Hgt": "5"
    },
    "DisplayableDataIds": {
      "rule_3": "",
      "rule_44": "",
      "rule_275": "(2)",
      "rule_276": "",
      "rule_45": "",
      "rule_11": "",
      "rule_5": "",
      "rule_4": ""
    }
  },
  {
    "Id": "statline_511",
    "Name": "Ancient Dragon",
    "Type": "Statline",
    "Attributes": {
      "HP": "8",
      "Df": "6",
      "Re": "6",
      "Arm": "4"
    }
  },
  {
    "Id": "statline_512",
    "Name": "Ancient Dragon",
    "Type": "Statline",
    "Attributes": {
      "At": "6",
      "Of": "6",
      "St": "7",
      "AP": "4",
      "Ag": "3"
    },
    "DisplayableDataIds": {
      "rule_56": "(Str 4, AP 1, Flaming Attacks)",
      "rule_46": "(D6)"
    }
  },
  {
    "Id": "statline_513",
    "Name": "Commander",
    "Type": "Statline",
    "Attributes": {
      "Ad": "5",
      "Ma": "5",
      "Di": "9",
      "Hgt": "1"
    },
    "DisplayableDataIds": {
      "rule_3": "",
      "rule_17": "",
      "rule_18": "",
      "rule_4": ""
    }
  },
  {
    "Id": "statline_514",
    "Name": "Commander",
    "Type": "Statline",
    "Attributes": {
      "HP": "3",
      "Df": "7",
      "Re": "3",
      "Arm": "2"
    }
  },
  {
    "Id": "statline_515",
    "Name": "Commander",
    "Type": "Statline",
    "Attributes": {
      "At": "3",
      "Of": "7",
      "St": "4",
      "AP": "1",
      "Ag": "7"
    }
  },
  {
    "Id": "statline_516",
    "Name": "Chassis",
    "Type": "Statline",
    "Attributes": {
      "Ad": "9",
      "Ma": "7",
      "Di": "9",
      "Hgt": "4"
    },
    "DisplayableDataIds": {
      "rule_3": "",
      "rule_4": "",
      "rule_5": "",
      "rule_133": "",
      "rule_6": "(Reaver Chariots)",
      "rule_17": "",
      "rule_18": ""
    }
  },
  {
    "Id": "statline_517",
    "Name": "Chassis",
    "Type": "Statline",
    "Attributes": {
      "HP": "3",
      "Df": "7",
      "Re": "4",
      "Arm": "4"
    }
  },
  {
    "Id": "statline_518",
    "Name": "Giant Eagle",
    "Type": "Statline",
    "Attributes": {
      "Ad": "9",
      "Ma": "9",
      "Di": "9",
      "Hgt": "3"
    },
    "DisplayableDataIds": {
      "rule_3": "",
      "rule_44": "",
      "rule_4": "",
      "rule_5": "",
      "rule_17": "",
      "rule_18": ""
    }
  },
  {
    "Id": "statline_519",
    "Name": "Giant Eagle",
    "Type": "Statline",
    "Attributes": {
      "HP": "4",
      "Df": "7",
      "Re": "4",
      "Arm": "3"
    },
    "DisplayableDataIds": {
      "rule_29": "(1)"
    }
  },
  {
    "Id": "statline_520",
    "Name": "Chassis",
    "Type": "Statline",
    "Attributes": {
      "Ad": "8",
      "Ma": "4",
      "Di": "9",
      "Hgt": "4"
    },
    "DisplayableDataIds": {
      "rule_3": "",
      "rule_5": "",
      "rule_4": "",
      "rule_11": "",
      "rule_17": "",
      "rule_18": ""
    }
  },
  {
    "Id": "statline_521",
    "Name": "Chassis",
    "Type": "Statline",
    "Attributes": {
      "HP": "4",
      "Df": "7",
      "Re": "4",
      "Arm": "4"
    }
  },
  {
    "Id": "statline_522",
    "Name": "Griffon",
    "Type": "Statline",
    "Attributes": {
      "Ad": "8",
      "Ma": "8",
      "Di": "9",
      "Hgt": "4"
    },
    "DisplayableDataIds": {
      "rule_3": "",
      "rule_44": "",
      "rule_4": "",
      "rule_275": "(1)",
      "rule_11": "",
      "rule_5": "",
      "rule_17": "",
      "rule_18": ""
    }
  },
  {
    "Id": "statline_523",
    "Name": "Griffon",
    "Type": "Statline",
    "Attributes": {
      "HP": "5",
      "Df": "7",
      "Re": "5",
      "Arm": "4"
    }
  },
  {
    "Id": "statline_524",
    "Name": "Chassis",
    "Type": "Statline",
    "Attributes": {
      "Ad": "9",
      "Ma": "5",
      "Di": "9",
      "Hgt": "4"
    },
    "DisplayableDataIds": {
      "rule_3": "",
      "rule_44": "",
      "rule_4": "",
      "rule_5": "",
      "rule_11": "",
      "rule_17": "",
      "rule_18": ""
    }
  },
  {
    "Id": "statline_525",
    "Name": "Chassis",
    "Type": "Statline",
    "Attributes": {
      "HP": "4",
      "Df": "7",
      "Re": "4",
      "Arm": "3"
    },
    "DisplayableDataIds": {
      "rule_29": "(1)"
    }
  },
  {
    "Id": "statline_526",
    "Name": "Regal Dragon",
    "Type": "Statline",
    "Attributes": {
      "Ad": "7",
      "Ma": "7",
      "Di": "9",
      "Hgt": "5"
    },
    "DisplayableDataIds": {
      "rule_3": "",
      "rule_44": "",
      "rule_275": "(2)",
      "rule_276": "",
      "rule_45": "",
      "rule_11": "",
      "rule_5": "",
      "rule_17": "",
      "rule_18": "",
      "rule_4": ""
    }
  },
  {
    "Id": "statline_527",
    "Name": "Mage",
    "Type": "Statline",
    "Attributes": {
      "Ad": "5",
      "Ma": "5",
      "Di": "9",
      "Hgt": "1"
    },
    "DisplayableDataIds": {
      "rule_3": "",
      "rule_277": "",
      "rule_4": "",
      "rule_20": ""
    }
  },
  {
    "Id": "statline_528",
    "Name": "Mage",
    "Type": "Statline",
    "Attributes": {
      "HP": "3",
      "Df": "5",
      "Re": "3",
      "Arm": "0"
    }
  },
  {
    "Id": "statline_529",
    "Name": "Mage",
    "Type": "Statline",
    "Attributes": {
      "At": "1",
      "Of": "5",
      "St": "3",
      "AP": "0",
      "Ag": "5"
    }
  },
  {
    "Id": "statline_530",
    "Name": "Elven Horse",
    "Type": "Statline",
    "Attributes": {
      "Ad": "9",
      "Ma": "9",
      "Di": "9",
      "Hgt": "2"
    },
    "DisplayableDataIds": {
      "rule_3": "",
      "rule_277": "",
      "rule_5": "",
      "rule_4": "",
      "rule_20": ""
    }
  },
  {
    "Id": "statline_531",
    "Name": "Chassis",
    "Type": "Statline",
    "Attributes": {
      "Ad": "9",
      "Ma": "7",
      "Di": "9",
      "Hgt": "4"
    },
    "DisplayableDataIds": {
      "rule_3": "",
      "rule_277": "",
      "rule_4": "",
      "rule_5": "",
      "rule_133": "",
      "rule_6": "(Reaver Chariots)",
      "rule_20": ""
    }
  },
  {
    "Id": "statline_532",
    "Name": "Chassis",
    "Type": "Statline",
    "Attributes": {
      "HP": "3",
      "Df": "5",
      "Re": "4",
      "Arm": "2"
    }
  },
  {
    "Id": "statline_533",
    "Name": "Giant Eagle",
    "Type": "Statline",
    "Attributes": {
      "Ad": "9",
      "Ma": "9",
      "Di": "9",
      "Hgt": "3"
    },
    "DisplayableDataIds": {
      "rule_3": "",
      "rule_277": "",
      "rule_44": "",
      "rule_4": "",
      "rule_5": "",
      "rule_20": ""
    }
  },
  {
    "Id": "statline_534",
    "Name": "Giant Eagle",
    "Type": "Statline",
    "Attributes": {
      "HP": "4",
      "Df": "5",
      "Re": "4",
      "Arm": "1"
    },
    "DisplayableDataIds": {
      "rule_29": "(1)"
    }
  },
  {
    "Id": "statline_535",
    "Name": "Griffon",
    "Type": "Statline",
    "Attributes": {
      "Ad": "8",
      "Ma": "8",
      "Di": "9",
      "Hgt": "4"
    },
    "DisplayableDataIds": {
      "rule_3": "",
      "rule_277": "",
      "rule_44": "",
      "rule_4": "",
      "rule_275": "(1)",
      "rule_11": "",
      "rule_5": "",
      "rule_20": ""
    }
  },
  {
    "Id": "statline_536",
    "Name": "Griffon",
    "Type": "Statline",
    "Attributes": {
      "HP": "5",
      "Df": "5",
      "Re": "5",
      "Arm": "4"
    }
  },
  {
    "Id": "statline_537",
    "Name": "Regal Dragon",
    "Type": "Statline",
    "Attributes": {
      "Ad": "7",
      "Ma": "7",
      "Di": "9",
      "Hgt": "5"
    },
    "DisplayableDataIds": {
      "rule_3": "",
      "rule_277": "",
      "rule_44": "",
      "rule_275": "(2)",
      "rule_276": "",
      "rule_45": "",
      "rule_11": "",
      "rule_5": "",
      "rule_4": "",
      "rule_20": ""
    }
  },
  {
    "Id": "statline_538",
    "Name": "Master Acadnath, the Asfad Scholar",
    "Type": "Statline",
    "Attributes": {
      "Ad": "5",
      "Ma": "5",
      "Di": "9",
      "Hgt": "1"
    },
    "DisplayableDataIds": {
      "rule_292": "",
      "rule_821": "",
      "rule_293": "",
      "rule_3": "",
      "rule_277": "",
      "rule_294": "",
      "rule_147": ""
    }
  },
  {
    "Id": "statline_539",
    "Name": "Master Acadnath",
    "Type": "Statline",
    "Attributes": {
      "HP": "3",
      "Df": "5",
      "Re": "3",
      "Arm": "0"
    }
  },
  {
    "Id": "statline_540",
    "Name": "Master Acadnath",
    "Type": "Statline",
    "Attributes": {
      "At": "1",
      "Of": "5",
      "St": "3",
      "AP": "0",
      "Ag": "5"
    }
  },
  {
    "Id": "statline_541",
    "Name": "Tênacla and Balûruth",
    "Type": "Statline",
    "Attributes": {
      "Ad": "7",
      "Ma": "7",
      "Di": "10",
      "Hgt": "5"
    },
    "DisplayableDataIds": {
      "rule_275": "(1)",
      "rule_3": "",
      "rule_44": "",
      "rule_276": "",
      "rule_815": "",
      "rule_295": "",
      "rule_11": "",
      "rule_5": "",
      "rule_45": ""
    }
  },
  {
    "Id": "statline_542",
    "Name": "Tênacla and Balûruth",
    "Type": "Statline",
    "Attributes": {
      "HP": "8",
      "Df": "6",
      "Re": "6",
      "Arm": "4"
    }
  },
  {
    "Id": "statline_543",
    "Name": "Tênacla",
    "Type": "Statline",
    "Attributes": {
      "At": "4",
      "Of": "8",
      "St": "4",
      "AP": "1",
      "Ag": "8"
    },
    "DisplayableDataIds": {
      "rule_297": ""
    }
  },
  {
    "Id": "statline_544",
    "Name": "Balûruth",
    "Type": "Statline",
    "Attributes": {
      "At": "6",
      "Of": "6",
      "St": "7",
      "AP": "1",
      "Ag": "3"
    },
    "DisplayableDataIds": {
      "rule_56": "(Str4, AP1, Flaming Attacks)",
      "rule_296": "",
      "rule_46": "(D6 hits)"
    }
  },
  {
    "Id": "statline_545",
    "Name": "Citizen Spears",
    "Type": "Statline",
    "Attributes": {
      "Ad": "5",
      "Ma": "5",
      "Di": "8",
      "Hgt": "1"
    },
    "DisplayableDataIds": {
      "rule_3": ""
    }
  },
  {
    "Id": "statline_546",
    "Name": "Citizen Spears",
    "Type": "Statline",
    "Attributes": {
      "HP": "1",
      "Df": "5",
      "Re": "3",
      "Arm": "1"
    },
    "DisplayableDataIds": {
      "rule_27": ""
    }
  },
  {
    "Id": "statline_547",
    "Name": "Citizen Spear",
    "Type": "Statline",
    "Attributes": {
      "At": "1",
      "Of": "5",
      "St": "3",
      "AP": "0",
      "Ag": "5"
    },
    "DisplayableDataIds": {
      "rule_118": "",
      "rule_116": ""
    }
  },
  {
    "Id": "statline_548",
    "Name": "Highborn Lancers",
    "Type": "Statline",
    "Attributes": {
      "Ad": "9",
      "Ma": "9",
      "Di": "8",
      "Hgt": "2"
    },
    "DisplayableDataIds": {
      "rule_3": "",
      "rule_5": ""
    }
  },
  {
    "Id": "statline_549",
    "Name": "Highborn Lancers",
    "Type": "Statline",
    "Attributes": {
      "HP": "1",
      "Df": "5",
      "Re": "3",
      "Arm": "4"
    },
    "DisplayableDataIds": {
      "rule_27": ""
    }
  },
  {
    "Id": "statline_550",
    "Name": "Highborn Lancer",
    "Type": "Statline",
    "Attributes": {
      "At": "1",
      "Of": "5",
      "St": "3",
      "AP": "0",
      "Ag": "5"
    },
    "DisplayableDataIds": {
      "rule_278": ""
    }
  },
  {
    "Id": "statline_551",
    "Name": "Citizen Archers",
    "Type": "Statline",
    "Attributes": {
      "Ad": "5",
      "Ma": "5",
      "Di": "8",
      "Hgt": "1"
    },
    "DisplayableDataIds": {
      "rule_3": ""
    }
  },
  {
    "Id": "statline_552",
    "Name": "Citizen Archers",
    "Type": "Statline",
    "Attributes": {
      "HP": "1",
      "Df": "5",
      "Re": "3",
      "Arm": "1"
    }
  },
  {
    "Id": "statline_553",
    "Name": "Citizen Archer",
    "Type": "Statline",
    "Attributes": {
      "At": "1",
      "Of": "5",
      "St": "3",
      "AP": "0",
      "Ag": "5"
    },
    "DisplayableDataIds": {
      "rule_279": "(3+)"
    }
  },
  {
    "Id": "statline_554",
    "Name": "Sea Guard",
    "Type": "Statline",
    "Attributes": {
      "Ad": "5",
      "Ma": "5",
      "Di": "8",
      "Hgt": "1"
    },
    "DisplayableDataIds": {
      "rule_3": "",
      "rule_2": "(Water)"
    }
  },
  {
    "Id": "statline_555",
    "Name": "Sea Guard",
    "Type": "Statline",
    "Attributes": {
      "HP": "1",
      "Df": "5",
      "Re": "3",
      "Arm": "1"
    },
    "DisplayableDataIds": {
      "rule_27": ""
    }
  },
  {
    "Id": "statline_556",
    "Name": "Sea Guard",
    "Type": "Statline",
    "Attributes": {
      "At": "1",
      "Of": "5",
      "St": "3",
      "AP": "0",
      "Ag": "5"
    },
    "DisplayableDataIds": {
      "rule_152": "",
      "rule_236": "(1)",
      "rule_116": "",
      "rule_31": "(3+)"
    }
  },
  {
    "Id": "statline_557",
    "Name": "Erlein Reavers",
    "Type": "Statline",
    "Attributes": {
      "Ad": "9",
      "Ma": "9",
      "Di": "8",
      "Hgt": "2"
    },
    "DisplayableDataIds": {
      "rule_3": "",
      "rule_133": "",
      "rule_4": "",
      "rule_35": "",
      "rule_5": ""
    }
  },
  {
    "Id": "statline_558",
    "Name": "Erlein Reavers",
    "Type": "Statline",
    "Attributes": {
      "HP": "1",
      "Df": "5",
      "Re": "3",
      "Arm": "2"
    }
  },
  {
    "Id": "statline_559",
    "Name": "Erlein Reaver",
    "Type": "Statline",
    "Attributes": {
      "At": "1",
      "Of": "5",
      "St": "3",
      "AP": "0",
      "Ag": "5"
    },
    "DisplayableDataIds": {
      "rule_38": ""
    }
  },
  {
    "Id": "statline_560",
    "Name": "Phoenix",
    "Type": "Statline",
    "Attributes": {
      "Ad": "8",
      "Ma": "8",
      "Di": "8",
      "Hgt": "5"
    },
    "DisplayableDataIds": {
      "rule_44": "",
      "rule_4": "",
      "rule_282": "",
      "rule_275": "(1)",
      "rule_11": "",
      "rule_5": "",
      "rule_45": "",
      "rule_280": "",
      "rule_21": "",
      "rule_132": "",
      "rule_188": "(-2 Def, -2 Off, and -2 Agi)"
    }
  },
  {
    "Id": "statline_561",
    "Name": "Phoenix",
    "Type": "Statline",
    "Attributes": {
      "HP": "5",
      "Df": "5",
      "Re": "5",
      "Arm": "0"
    },
    "DisplayableDataIds": {
      "rule_51": "(4+)",
      "rule_142": "(Flaming Attacks)"
    }
  },
  {
    "Id": "statline_562",
    "Name": "Phoenix",
    "Type": "Statline",
    "Attributes": {
      "At": "4",
      "Of": "5",
      "St": "5",
      "AP": "2",
      "Ag": "4"
    },
    "DisplayableDataIds": {
      "rule_46": "(D6)",
      "rule_134": ""
    }
  },
  {
    "Id": "statline_563",
    "Name": "Phoenix",
    "Type": "Statline",
    "Attributes": {
      "Ad": "8",
      "Ma": "8",
      "Di": "8",
      "Hgt": "5"
    },
    "DisplayableDataIds": {
      "rule_44": "",
      "rule_4": "",
      "rule_282": "",
      "rule_275": "(1)",
      "rule_11": "",
      "rule_5": "",
      "rule_45": "",
      "rule_280": ""
    }
  },
  {
    "Id": "statline_564",
    "Name": "Phoenix",
    "Type": "Statline",
    "Attributes": {
      "At": "4",
      "Of": "5",
      "St": "5",
      "AP": "2",
      "Ag": "4"
    },
    "DisplayableDataIds": {
      "rule_46": "(D6)",
      "rule_288": "",
      "rule_149": "(D6 hits Str 4, AP 1, Flaming Attacks, Unmodifiable)",
      "rule_191": "(XD3 + 1 hits, Str4, AP 1, Flaming Attacks)"
    }
  },
  {
    "Id": "statline_565",
    "Name": "Phoenix",
    "Type": "Statline",
    "Attributes": {
      "Ad": "8",
      "Ma": "8",
      "Di": "9",
      "Hgt": "5"
    },
    "DisplayableDataIds": {
      "rule_44": "",
      "rule_4": "",
      "rule_282": "",
      "rule_275": "(1)",
      "rule_11": "",
      "rule_5": "",
      "rule_45": "",
      "rule_280": "",
      "rule_21": "",
      "rule_132": "",
      "rule_3": "",
      "rule_188": "(-2 Def, -2 Off, and -2 Agi)",
      "rule_812": ""
    }
  },
  {
    "Id": "statline_566",
    "Name": "Warden",
    "Type": "Statline",
    "Attributes": {
      "At": "1",
      "Of": "6",
      "St": "4",
      "AP": "1",
      "Ag": "6"
    },
    "DisplayableDataIds": {
      "rule_37": ""
    }
  },
  {
    "Id": "statline_567",
    "Name": "Phoenix",
    "Type": "Statline",
    "Attributes": {
      "Ad": "8",
      "Ma": "8",
      "Di": "9",
      "Hgt": "5"
    },
    "DisplayableDataIds": {
      "rule_44": "",
      "rule_4": "",
      "rule_282": "",
      "rule_275": "(1)",
      "rule_11": "",
      "rule_5": "",
      "rule_45": "",
      "rule_280": "",
      "rule_3": "",
      "rule_812": ""
    }
  },
  {
    "Id": "statline_568",
    "Name": "Sword Masters",
    "Type": "Statline",
    "Attributes": {
      "Ad": "5",
      "Ma": "5",
      "Di": "8",
      "Hgt": "1"
    },
    "DisplayableDataIds": {
      "rule_3": ""
    }
  },
  {
    "Id": "statline_569",
    "Name": "Sword Masters",
    "Type": "Statline",
    "Attributes": {
      "HP": "1",
      "Df": "6",
      "Re": "3",
      "Arm": "2"
    }
  },
  {
    "Id": "statline_570",
    "Name": "Sword Master",
    "Type": "Statline",
    "Attributes": {
      "At": "2",
      "Of": "6",
      "St": "3",
      "AP": "1",
      "Ag": "6",
      "Agi": "0"
    },
    "DisplayableDataIds": {
      "rule_193": "",
      "rule_283": "",
      "rule_180": "(+1 Def, +1 Off)",
      "rule_39": ""
    }
  },
  {
    "Id": "statline_571",
    "Name": "Lion Guard",
    "Type": "Statline",
    "Attributes": {
      "Ad": "5",
      "Ma": "5",
      "Di": "9",
      "Hgt": "1"
    },
    "DisplayableDataIds": {
      "rule_3": "",
      "rule_2": "(Forest)",
      "rule_284": "",
      "rule_36": "(General)"
    }
  },
  {
    "Id": "statline_572",
    "Name": "Lion Guard",
    "Type": "Statline",
    "Attributes": {
      "HP": "1",
      "Df": "6",
      "Re": "3",
      "Arm": "2"
    },
    "DisplayableDataIds": {
      "rule_285": ""
    }
  },
  {
    "Id": "statline_573",
    "Name": "Lion Guard",
    "Type": "Statline",
    "Attributes": {
      "At": "1",
      "Of": "6",
      "St": "4",
      "AP": "1",
      "Ag": "6",
      "Agi": "0"
    },
    "DisplayableDataIds": {
      "rule_146": "(2, towards Height 4--5)",
      "rule_193": "",
      "rule_39": ""
    }
  },
  {
    "Id": "statline_574",
    "Name": "Flame Wardens",
    "Type": "Statline",
    "Attributes": {
      "Ad": "5",
      "Ma": "5",
      "Di": "9",
      "Hgt": "1"
    },
    "DisplayableDataIds": {
      "rule_3": "",
      "rule_21": ""
    }
  },
  {
    "Id": "statline_575",
    "Name": "Flame Wardens",
    "Type": "Statline",
    "Attributes": {
      "HP": "1",
      "Df": "6",
      "Re": "3",
      "Arm": "2"
    },
    "DisplayableDataIds": {
      "rule_51": "(4+)"
    }
  },
  {
    "Id": "statline_576",
    "Name": "Flame Warden",
    "Type": "Statline",
    "Attributes": {
      "At": "1",
      "Of": "6",
      "St": "4",
      "AP": "1",
      "Ag": "6"
    },
    "DisplayableDataIds": {
      "rule_37": ""
    }
  },
  {
    "Id": "statline_577",
    "Name": "Knights of Rymâ",
    "Type": "Statline",
    "Attributes": {
      "Ad": "9",
      "Ma": "9",
      "Di": "9",
      "Hgt": "2"
    },
    "DisplayableDataIds": {
      "rule_3": "",
      "rule_5": ""
    }
  },
  {
    "Id": "statline_578",
    "Name": "Knights of Rymâ",
    "Type": "Statline",
    "Attributes": {
      "HP": "1",
      "Df": "6",
      "Re": "3",
      "Arm": "4"
    },
    "DisplayableDataIds": {
      "rule_286": "",
      "rule_27": ""
    }
  },
  {
    "Id": "statline_579",
    "Name": "Knight of Rymâ",
    "Type": "Statline",
    "Attributes": {
      "At": "1",
      "Of": "6",
      "St": "4",
      "AP": "1",
      "Ag": "6"
    },
    "DisplayableDataIds": {
      "rule_180": "(+1 Att, +1 Off)",
      "rule_278": ""
    }
  },
  {
    "Id": "statline_580",
    "Name": "Reaver Chariots",
    "Type": "Statline",
    "Attributes": {
      "Ad": "9",
      "Ma": "7",
      "Di": "8",
      "Hgt": "4"
    },
    "DisplayableDataIds": {
      "rule_4": "",
      "rule_3": "",
      "rule_5": "",
      "rule_133": ""
    }
  },
  {
    "Id": "statline_581",
    "Name": "Reaver Chariots",
    "Type": "Statline",
    "Attributes": {
      "HP": "3",
      "Df": "5",
      "Re": "4",
      "Arm": "2"
    }
  },
  {
    "Id": "statline_582",
    "Name": "Crew (2)",
    "Type": "Statline",
    "Attributes": {
      "At": "1",
      "Of": "5",
      "St": "3",
      "AP": "0",
      "Ag": "5"
    },
    "DisplayableDataIds": {
      "rule_38": "",
      "rule_279": "(3+)"
    }
  },
  {
    "Id": "statline_583",
    "Name": "Lion Chariot",
    "Type": "Statline",
    "Attributes": {
      "Ad": "8",
      "Ma": "4",
      "Di": "9",
      "Hgt": "4"
    },
    "DisplayableDataIds": {
      "rule_3": "",
      "rule_5": "",
      "rule_284": "",
      "rule_4": ""
    }
  },
  {
    "Id": "statline_584",
    "Name": "Lion Chariot",
    "Type": "Statline",
    "Attributes": {
      "HP": "4",
      "Df": "6",
      "Re": "4",
      "Arm": "4"
    }
  },
  {
    "Id": "statline_585",
    "Name": "Crew (2)",
    "Type": "Statline",
    "Attributes": {
      "At": "1",
      "Of": "6",
      "St": "4",
      "AP": "1",
      "Ag": "6",
      "Agi": "0"
    },
    "DisplayableDataIds": {
      "rule_146": "(2, towards Height 4--5)",
      "rule_193": "",
      "rule_39": ""
    }
  },
  {
    "Id": "statline_586",
    "Name": "Giant Eagles",
    "Type": "Statline",
    "Attributes": {
      "Ad": "9",
      "Ma": "9",
      "Di": "8",
      "Hgt": "3"
    },
    "DisplayableDataIds": {
      "rule_44": "",
      "rule_4": "",
      "rule_5": "",
      "rule_24": ""
    }
  },
  {
    "Id": "statline_587",
    "Name": "Giant Eagles",
    "Type": "Statline",
    "Attributes": {
      "HP": "4",
      "Df": "5",
      "Re": "4",
      "Arm": "2"
    },
    "DisplayableDataIds": {
      "rule_29": "(1)"
    }
  },
  {
    "Id": "statline_588",
    "Name": "Sea Guard Reaper",
    "Type": "Statline",
    "Attributes": {
      "Ad": "0",
      "Ma": "5",
      "Di": "8",
      "Hgt": "2"
    },
    "DisplayableDataIds": {
      "rule_3": "",
      "rule_196": "",
      "rule_2": "(Water)",
      "rule_11": ""
    }
  },
  {
    "Id": "statline_589",
    "Name": "Sea Guard Reaper",
    "Type": "Statline",
    "Attributes": {
      "HP": "4",
      "Df": "1",
      "Re": "4",
      "Arm": "1"
    }
  },
  {
    "Id": "statline_590",
    "Name": "Crew",
    "Type": "Statline",
    "Attributes": {
      "At": "2",
      "Of": "5",
      "St": "3",
      "AP": "0",
      "Ag": "5"
    },
    "DisplayableDataIds": {
      "rule_287": "(3+)"
    }
  },
  {
    "Id": "statline_591",
    "Name": "Initiate of the Fiery Heart",
    "Type": "Statline",
    "Attributes": {
      "Ad": "7",
      "Ma": "7",
      "Di": "9",
      "Hgt": "4"
    },
    "DisplayableDataIds": {
      "rule_44": "",
      "rule_275": "(1)",
      "rule_5": "",
      "rule_11": "",
      "rule_4": "",
      "rule_3": "",
      "rule_277": "",
      "rule_219": "(2)"
    }
  },
  {
    "Id": "statline_592",
    "Name": "Initiate of the Fiery Heart",
    "Type": "Statline",
    "Attributes": {
      "HP": "5",
      "Df": "5",
      "Re": "5",
      "Arm": "4"
    }
  },
  {
    "Id": "statline_593",
    "Name": "Dragon Mage",
    "Type": "Statline",
    "Attributes": {
      "At": "1",
      "Of": "5",
      "St": "3",
      "AP": "0",
      "Ag": "5"
    },
    "DisplayableDataIds": {
      "rule_288": ""
    }
  },
  {
    "Id": "statline_594",
    "Name": "Young Dragon",
    "Type": "Statline",
    "Attributes": {
      "At": "4",
      "Of": "5",
      "St": "5",
      "AP": "2",
      "Ag": "3"
    },
    "DisplayableDataIds": {
      "rule_288": "",
      "rule_46": "(D3)",
      "rule_56": "(Str 4, AP 1, Flaming Attacks)"
    }
  },
  {
    "Id": "statline_595",
    "Name": "Sky Sloop",
    "Type": "Statline",
    "Attributes": {
      "Ad": "9",
      "Ma": "5",
      "Di": "8",
      "Hgt": "4"
    },
    "DisplayableDataIds": {
      "rule_44": "",
      "rule_4": "",
      "rule_5": "",
      "rule_3": "",
      "rule_11": "",
      "rule_2": "(Water)"
    }
  },
  {
    "Id": "statline_596",
    "Name": "Sky Sloop",
    "Type": "Statline",
    "Attributes": {
      "HP": "4",
      "Df": "5",
      "Re": "4",
      "Arm": "2"
    },
    "DisplayableDataIds": {
      "rule_29": "(1)"
    }
  },
  {
    "Id": "statline_597",
    "Name": "Crew (2)",
    "Type": "Statline",
    "Attributes": {
      "At": "1",
      "Of": "5",
      "St": "3",
      "AP": "0",
      "Ag": "5"
    },
    "DisplayableDataIds": {
      "rule_38": ""
    }
  },
  {
    "Id": "statline_598",
    "Name": "Chassis",
    "Type": "Statline",
    "Attributes": {
      "At": null,
      "Of": null,
      "St": "5",
      "AP": "2",
      "Ag": null
    },
    "DisplayableDataIds": {
      "rule_10": "(D6)",
      "rule_289": "(3+)"
    }
  },
  {
    "Id": "statline_599",
    "Name": "Queen's Guard",
    "Type": "Statline",
    "Attributes": {
      "Ad": "5",
      "Ma": "5",
      "Di": "9",
      "Hgt": "1"
    },
    "DisplayableDataIds": {
      "rule_3": ""
    }
  },
  {
    "Id": "statline_600",
    "Name": "Queen's Guard",
    "Type": "Statline",
    "Attributes": {
      "HP": "1",
      "Df": "6",
      "Re": "3",
      "Arm": "1"
    }
  },
  {
    "Id": "statline_601",
    "Name": "Queen's Guard",
    "Type": "Statline",
    "Attributes": {
      "At": "1",
      "Of": "6",
      "St": "4",
      "AP": "1",
      "Ag": "6"
    },
    "DisplayableDataIds": {
      "rule_290": "",
      "rule_279": "(2+)",
      "rule_116": ""
    }
  },
  {
    "Id": "statline_602",
    "Name": "Grey Watchers",
    "Type": "Statline",
    "Attributes": {
      "Ad": "5",
      "Ma": "5",
      "Di": "8",
      "Hgt": "1"
    },
    "DisplayableDataIds": {
      "rule_4": "",
      "rule_3": "",
      "rule_28": "",
      "rule_2": "(Ruins, Walls)",
      "rule_30": ""
    }
  },
  {
    "Id": "statline_603",
    "Name": "Grey Watchers",
    "Type": "Statline",
    "Attributes": {
      "HP": "1",
      "Df": "6",
      "Re": "3",
      "Arm": "1"
    },
    "DisplayableDataIds": {
      "rule_29": "(1)"
    }
  },
  {
    "Id": "statline_604",
    "Name": "Grey Watcher",
    "Type": "Statline",
    "Attributes": {
      "At": "2",
      "Of": "6",
      "St": "3",
      "AP": "1",
      "Ag": "6"
    },
    "DisplayableDataIds": {
      "rule_291": "",
      "rule_279": "(2+)",
      "rule_32": ""
    }
  }
]