[
  {
    "Id": "unit_173",
    "Name": "High Prince",
    "Type": "Unit",
    "Attributes": {
      "height": "Standard"
    },
    "BasicProfileIds": [
      "68357f49790d8280c4b20e30"
    ],
    "DefaultFront": 1,
    "Formation": 1
  },
  {
    "Id": "unit_174",
    "Name": "High Prince on Elven Horse",
    "Type": "Unit",
    "Attributes": {
      "height": "Standard"
    },
    "BasicProfileIds": [
      "714de27d-08ce-4e24-8f4c-d299b1719ba4"
    ],
    "DefaultFront": 1,
    "Formation": 1
  },
  {
    "Id": "unit_175",
    "Name": "High Prince on Reaver Chariot",
    "Type": "Unit",
    "Attributes": {
      "height": "Large"
    },
    "BasicProfileIds": [
      "a3bb95b5-bdb5-4994-8614-292d298c977f"
    ],
    "DefaultFront": 1,
    "Formation": 1
  },
  {
    "Id": "unit_176",
    "Name": "High Prince on Lion Chariot",
    "Type": "Unit",
    "Attributes": {
      "height": "Large"
    },
    "BasicProfileIds": [
      "a85d67c8-1b18-48e4-ad8d-54ad3ee158aa"
    ],
    "DefaultFront": 1,
    "Formation": 1
  },
  {
    "Id": "unit_177",
    "Name": "High Prince on Giant Eagle",
    "Type": "Unit",
    "Attributes": {
      "height": "Large"
    },
    "BasicProfileIds": [
      "76ac3b8d-7e78-4d71-a10e-5b7272b099c4"
    ],
    "DefaultFront": 1,
    "Formation": 1
  },
  {
    "Id": "unit_178",
    "Name": "High Prince on Sky Sloop",
    "Type": "Unit",
    "Attributes": {
      "height": "Large"
    },
    "BasicProfileIds": [
      "844ff820-3d7d-461f-931f-224775311de8"
    ],
    "DefaultFront": 1,
    "Formation": 1
  },
  {
    "Id": "unit_179",
    "Name": "High Prince on Griffon",
    "Type": "Unit",
    "Attributes": {
      "height": "Large"
    },
    "BasicProfileIds": [
      "54c42da4-33d1-419a-bd86-a9ca827c234e"
    ],
    "DefaultFront": 1,
    "Formation": 1
  },
  {
    "Id": "unit_180",
    "Name": "High Prince on Regal Dragon",
    "Type": "Unit",
    "Attributes": {
      "height": "Gigantic"
    },
    "BasicProfileIds": [
      "cd0813bc-848a-4fba-8de1-55a584e0fe01"
    ],
    "DefaultFront": 1,
    "Formation": 1
  },
  {
    "Id": "unit_181",
    "Name": "High Prince on Ancient Dragon",
    "Type": "Unit",
    "Attributes": {
      "height": "Gigantic"
    },
    "BasicProfileIds": [
      "b618a70f-169a-4641-853b-36454d0b11ef"
    ],
    "DefaultFront": 1,
    "Formation": 1
  },
  {
    "Id": "unit_182",
    "Name": "Commander",
    "Type": "Unit",
    "Attributes": {
      "height": "Standard"
    },
    "BasicProfileIds": [
      "68357f4a790d8280c4b21289"
    ],
    "DefaultFront": 1,
    "Formation": 1
  },
  {
    "Id": "unit_183",
    "Name": "Commander on Elven Horse",
    "Type": "Unit",
    "Attributes": {
      "height": "Standard"
    },
    "BasicProfileIds": [
      "a1ed4ac5-a26f-411c-b8fe-0d16fcbfef69"
    ],
    "DefaultFront": 1,
    "Formation": 1
  },
  {
    "Id": "unit_184",
    "Name": "Commander on Reaver Chariot",
    "Type": "Unit",
    "Attributes": {
      "height": "Large"
    },
    "BasicProfileIds": [
      "b2c9b0c6-08eb-4835-b5a4-0b7ac2529ae6"
    ],
    "DefaultFront": 1,
    "Formation": 1
  },
  {
    "Id": "unit_185",
    "Name": "Commander on Giant Eagle",
    "Type": "Unit",
    "Attributes": {
      "height": "Large"
    },
    "BasicProfileIds": [
      "2a55c5f6-3589-48ec-b715-2760a3850f1e"
    ],
    "DefaultFront": 1,
    "Formation": 1
  },
  {
    "Id": "unit_186",
    "Name": "Commander on Lion Chariot",
    "Type": "Unit",
    "Attributes": {
      "height": "Large"
    },
    "BasicProfileIds": [
      "f4edb822-0595-496c-b253-f1107ef0521d"
    ],
    "DefaultFront": 1,
    "Formation": 1
  },
  {
    "Id": "unit_187",
    "Name": "Commander on Griffon",
    "Type": "Unit",
    "Attributes": {
      "height": "Large"
    },
    "BasicProfileIds": [
      "a2f7f09e-516d-492a-ae07-7e610ab0bf2c"
    ],
    "DefaultFront": 1,
    "Formation": 1
  },
  {
    "Id": "unit_188",
    "Name": "Commander on Sky Sloop",
    "Type": "Unit",
    "Attributes": {
      "height": "Large"
    },
    "BasicProfileIds": [
      "adfb0f3e-4318-42e2-bbf5-54f074c1a649"
    ],
    "DefaultFront": 1,
    "Formation": 1
  },
  {
    "Id": "unit_189",
    "Name": "Commander on Regal Dragon",
    "Type": "Unit",
    "Attributes": {
      "height": "Gigantic"
    },
    "BasicProfileIds": [
      "f86f3eb8-b005-423f-a5a1-0d727d8b0332"
    ],
    "DefaultFront": 1,
    "Formation": 1
  },
  {
    "Id": "unit_190",
    "Name": "Mage",
    "Type": "Unit",
    "Attributes": {
      "height": "Standard"
    },
    "BasicProfileIds": [
      "68357f4b790d8280c4b216be"
    ],
    "DefaultFront": 1,
    "Formation": 1
  },
  {
    "Id": "unit_191",
    "Name": "Mage on Elven Horse",
    "Type": "Unit",
    "Attributes": {
      "height": "Standard"
    },
    "BasicProfileIds": [
      "95c12717-d368-4aa3-bb50-98d3cc9ffcc9"
    ],
    "DefaultFront": 1,
    "Formation": 1
  },
  {
    "Id": "unit_192",
    "Name": "Mage on Reaver Chariot",
    "Type": "Unit",
    "Attributes": {
      "height": "Large"
    },
    "BasicProfileIds": [
      "d024f581-75cb-4c97-9e80-379623c5668f"
    ],
    "DefaultFront": 1,
    "Formation": 1
  },
  {
    "Id": "unit_193",
    "Name": "Mage on Giant Eagle",
    "Type": "Unit",
    "Attributes": {
      "height": "Large"
    },
    "BasicProfileIds": [
      "969da8a1-33fc-494c-80f1-75e1d34df37a"
    ],
    "DefaultFront": 1,
    "Formation": 1
  },
  {
    "Id": "unit_194",
    "Name": "Mage on Griffon",
    "Type": "Unit",
    "Attributes": {
      "height": "Large"
    },
    "BasicProfileIds": [
      "70cf7405-b06e-4783-a7b3-33950ebe21f3"
    ],
    "DefaultFront": 1,
    "Formation": 1
  },
  {
    "Id": "unit_195",
    "Name": "Mage on Regal Dragon",
    "Type": "Unit",
    "Attributes": {
      "height": "Gigantic"
    },
    "BasicProfileIds": [
      "6eb64a30-c45a-4960-add7-a72d7b592ca7"
    ],
    "DefaultFront": 1,
    "Formation": 1
  },
  {
    "Id": "unit_196",
    "Name": "Master Acadnath, the Asfad Scholar",
    "Type": "Unit",
    "Attributes": {
      "height": "Standard"
    },
    "BasicProfileIds": [
      "d7d9f1b6a8c2d3a9f4e5b7a6d"
    ],
    "DefaultFront": 1,
    "Formation": 1
  },
  {
    "Id": "unit_197",
    "Name": "Tenacla and Baluruth",
    "Type": "Unit",
    "Attributes": {
      "height": "Gigantic"
    },
    "BasicProfileIds": [
      "e7d9f1b6a8c2d3a9f4e5b7a6e"
    ],
    "DefaultFront": 1,
    "Formation": 1
  },
  {
    "Id": "unit_198",
    "Name": "Citizen Spears",
    "Type": "Unit",
    "Attributes": {
      "height": "Standard"
    },
    "BasicProfileIds": [
      "68357f4b790d8280c4b218a3"
    ],
    "DefaultFront": 5,
    "Formation": 1
  },
  {
    "Id": "unit_199",
    "Name": "Highborn Lancers",
    "Type": "Unit",
    "Attributes": {
      "height": "Standard"
    },
    "BasicProfileIds": [
      "68357f4c790d8280c4b218d3"
    ],
    "DefaultFront": 5,
    "Formation": 1
  },
  {
    "Id": "unit_200",
    "Name": "Citizen Archers",
    "Type": "Unit",
    "Attributes": {
      "height": "Standard"
    },
    "BasicProfileIds": [
      "68357f4c790d8280c4b21903"
    ],
    "DefaultFront": 5,
    "Formation": 1
  },
  {
    "Id": "unit_201",
    "Name": "Sea Guard",
    "Type": "Unit",
    "Attributes": {
      "height": "Standard"
    },
    "BasicProfileIds": [
      "68357f4c790d8280c4b21933"
    ],
    "DefaultFront": 5,
    "Formation": 1
  },
  {
    "Id": "unit_202",
    "Name": "Erlein Reavers",
    "Type": "Unit",
    "Attributes": {
      "height": "Standard"
    },
    "BasicProfileIds": [
      "68357f4c790d8280c4b21963"
    ],
    "DefaultFront": 5,
    "Formation": 1
  },
  {
    "Id": "unit_203",
    "Name": "Phoenix",
    "Type": "Unit",
    "Attributes": {
      "height": "Gigantic"
    },
    "BasicProfileIds": [
      "68357f4c790d8280c4b21997"
    ],
    "DefaultFront": 1,
    "Formation": 1
  },
  {
    "Id": "unit_204",
    "Name": "Phoenix - Frost Phoenix",
    "Type": "Unit",
    "Attributes": {
      "height": "Large"
    },
    "BasicProfileIds": [
      "68357f4c790d8280c4b21997"
    ],
    "DefaultFront": 1,
    "Formation": 1
  },
  {
    "Id": "unit_205",
    "Name": "Phoenix - Fire Phoenix",
    "Type": "Unit",
    "Attributes": {
      "height": "Large"
    },
    "BasicProfileIds": [
      "68357f4c790d8280c4b21997f"
    ],
    "DefaultFront": 1,
    "Formation": 1
  },
  {
    "Id": "unit_206",
    "Name": "Phoenix - Frost Phoenix Warden’s Bond",
    "Type": "Unit",
    "Attributes": {
      "height": "Large"
    },
    "BasicProfileIds": [
      "68357f4c790d8280c4b21997wb"
    ],
    "DefaultFront": 1,
    "Formation": 1
  },
  {
    "Id": "unit_207",
    "Name": "Phoenix - Fire Phoenix Warden’s Bond",
    "Type": "Unit",
    "Attributes": {
      "height": "Large"
    },
    "BasicProfileIds": [
      "68357f4c790d8280c4b21997fwb"
    ],
    "DefaultFront": 1,
    "Formation": 1
  },
  {
    "Id": "unit_208",
    "Name": "Sword Masters",
    "Type": "Unit",
    "Attributes": {
      "height": "Standard"
    },
    "BasicProfileIds": [
      "68357f4d790d8280c4b219ab"
    ],
    "DefaultFront": 5,
    "Formation": 1
  },
  {
    "Id": "unit_209",
    "Name": "Lion Guard",
    "Type": "Unit",
    "Attributes": {
      "height": "Standard"
    },
    "BasicProfileIds": [
      "68357f4d790d8280c4b219db"
    ],
    "DefaultFront": 5,
    "Formation": 1
  },
  {
    "Id": "unit_210",
    "Name": "Flame Wardens",
    "Type": "Unit",
    "Attributes": {
      "height": "Standard"
    },
    "BasicProfileIds": [
      "68357f4d790d8280c4b21a0b"
    ],
    "DefaultFront": 5,
    "Formation": 1
  },
  {
    "Id": "unit_211",
    "Name": "Knights of Rymâ",
    "Type": "Unit",
    "Attributes": {
      "height": "Standard"
    },
    "BasicProfileIds": [
      "68357f4d790d8280c4b21a3b"
    ],
    "DefaultFront": 5,
    "Formation": 1
  },
  {
    "Id": "unit_212",
    "Name": "Reaver Chariots",
    "Type": "Unit",
    "Attributes": {
      "height": "Large"
    },
    "BasicProfileIds": [
      "68357f4e790d8280c4b21a6b"
    ],
    "DefaultFront": 1,
    "Formation": 1
  },
  {
    "Id": "unit_213",
    "Name": "Lion Chariot",
    "Type": "Unit",
    "Attributes": {
      "height": "Large"
    },
    "BasicProfileIds": [
      "68357f4e790d8280c4b21a81"
    ],
    "DefaultFront": 1,
    "Formation": 1
  },
  {
    "Id": "unit_214",
    "Name": "Giant Eagles",
    "Type": "Unit",
    "Attributes": {
      "height": "Large"
    },
    "BasicProfileIds": [
      "68357f4e790d8280c4b21a84"
    ],
    "DefaultFront": 1,
    "Formation": 1
  },
  {
    "Id": "unit_215",
    "Name": "Sea Guard Reaper",
    "Type": "Unit",
    "Attributes": {
      "height": "Standard"
    },
    "BasicProfileIds": [
      "68357f4e790d8280c4b21a8e"
    ],
    "DefaultFront": 1,
    "Formation": 1
  },
  {
    "Id": "unit_216",
    "Name": "Initiate of the Fiery Heart",
    "Type": "Unit",
    "Attributes": {
      "height": "Large"
    },
    "BasicProfileIds": [
      "68357f4e790d8280c4b21a8f"
    ],
    "DefaultFront": 1,
    "Formation": 1
  },
  {
    "Id": "unit_217",
    "Name": "Sky Sloop",
    "Type": "Unit",
    "Attributes": {
      "height": "Large"
    },
    "BasicProfileIds": [
      "68357f4e790d8280c4b21a91"
    ],
    "DefaultFront": 1,
    "Formation": 1
  },
  {
    "Id": "unit_218",
    "Name": "Queen's Guard",
    "Type": "Unit",
    "Attributes": {
      "height": "Standard"
    },
    "BasicProfileIds": [
      "68357f4f790d8280c4b21a94"
    ],
    "DefaultFront": 5,
    "Formation": 1
  },
  {
    "Id": "unit_219",
    "Name": "Grey Watchers",
    "Type": "Unit",
    "Attributes": {
      "height": "Standard"
    },
    "BasicProfileIds": [
      "68357f4f790d8280c4b21ac7"
    ],
    "DefaultFront": 5,
    "Formation": 1
  }
]