[
  {
    "OptionId": "1987b953-3936-4757-983e-279c65000596",
    "UnitId": "unit_389",
    "NewUnitId": "unit_390"
  },
  {
    "OptionId": "7f256b1a-23cf-4329-a9f7-d431715fd3e8",
    "UnitId": "unit_392",
    "NewUnitId": "unit_393"
  },
  {
    "OptionId": "4d9c70bf-6ecb-41af-914d-bb21d4e418a3",
    "UnitId": "unit_392",
    "NewUnitId": "unit_394"
  },
  {
    "OptionId": "c246627d-c651-4eae-827e-f4d5b00bcfe8",
    "UnitId": "unit_392",
    "NewUnitId": "unit_395"
  },
  {
    "OptionId": "9ff5512b-61d3-4066-a976-2ceeb9b054e0",
    "UnitId": "unit_396",
    "NewUnitId": "unit_397"
  },
  {
    "OptionId": "4a50008c-09af-4a4e-a2d5-af0e92dd7d41",
    "UnitId": "unit_396",
    "NewUnitId": "unit_398"
  },
  {
    "OptionId": "b7f9c1a2-d2e8-4c3d-9a2f-5e8d3a1b0e7c",
    "UnitId": "unit_400"
  },
  {
    "OptionId": "3a074005-878f-422e-a475-42dd13ce86ce",
    "UnitId": "unit_401"
  },
  {
    "OptionId": "c9519cd5-2b08-4a2e-9017-51463bfb9821",
    "UnitId": "unit_401"
  },
  {
    "OptionId": "3a074005-878f-422e-a475-42dd13ce86ce",
    "UnitId": "unit_402"
  },
  {
    "OptionId": "3a074005-878f-422e-a475-42dd13ce86ce",
    "UnitId": "unit_403"
  },
  {
    "OptionId": "c9519cd5-2b08-4a2e-9017-51463bfb9821",
    "UnitId": "unit_403"
  },
  {
    "OptionId": "3a074005-878f-422e-a475-42dd13ce86ce",
    "UnitId": "unit_404"
  },
  {
    "OptionId": "c9519cd5-2b08-4a2e-9017-51463bfb9821",
    "UnitId": "unit_404"
  },
  {
    "OptionId": "3a074005-878f-422e-a475-42dd13ce86ce",
    "UnitId": "unit_405"
  },
  {
    "OptionId": "c9519cd5-2b08-4a2e-9017-51463bfb9821",
    "UnitId": "unit_405"
  },
  {
    "OptionId": "3a074005-878f-422e-a475-42dd13ce86ce",
    "UnitId": "unit_407"
  },
  {
    "OptionId": "c9519cd5-2b08-4a2e-9017-51463bfb9821",
    "UnitId": "unit_407"
  },
  {
    "OptionId": "3a074005-878f-422e-a475-42dd13ce86ce",
    "UnitId": "unit_408"
  },
  {
    "OptionId": "3a074005-878f-422e-a475-42dd13ce86ce",
    "UnitId": "unit_410"
  },
  {
    "OptionId": "c9519cd5-2b08-4a2e-9017-51463bfb9821",
    "UnitId": "unit_410"
  },
  {
    "OptionId": "3a074005-878f-422e-a475-42dd13ce86ce",
    "UnitId": "unit_411"
  },
  {
    "OptionId": "c9519cd5-2b08-4a2e-9017-51463bfb9821",
    "UnitId": "unit_411"
  },
  {
    "OptionId": "3a074005-878f-422e-a475-42dd13ce86ce",
    "UnitId": "unit_413"
  },
  {
    "OptionId": "3a074005-878f-422e-a475-42dd13ce86ce",
    "UnitId": "unit_414"
  },
  {
    "OptionId": "3a074005-878f-422e-a475-42dd13ce86ce",
    "UnitId": "unit_417"
  },
  {
    "OptionId": "c9519cd5-2b08-4a2e-9017-51463bfb9821",
    "UnitId": "unit_417"
  },
  {
    "OptionId": "29998dd2-41cc-45d7-879b-fa3562f30c00",
    "UnitId": "unit_405"
  },
  {
    "OptionId": "9b313a70-b228-4c3b-b68a-62af910d0cf9",
    "UnitId": "unit_405"
  },
  {
    "OptionId": "7a3edb9d-e1d1-472e-a3da-c050f36537e6",
    "UnitId": "unit_405"
  },
  {
    "OptionId": "a974648b-3a89-4c94-8f5c-ad3db30084ce",
    "UnitId": "unit_405"
  },
  {
    "OptionId": "29998dd2-41cc-45d7-879b-fa3562f30c00",
    "UnitId": "unit_401"
  },
  {
    "OptionId": "9b313a70-b228-4c3b-b68a-62af910d0cf9",
    "UnitId": "unit_401"
  },
  {
    "OptionId": "a974648b-3a89-4c94-8f5c-ad3db30084ce",
    "UnitId": "unit_401"
  },
  {
    "OptionId": "a974648b-3a89-4c94-8f5c-ad3db30084ce",
    "UnitId": "unit_416"
  },
  {
    "OptionId": "29998dd2-41cc-45d7-879b-fa3562f30c00",
    "UnitId": "unit_413"
  },
  {
    "OptionId": "9b313a70-b228-4c3b-b68a-62af910d0cf9",
    "UnitId": "unit_413"
  },
  {
    "OptionId": "9bdcdd44-c736-4a22-80b9-e2305933d9d0",
    "UnitId": "unit_413"
  },
  {
    "OptionId": "be4273c9-6ff6-4aa1-9c69-f95dc013dcda",
    "UnitId": "unit_413"
  },
  {
    "OptionId": "29998dd2-41cc-45d7-879b-fa3562f30c00",
    "UnitId": "unit_407"
  },
  {
    "OptionId": "a974648b-3a89-4c94-8f5c-ad3db30084ce",
    "UnitId": "unit_407"
  },
  {
    "OptionId": "29998dd2-41cc-45d7-879b-fa3562f30c00",
    "UnitId": "unit_408"
  },
  {
    "OptionId": "3c3ad1e3-84ae-41ef-a1b1-3a3411202059",
    "UnitId": "unit_414"
  },
  {
    "OptionId": "29998dd2-41cc-45d7-879b-fa3562f30c00",
    "UnitId": "unit_414"
  },
  {
    "OptionId": "9bdcdd44-c736-4a22-80b9-e2305933d9d0",
    "UnitId": "unit_414"
  },
  {
    "OptionId": "29998dd2-41cc-45d7-879b-fa3562f30c00",
    "UnitId": "unit_402"
  },
  {
    "OptionId": "9b313a70-b228-4c3b-b68a-62af910d0cf9",
    "UnitId": "unit_402"
  },
  {
    "OptionId": "9bdcdd44-c736-4a22-80b9-e2305933d9d0",
    "UnitId": "unit_402"
  },
  {
    "OptionId": "159178da-2db5-4b61-a3a5-c19561e8ed0c",
    "UnitId": "unit_392"
  },
  {
    "OptionId": "c2bf1269-18db-40a7-ab3e-678477bf8865",
    "UnitId": "unit_392"
  },
  {
    "OptionId": "022daa32-e911-4b78-a367-98342e983fcb",
    "UnitId": "unit_392"
  },
  {
    "OptionId": "a974648b-3a89-4c94-8f5c-ad3db30084ce",
    "UnitId": "unit_392"
  },
  {
    "OptionId": "cffeb3e1-6211-42fb-a5a4-47e509c61221",
    "UnitId": "unit_392"
  },
  {
    "OptionId": "318bc2df-c28a-44e3-9383-9b0ce58c2b6b",
    "UnitId": "unit_392"
  },
  {
    "OptionId": "786aaa9c-3453-47d2-8fe4-9664945a9bc4",
    "UnitId": "unit_392"
  },
  {
    "OptionId": "9bdcdd44-c736-4a22-80b9-e2305933d9d0",
    "UnitId": "unit_392"
  },
  {
    "OptionId": "c86f5a26-f769-429b-8891-a2167028be29",
    "UnitId": "unit_392"
  },
  {
    "OptionId": "33baffbf-4728-4144-beba-f8c8dc093d73",
    "UnitId": "unit_392"
  },
  {
    "OptionId": "767e33d1-0a56-4dfa-b65e-cf9f51aeca87",
    "UnitId": "unit_392"
  },
  {
    "OptionId": "0510229d-312c-4f3f-bbae-46c655e8a3a3",
    "UnitId": "unit_392"
  },
  {
    "OptionId": "29998dd2-41cc-45d7-879b-fa3562f30c00",
    "UnitId": "unit_403"
  },
  {
    "OptionId": "522cf2f5-f131-45d9-bbd5-194d117354fd",
    "UnitId": "unit_403"
  },
  {
    "OptionId": "9bdcdd44-c736-4a22-80b9-e2305933d9d0",
    "UnitId": "unit_403"
  },
  {
    "OptionId": "b4241335-9b4a-4be0-be3b-2dc01b85c72f",
    "UnitId": "unit_403"
  },
  {
    "OptionId": "f2ad216f-2dcd-427a-843d-f94a47948637",
    "UnitId": "unit_403"
  },
  {
    "OptionId": "29998dd2-41cc-45d7-879b-fa3562f30c00",
    "UnitId": "unit_417"
  },
  {
    "OptionId": "9b313a70-b228-4c3b-b68a-62af910d0cf9",
    "UnitId": "unit_417"
  },
  {
    "OptionId": "c2bf1269-18db-40a7-ab3e-678477bf8865",
    "UnitId": "unit_418"
  },
  {
    "OptionId": "022daa32-e911-4b78-a367-98342e983fcb",
    "UnitId": "unit_418"
  },
  {
    "OptionId": "318bc2df-c28a-44e3-9383-9b0ce58c2b6b",
    "UnitId": "unit_418"
  },
  {
    "OptionId": "786aaa9c-3453-47d2-8fe4-9664945a9bc4",
    "UnitId": "unit_418"
  },
  {
    "OptionId": "c86f5a26-f769-429b-8891-a2167028be29",
    "UnitId": "unit_418"
  },
  {
    "OptionId": "767e33d1-0a56-4dfa-b65e-cf9f51aeca87",
    "UnitId": "unit_418"
  },
  {
    "OptionId": "0510229d-312c-4f3f-bbae-46c655e8a3a3",
    "UnitId": "unit_418"
  },
  {
    "OptionId": "29998dd2-41cc-45d7-879b-fa3562f30c00",
    "UnitId": "unit_410"
  },
  {
    "OptionId": "7a3edb9d-e1d1-472e-a3da-c050f36537e6",
    "UnitId": "unit_410"
  },
  {
    "OptionId": "a974648b-3a89-4c94-8f5c-ad3db30084ce",
    "UnitId": "unit_410"
  },
  {
    "OptionId": "29998dd2-41cc-45d7-879b-fa3562f30c00",
    "UnitId": "unit_411"
  },
  {
    "OptionId": "9b313a70-b228-4c3b-b68a-62af910d0cf9",
    "UnitId": "unit_411"
  },
  {
    "OptionId": "7a3edb9d-e1d1-472e-a3da-c050f36537e6",
    "UnitId": "unit_396"
  },
  {
    "OptionId": "a974648b-3a89-4c94-8f5c-ad3db30084ce",
    "UnitId": "unit_396"
  },
  {
    "OptionId": "cffeb3e1-6211-42fb-a5a4-47e509c61221",
    "UnitId": "unit_396"
  },
  {
    "OptionId": "656ba8fb-8d84-4ac0-a847-e11af02d92b1",
    "UnitId": "unit_396"
  },
  {
    "OptionId": "33baffbf-4728-4144-beba-f8c8dc093d73",
    "UnitId": "unit_396"
  },
  {
    "OptionId": "b4241335-9b4a-4be0-be3b-2dc01b85c72f",
    "UnitId": "unit_396"
  },
  {
    "OptionId": "29998dd2-41cc-45d7-879b-fa3562f30c00",
    "UnitId": "unit_404"
  },
  {
    "OptionId": "522cf2f5-f131-45d9-bbd5-194d117354fd",
    "UnitId": "unit_404"
  },
  {
    "OptionId": "1c9c55e4-2ac2-4701-857b-87bc57cc8531",
    "UnitId": "unit_404"
  },
  {
    "OptionId": "b4241335-9b4a-4be0-be3b-2dc01b85c72f",
    "UnitId": "unit_404"
  },
  {
    "OptionId": "c2bf1269-18db-40a7-ab3e-678477bf8865",
    "UnitId": "unit_412"
  },
  {
    "OptionId": "022daa32-e911-4b78-a367-98342e983fcb",
    "UnitId": "unit_412"
  },
  {
    "OptionId": "318bc2df-c28a-44e3-9383-9b0ce58c2b6b",
    "UnitId": "unit_412"
  },
  {
    "OptionId": "786aaa9c-3453-47d2-8fe4-9664945a9bc4",
    "UnitId": "unit_412"
  },
  {
    "OptionId": "c86f5a26-f769-429b-8891-a2167028be29",
    "UnitId": "unit_412"
  },
  {
    "OptionId": "767e33d1-0a56-4dfa-b65e-cf9f51aeca87",
    "UnitId": "unit_412"
  },
  {
    "OptionId": "0510229d-312c-4f3f-bbae-46c655e8a3a3",
    "UnitId": "unit_412"
  },
  {
    "OptionId": "c2bf1269-18db-40a7-ab3e-678477bf8865",
    "UnitId": "unit_419"
  },
  {
    "OptionId": "022daa32-e911-4b78-a367-98342e983fcb",
    "UnitId": "unit_419"
  },
  {
    "OptionId": "318bc2df-c28a-44e3-9383-9b0ce58c2b6b",
    "UnitId": "unit_419"
  },
  {
    "OptionId": "786aaa9c-3453-47d2-8fe4-9664945a9bc4",
    "UnitId": "unit_419"
  },
  {
    "OptionId": "c86f5a26-f769-429b-8891-a2167028be29",
    "UnitId": "unit_419"
  },
  {
    "OptionId": "767e33d1-0a56-4dfa-b65e-cf9f51aeca87",
    "UnitId": "unit_419"
  },
  {
    "OptionId": "0510229d-312c-4f3f-bbae-46c655e8a3a3",
    "UnitId": "unit_419"
  },
  {
    "OptionId": "d738f86a-66cd-4bd5-a15b-82393251fbe4",
    "UnitId": "unit_415"
  }
]