[
  {
    "Id": "1987b953-3936-4757-983e-279c65000596",
    "Name": "Anurarch Wardens",
    "Type": "UnitGlobalChange"
  },
  {
    "Id": "7f256b1a-23cf-4329-a9f7-d431715fd3e8",
    "Name": "Mountain Pteradon",
    "Type": "UnitGlobalChange"
  },
  {
    "Id": "4d9c70bf-6ecb-41af-914d-bb21d4e418a3",
    "Name": "Pouakai Sky Tyrant",
    "Type": "UnitGlobalChange"
  },
  {
    "Id": "c246627d-c651-4eae-827e-f4d5b00bcfe8",
    "Name": "Taurosaur",
    "Type": "UnitGlobalChange"
  },
  {
    "Id": "9ff5512b-61d3-4066-a976-2ceeb9b054e0",
    "Name": "Saurian Raptor",
    "Type": "UnitGlobalChange"
  },
  {
    "Id": "4a50008c-09af-4a4e-a2d5-af0e92dd7d41",
    "Name": "Alpha Carnosaur",
    "Type": "UnitGlobalChange"
  },
  {
    "Id": "b7f9c1a2-d2e8-4c3d-9a2f-5e8d3a1b0e7c",
    "Name": "Stone",
    "Type": "UnitGlobalChange"
  },
  {
    "Id": "159178da-2db5-4b61-a3a5-c19561e8ed0c",
    "Name": "Blowpipe",
    "Type": "UnitSwapDisplayable",
    "DisplayableDataIdToAdd": {
      "rule_928": ""
    }
  },
  {
    "Id": "c2bf1269-18db-40a7-ab3e-678477bf8865",
    "Name": "Carved Wisdom",
    "Type": "UnitSwapDisplayable",
    "DisplayableDataIdToAdd": {
      "rule_946": ""
    }
  },
  {
    "Id": "3c3ad1e3-84ae-41ef-a1b1-3a3411202059",
    "Name": "Chameleon",
    "Type": "UnitSwapDisplayable",
    "DisplayableDataIdToAdd": {
      "rule_926": ""
    }
  },
  {
    "Id": "9b313a70-b228-4c3b-b68a-62af910d0cf9",
    "Name": "Champion with Enclave Wizard",
    "Type": "UnitSwapDisplayable"
  },
  {
    "Id": "522cf2f5-f131-45d9-bbd5-194d117354fd",
    "Name": "Enclave Wizard",
    "Type": "UnitSwapDisplayable",
    "DisplayableDataIdToAdd": {
      "rule_927": ""
    }
  },
  {
    "Id": "1c9c55e4-2ac2-4701-857b-87bc57cc8531",
    "Name": "Enclave Wizard (50x50)",
    "Type": "UnitSwapDisplayable"
  },
  {
    "Id": "022daa32-e911-4b78-a367-98342e983fcb",
    "Name": "Engine of the Ancients",
    "Type": "UnitSwapDisplayable"
  },
  {
    "Id": "318bc2df-c28a-44e3-9383-9b0ce58c2b6b",
    "Name": "Lodestone Shield",
    "Type": "UnitSwapDisplayable",
    "DisplayableDataIdToAdd": {
      "rule_944": ""
    }
  },
  {
    "Id": "786aaa9c-3453-47d2-8fe4-9664945a9bc4",
    "Name": "Magnetic Great Bow",
    "Type": "UnitSwapDisplayable",
    "DisplayableDataIdToAdd": {
      "rule_945": ""
    }
  },
  {
    "Id": "9bdcdd44-c736-4a22-80b9-e2305933d9d0",
    "Name": "Magnetic Short Bow",
    "Type": "UnitSwapDisplayable",
    "DisplayableDataIdToAdd": {
      "rule_452": ""
    }
  },
  {
    "Id": "be4273c9-6ff6-4aa1-9c69-f95dc013dcda",
    "Name": "Marking Bolas",
    "Type": "UnitSwapDisplayable",
    "DisplayableDataIdToAdd": {
      "rule_939": ""
    }
  },
  {
    "Id": "c86f5a26-f769-429b-8891-a2167028be29",
    "Name": "Monolith of Vitalism",
    "Type": "UnitSwapDisplayable",
    "DisplayableDataIdToAdd": {
      "rule_942": ""
    }
  },
  {
    "Id": "d738f86a-66cd-4bd5-a15b-82393251fbe4",
    "Name": "Salamander and Aegis",
    "Type": "UnitSwapDisplayable"
  },
  {
    "Id": "65cee6c6-deed-4378-bc00-7ce26a81618b",
    "Name": "Standard",
    "Type": "UnitSwapDisplayable",
    "DisplayableDataIdToAdd": {
      "rule_1824": ""
    }
  },
  {
    "Id": "767e33d1-0a56-4dfa-b65e-cf9f51aeca87",
    "Name": "Suncatcher Crystal",
    "Type": "UnitSwapDisplayable",
    "DisplayableDataIdToAdd": {
      "rule_943": ""
    }
  },
  {
    "Id": "0510229d-312c-4f3f-bbae-46c655e8a3a3",
    "Name": "Venomous Fortress",
    "Type": "UnitSwapDisplayable",
    "DisplayableDataIdToAdd": {
      "rule_924": ""
    }
  }
]