[
  {
    "Id": "68357f77790d8280c4b25074",
    "Name": "Anurarch Archmage",
    "Type": "Profile",
    "BaseId": "6",
    "DisplayableDataIds": {
      "statline_1076": "",
      "statline_1077": "",
      "statline_1078": ""
    }
  },
  {
    "Id": "8d8db790-7e15-40ea-8cdc-ecb24c2a3741",
    "Name": "Warden (2)",
    "Type": "Profile",
    "BaseId": "7",
    "DisplayableDataIds": {
      "statline_1079": "",
      "statline_1080": "",
      "statline_1081": ""
    }
  },
  {
    "Id": "68357f78790d8280c4b250fd",
    "Name": "Caiman Mentor",
    "Type": "Profile",
    "BaseId": "3",
    "DisplayableDataIds": {
      "statline_1082": "",
      "statline_1083": "",
      "statline_1084": ""
    }
  },
  {
    "Id": "68357f78790d8280c4b25137",
    "Name": "Skink Veteran",
    "Type": "Profile",
    "BaseId": "5",
    "DisplayableDataIds": {
      "statline_1085": "",
      "statline_1086": "",
      "statline_1087": ""
    }
  },
  {
    "Id": "fc177375-9618-4371-82cb-265e63d8bd8d",
    "Name": "Mountain Pteradon",
    "Type": "Profile",
    "BaseId": "3",
    "DisplayableDataIds": {
      "statline_1088": "",
      "statline_1089": "",
      "statline_1090": ""
    }
  },
  {
    "Id": "a096573a-a475-4135-8732-d138666bea48",
    "Name": "Pouakai Sky Tyrant",
    "Type": "Profile",
    "BaseId": "7",
    "DisplayableDataIds": {
      "statline_1091": "",
      "statline_1092": "",
      "statline_1093": ""
    }
  },
  {
    "Id": "41400bed-e605-4b98-a755-97905d9c5061",
    "Name": "Skink Rider (4)",
    "Type": "Profile",
    "BaseId": "2",
    "DisplayableDataIds": {
      "statline_1094": "",
      "statline_1095": "",
      "statline_1096": "",
      "statline_1097": ""
    }
  },
  {
    "Id": "68357f78790d8280c4b2533a",
    "Name": "Tegu Veteran",
    "Type": "Profile",
    "BaseId": "1",
    "DisplayableDataIds": {
      "statline_1098": "",
      "statline_1099": "",
      "statline_1100": ""
    }
  },
  {
    "Id": "245f8dfc-4960-409e-add1-6db5cd3b9776",
    "Name": "Saurian Raptor",
    "Type": "Profile",
    "BaseId": "4",
    "DisplayableDataIds": {
      "statline_1101": "",
      "statline_1102": "",
      "statline_1103": ""
    }
  },
  {
    "Id": "b762d243-8937-4fc7-ae59-313fb77b57fb",
    "Name": "Alpha Carnosaur",
    "Type": "Profile",
    "BaseId": "2",
    "DisplayableDataIds": {
      "statline_1104": "",
      "statline_1105": "",
      "statline_1106": ""
    }
  },
  {
    "Id": "b7c2d4e9a3f6g1d5h8j9k7l3m",
    "Name": "Anurarch Destined",
    "Type": "Profile",
    "BaseId": "7",
    "DisplayableDataIds": {
      "statline_1107": "",
      "statline_1108": "",
      "statline_1109": ""
    }
  },
  {
    "Id": "a1b2c3d4e5f6a7b8c9d0e1f2a",
    "Name": "Shade and Stone",
    "Type": "Profile",
    "BaseId": "6",
    "DisplayableDataIds": {
      "statline_1110": "",
      "statline_1111": "",
      "statline_1112": "",
      "statline_1113": ""
    }
  },
  {
    "Id": "68357f79790d8280c4b25477",
    "Name": "Caiman Warriors",
    "Type": "Profile",
    "BaseId": "3",
    "DisplayableDataIds": {
      "statline_1114": "",
      "statline_1115": "",
      "statline_1116": ""
    }
  },
  {
    "Id": "68357f79790d8280c4b254b3",
    "Name": "Skink Hunters",
    "Type": "Profile",
    "BaseId": "5",
    "DisplayableDataIds": {
      "statline_1117": "",
      "statline_1118": "",
      "statline_1119": ""
    }
  },
  {
    "Id": "68357f79790d8280c4b254c9",
    "Name": "Skink Warriors",
    "Type": "Profile",
    "BaseId": "5",
    "DisplayableDataIds": {
      "statline_1120": "",
      "statline_1121": "",
      "statline_1122": ""
    }
  },
  {
    "Id": "68357f79790d8280c4b25508",
    "Name": "Tegu Warriors",
    "Type": "Profile",
    "BaseId": "1",
    "DisplayableDataIds": {
      "statline_1123": "",
      "statline_1124": "",
      "statline_1125": ""
    }
  },
  {
    "Id": "68357f7a790d8280c4b25548",
    "Name": "Caiman Elders",
    "Type": "Profile",
    "BaseId": "6",
    "DisplayableDataIds": {
      "statline_1126": "",
      "statline_1127": "",
      "statline_1128": ""
    }
  },
  {
    "Id": "68357f7a790d8280c4b2557b",
    "Name": "Raptor Pack",
    "Type": "Profile",
    "BaseId": "4",
    "DisplayableDataIds": {
      "statline_1129": "",
      "statline_1130": "",
      "statline_207": ""
    }
  },
  {
    "Id": "68357f7a790d8280c4b25583",
    "Name": "Raptor Riders",
    "Type": "Profile",
    "BaseId": "4",
    "DisplayableDataIds": {
      "statline_1131": "",
      "statline_1132": "",
      "statline_1133": "",
      "statline_207": ""
    }
  },
  {
    "Id": "68357f7a790d8280c4b255b0",
    "Name": "Rhamphodon Riders",
    "Type": "Profile",
    "BaseId": "3",
    "DisplayableDataIds": {
      "statline_1134": "",
      "statline_1135": "",
      "statline_1136": "",
      "statline_1137": ""
    }
  },
  {
    "Id": "68357f7a790d8280c4b255be",
    "Name": "Saurian Swarms",
    "Type": "Profile",
    "BaseId": "3",
    "DisplayableDataIds": {
      "statline_1138": "",
      "statline_1139": "",
      "statline_1140": ""
    }
  },
  {
    "Id": "68357f7b790d8280c4b255c3",
    "Name": "Tegu Guards",
    "Type": "Profile",
    "BaseId": "1",
    "DisplayableDataIds": {
      "statline_1141": "",
      "statline_1142": "",
      "statline_1143": ""
    }
  },
  {
    "Id": "68357f7b790d8280c4b255f0",
    "Name": "Tegu Mystics",
    "Type": "Profile",
    "BaseId": "1",
    "DisplayableDataIds": {
      "statline_1144": "",
      "statline_1145": "",
      "statline_1146": ""
    }
  },
  {
    "Id": "68357f7b790d8280c4b25623",
    "Name": "Thyroscutus Herd",
    "Type": "Profile",
    "BaseId": "2",
    "DisplayableDataIds": {
      "statline_1147": "",
      "statline_1148": "",
      "statline_1096": "",
      "statline_1149": ""
    }
  },
  {
    "Id": "68357f7b790d8280c4b2563d",
    "Name": "Pteradon Riders",
    "Type": "Profile",
    "BaseId": "3",
    "DisplayableDataIds": {
      "statline_1150": "",
      "statline_1151": "",
      "statline_1152": "",
      "statline_1153": ""
    }
  },
  {
    "Id": "68357f7b790d8280c4b25659",
    "Name": "Skink Guerrillas",
    "Type": "Profile",
    "BaseId": "5",
    "DisplayableDataIds": {
      "statline_1154": "",
      "statline_1155": "",
      "statline_1156": ""
    }
  },
  {
    "Id": "68357f7c790d8280c4b25673",
    "Name": "Weapon Beasts",
    "Type": "Profile",
    "BaseId": "3",
    "DisplayableDataIds": {
      "statline_1157": "",
      "statline_1158": "",
      "statline_1159": ""
    }
  },
  {
    "Id": "68357f7c790d8280c4b25679",
    "Name": "Carnosaur",
    "Type": "Profile",
    "BaseId": "2",
    "DisplayableDataIds": {
      "statline_1160": "",
      "statline_1161": "",
      "statline_1162": "",
      "statline_1163": ""
    }
  },
  {
    "Id": "68357f7c790d8280c4b25681",
    "Name": "Stygiosaur Pack",
    "Type": "Profile",
    "BaseId": "2",
    "DisplayableDataIds": {
      "statline_1164": "",
      "statline_1165": "",
      "statline_1136": "",
      "statline_1166": ""
    }
  },
  {
    "Id": "68357f7c790d8280c4b256b2",
    "Name": "Taurosaur",
    "Type": "Profile",
    "BaseId": "2",
    "DisplayableDataIds": {
      "statline_1167": "",
      "statline_1168": "",
      "statline_1169": "",
      "statline_1097": ""
    }
  },
  {
    "Id": "68357f7c790d8280c4b256c5",
    "Name": "Titanopod",
    "Type": "Profile",
    "BaseId": "19",
    "DisplayableDataIds": {
      "statline_1170": "",
      "statline_1171": "",
      "statline_1172": "",
      "statline_1173": ""
    }
  }
]