[
  {
    "Id": "statline_1076",
    "Name": "Anurarch Archmage",
    "Type": "Statline",
    "Attributes": {
      "Ad": "6",
      "Ma": "6",
      "Di": "5",
      "Hgt": "1"
    },
    "DisplayableDataIds": {
      "rule_444": "",
      "rule_147": "",
      "rule_4": "",
      "rule_445": ""
    }
  },
  {
    "Id": "statline_1077",
    "Name": "Anurarch Archmage",
    "Type": "Statline",
    "Attributes": {
      "HP": "4",
      "Df": "1",
      "Re": "4",
      "Arm": "0"
    },
    "DisplayableDataIds": {
      "rule_109": "(5+)"
    }
  },
  {
    "Id": "statline_1078",
    "Name": "Anurarch",
    "Type": "Statline",
    "Attributes": {
      "At": "1",
      "Of": "1",
      "St": "1",
      "AP": "0",
      "Ag": "1"
    }
  },
  {
    "Id": "statline_1079",
    "Name": "Warden (2)",
    "Type": "Statline",
    "Attributes": {
      "Ad": "6",
      "Ma": "6",
      "Di": "8",
      "Hgt": "1"
    },
    "DisplayableDataIds": {
      "rule_444": "",
      "rule_147": "",
      "rule_4": "",
      "rule_445": ""
    }
  },
  {
    "Id": "statline_1080",
    "Name": "Warden (2)",
    "Type": "Statline",
    "Attributes": {
      "HP": "5",
      "Df": "4",
      "Re": "4",
      "Arm": "4"
    },
    "DisplayableDataIds": {
      "rule_109": "(5+)",
      "rule_51": "(5+ against Magical Attacks)",
      "rule_27": ""
    }
  },
  {
    "Id": "statline_1081",
    "Name": "Warden (2)",
    "Type": "Statline",
    "Attributes": {
      "At": "2",
      "Of": "4",
      "St": "4",
      "AP": "1",
      "Ag": "2"
    },
    "DisplayableDataIds": {
      "rule_446": ""
    }
  },
  {
    "Id": "statline_1082",
    "Name": "Caiman Mentor",
    "Type": "Statline",
    "Attributes": {
      "Ad": "6",
      "Ma": "6",
      "Di": "8",
      "Hgt": "3"
    },
    "DisplayableDataIds": {
      "rule_444": "",
      "rule_3": "",
      "rule_4": "",
      "rule_447": "",
      "rule_339": "",
      "rule_2": "(Water Terrain)",
      "rule_448": ""
    }
  },
  {
    "Id": "statline_1083",
    "Name": "Caiman Mentor",
    "Type": "Statline",
    "Attributes": {
      "HP": "4",
      "Df": "5",
      "Re": "5",
      "Arm": "4"
    }
  },
  {
    "Id": "statline_1084",
    "Name": "Caiman Mentor",
    "Type": "Statline",
    "Attributes": {
      "At": "3",
      "Of": "5",
      "St": "5",
      "AP": "2",
      "Ag": "2"
    },
    "DisplayableDataIds": {
      "rule_118": ""
    }
  },
  {
    "Id": "statline_1085",
    "Name": "Skink Veteran",
    "Type": "Statline",
    "Attributes": {
      "Ad": "6",
      "Ma": "6",
      "Di": "7",
      "Hgt": "1"
    },
    "DisplayableDataIds": {
      "rule_444": "",
      "rule_18": "",
      "rule_4": "",
      "rule_2": "(Water Terrain)"
    }
  },
  {
    "Id": "statline_1086",
    "Name": "Skink Veteran",
    "Type": "Statline",
    "Attributes": {
      "HP": "2",
      "Df": "4",
      "Re": "3",
      "Arm": "1"
    },
    "DisplayableDataIds": {
      "rule_109": "(6+)"
    }
  },
  {
    "Id": "statline_1087",
    "Name": "Skink Veteran",
    "Type": "Statline",
    "Attributes": {
      "At": "3",
      "Of": "4",
      "St": "4",
      "AP": "1",
      "Ag": "5"
    },
    "DisplayableDataIds": {
      "rule_449": "(2+)"
    }
  },
  {
    "Id": "statline_1088",
    "Name": "Mountain Pteradon",
    "Type": "Statline",
    "Attributes": {
      "Ad": "8",
      "Ma": "8",
      "Di": "7",
      "Hgt": "3"
    },
    "DisplayableDataIds": {
      "rule_444": "",
      "rule_18": "",
      "rule_44": "",
      "rule_4": "",
      "rule_35": "",
      "rule_5": "",
      "rule_133": "",
      "rule_2": "(Water Terrain)"
    }
  },
  {
    "Id": "statline_1089",
    "Name": "Mountain Pteradon",
    "Type": "Statline",
    "Attributes": {
      "HP": "3",
      "Df": "4",
      "Re": "3",
      "Arm": "2"
    },
    "DisplayableDataIds": {
      "rule_109": "(6+)",
      "rule_29": "(1)"
    }
  },
  {
    "Id": "statline_1090",
    "Name": "Mountain Pteradon",
    "Type": "Statline",
    "Attributes": {
      "At": "3",
      "Of": "3",
      "St": "4",
      "AP": "1",
      "Ag": "4"
    },
    "DisplayableDataIds": {
      "rule_191": "(2)"
    }
  },
  {
    "Id": "statline_1091",
    "Name": "Pouakai Sky Tyrant",
    "Type": "Statline",
    "Attributes": {
      "Ad": "8",
      "Ma": "8",
      "Di": "7",
      "Hgt": "4"
    },
    "DisplayableDataIds": {
      "rule_444": "",
      "rule_18": "",
      "rule_21": "",
      "rule_35": "",
      "rule_4": "",
      "rule_5": "",
      "rule_11": "",
      "rule_44": "",
      "rule_34": "(Open Terrain)",
      "rule_2": "(Water Terrain)"
    }
  },
  {
    "Id": "statline_1092",
    "Name": "Pouakai Sky Tyrant",
    "Type": "Statline",
    "Attributes": {
      "HP": "5",
      "Df": "4",
      "Re": "5",
      "Arm": "4"
    },
    "DisplayableDataIds": {
      "rule_109": "(6+)"
    }
  },
  {
    "Id": "statline_1093",
    "Name": "Pouakai Sky Tyrant",
    "Type": "Statline",
    "Attributes": {
      "At": "4",
      "Of": "4",
      "St": "5",
      "AP": "2",
      "Ag": "4"
    },
    "DisplayableDataIds": {
      "rule_180": "(Hatred)",
      "rule_46": "(1)"
    }
  },
  {
    "Id": "statline_1094",
    "Name": "Skink Rider (4)",
    "Type": "Statline",
    "Attributes": {
      "Ad": "6",
      "Ma": "5",
      "Di": "7",
      "Hgt": "5"
    },
    "DisplayableDataIds": {
      "rule_444": "",
      "rule_18": "",
      "rule_5": "",
      "rule_45": "",
      "rule_11": "",
      "rule_4": "",
      "rule_2": "(Water Terrain)"
    }
  },
  {
    "Id": "statline_1095",
    "Name": "Skink Rider (4)",
    "Type": "Statline",
    "Attributes": {
      "HP": "7",
      "Df": "3",
      "Re": "6",
      "Arm": "4"
    },
    "DisplayableDataIds": {
      "rule_109": "(6+)"
    }
  },
  {
    "Id": "statline_1096",
    "Name": "Skink Rider (4)",
    "Type": "Statline",
    "Attributes": {
      "At": "1",
      "Of": "2",
      "St": "3",
      "AP": "0",
      "Ag": "3"
    },
    "DisplayableDataIds": {
      "rule_449": "(4+)"
    }
  },
  {
    "Id": "statline_1097",
    "Name": "Taurosaur",
    "Type": "Statline",
    "Attributes": {
      "At": "4",
      "Of": "3",
      "St": "6",
      "AP": "3",
      "Ag": "2"
    },
    "DisplayableDataIds": {
      "rule_10": "(3D3)",
      "rule_46": "(D6)"
    }
  },
  {
    "Id": "statline_1098",
    "Name": "Tegu Veteran",
    "Type": "Statline",
    "Attributes": {
      "Ad": "4",
      "Ma": "4",
      "Di": "8",
      "Hgt": "1"
    },
    "DisplayableDataIds": {
      "rule_444": "",
      "rule_4": "",
      "rule_2": "(Water Terrain)"
    }
  },
  {
    "Id": "statline_1099",
    "Name": "Tegu Veteran",
    "Type": "Statline",
    "Attributes": {
      "HP": "3",
      "Df": "5",
      "Re": "5",
      "Arm": "3"
    }
  },
  {
    "Id": "statline_1100",
    "Name": "Tegu Veteran",
    "Type": "Statline",
    "Attributes": {
      "At": "5",
      "Of": "5",
      "St": "5",
      "AP": "2",
      "Ag": "3"
    }
  },
  {
    "Id": "statline_1101",
    "Name": "Saurian Raptor",
    "Type": "Statline",
    "Attributes": {
      "Ad": "7",
      "Ma": "7",
      "Di": "8",
      "Hgt": "2"
    },
    "DisplayableDataIds": {
      "rule_444": "",
      "rule_450": "",
      "rule_5": "",
      "rule_2": "(Forest)",
      "rule_4": ""
    }
  },
  {
    "Id": "statline_1102",
    "Name": "Saurian Raptor",
    "Type": "Statline",
    "Attributes": {
      "HP": "3",
      "Df": "5",
      "Re": "5",
      "Arm": "5"
    }
  },
  {
    "Id": "statline_1103",
    "Name": "Saurian Raptor",
    "Type": "Statline",
    "Attributes": {
      "At": "2",
      "Of": "3",
      "St": "4",
      "AP": "2",
      "Ag": "4"
    }
  },
  {
    "Id": "statline_1104",
    "Name": "Alpha Carnosaur",
    "Type": "Statline",
    "Attributes": {
      "Ad": "8",
      "Ma": "7",
      "Di": "8",
      "Hgt": "5"
    },
    "DisplayableDataIds": {
      "rule_444": "",
      "rule_22": "",
      "rule_21": "",
      "rule_5": "",
      "rule_45": "",
      "rule_11": "",
      "rule_24": "",
      "rule_4": "",
      "rule_2": "(Water Terrain)"
    }
  },
  {
    "Id": "statline_1105",
    "Name": "Alpha Carnosaur",
    "Type": "Statline",
    "Attributes": {
      "HP": "7",
      "Df": "3",
      "Re": "6",
      "Arm": "4"
    }
  },
  {
    "Id": "statline_1106",
    "Name": "Alpha Carnosaur",
    "Type": "Statline",
    "Attributes": {
      "At": "5",
      "Of": "4",
      "St": "7",
      "AP": "4",
      "Ag": "3"
    },
    "DisplayableDataIds": {
      "rule_146": "(2)",
      "rule_23": "",
      "rule_180": "(Hatred)",
      "rule_46": "(D6)"
    }
  },
  {
    "Id": "statline_1107",
    "Name": "Anurarch Destined",
    "Type": "Statline",
    "Attributes": {
      "Ad": "6",
      "Ma": "6",
      "Di": "8",
      "Hgt": "1"
    },
    "DisplayableDataIds": {
      "rule_444": "",
      "rule_21": "",
      "rule_430": "",
      "rule_962": "",
      "rule_4": "",
      "rule_963": "",
      "rule_11": "",
      "rule_2": "",
      "rule_964": "",
      "rule_147": "(Occultism)"
    }
  },
  {
    "Id": "statline_1108",
    "Name": "Anurarch Destined",
    "Type": "Statline",
    "Attributes": {
      "HP": "4",
      "Df": "1",
      "Re": "4",
      "Arm": "0"
    },
    "DisplayableDataIds": {
      "rule_961": ""
    }
  },
  {
    "Id": "statline_1109",
    "Name": "Anurarch Destined",
    "Type": "Statline",
    "Attributes": {
      "At": "1",
      "Of": "1",
      "St": "1",
      "AP": "0",
      "Ag": ""
    },
    "DisplayableDataIds": {
      "rule_149": "(D3+1 hits, Str 6, AP 2, Unmodifiable, Lightning Attacks)",
      "rule_965": ""
    }
  },
  {
    "Id": "statline_1110",
    "Name": "Shade and Stone",
    "Type": "Statline",
    "Attributes": {
      "Ad": "6",
      "Ma": "6",
      "Di": "8",
      "Hgt": "3"
    },
    "DisplayableDataIds": {
      "rule_966": "",
      "rule_444": "",
      "rule_3": "",
      "rule_967": "",
      "rule_4": "",
      "rule_11": "",
      "rule_2": "(Water Terrain)"
    }
  },
  {
    "Id": "statline_1111",
    "Name": "Shade and Stone",
    "Type": "Statline",
    "Attributes": {
      "HP": "5",
      "Df": "5",
      "Re": "5",
      "Arm": "4"
    },
    "DisplayableDataIds": {
      "rule_109": "(5+)"
    }
  },
  {
    "Id": "statline_1112",
    "Name": "Shade",
    "Type": "Statline",
    "Attributes": {
      "At": "3",
      "Of": "4",
      "St": "4",
      "AP": "1",
      "Ag": "5"
    },
    "DisplayableDataIds": {
      "rule_968": "",
      "rule_451": ""
    }
  },
  {
    "Id": "statline_1113",
    "Name": "Stone",
    "Type": "Statline",
    "Attributes": {
      "At": "3",
      "Of": "5",
      "St": "5",
      "AP": "2",
      "Ag": "1"
    },
    "DisplayableDataIds": {
      "rule_451": ""
    }
  },
  {
    "Id": "statline_1114",
    "Name": "Caiman Warriors",
    "Type": "Statline",
    "Attributes": {
      "Ad": "6",
      "Ma": "6",
      "Di": "7",
      "Hgt": "3"
    },
    "DisplayableDataIds": {
      "rule_444": "",
      "rule_2": "(Water Terrain)"
    }
  },
  {
    "Id": "statline_1115",
    "Name": "Caiman Warriors",
    "Type": "Statline",
    "Attributes": {
      "HP": "3",
      "Df": "3",
      "Re": "4",
      "Arm": "3"
    }
  },
  {
    "Id": "statline_1116",
    "Name": "Caiman Warrior",
    "Type": "Statline",
    "Attributes": {
      "At": "3",
      "Of": "3",
      "St": "4",
      "AP": "1",
      "Ag": "1"
    },
    "DisplayableDataIds": {
      "rule_451": ""
    }
  },
  {
    "Id": "statline_1117",
    "Name": "Skink Hunters",
    "Type": "Statline",
    "Attributes": {
      "Ad": "6",
      "Ma": "6",
      "Di": "5",
      "Hgt": "1"
    },
    "DisplayableDataIds": {
      "rule_444": "",
      "rule_4": "",
      "rule_2": "(Water Terrain)"
    }
  },
  {
    "Id": "statline_1118",
    "Name": "Skink Hunters",
    "Type": "Statline",
    "Attributes": {
      "HP": "1",
      "Df": "2",
      "Re": "2",
      "Arm": "0"
    },
    "DisplayableDataIds": {
      "rule_109": "(6+)"
    }
  },
  {
    "Id": "statline_1119",
    "Name": "Skink Hunter",
    "Type": "Statline",
    "Attributes": {
      "At": "1",
      "Of": "2",
      "St": "3",
      "AP": "0",
      "Ag": "3"
    },
    "DisplayableDataIds": {
      "rule_449": "(4+)"
    }
  },
  {
    "Id": "statline_1120",
    "Name": "Skink Warriors",
    "Type": "Statline",
    "Attributes": {
      "Ad": "6",
      "Ma": "6",
      "Di": "5",
      "Hgt": "1"
    },
    "DisplayableDataIds": {
      "rule_444": "",
      "rule_2": "(Water Terrain)"
    }
  },
  {
    "Id": "statline_1121",
    "Name": "Skink Warriors",
    "Type": "Statline",
    "Attributes": {
      "HP": "1",
      "Df": "2",
      "Re": "2",
      "Arm": "0"
    },
    "DisplayableDataIds": {
      "rule_109": "(6+)"
    }
  },
  {
    "Id": "statline_1122",
    "Name": "Skink Warrior",
    "Type": "Statline",
    "Attributes": {
      "At": "1",
      "Of": "2",
      "St": "3",
      "AP": "0",
      "Ag": "3"
    }
  },
  {
    "Id": "statline_1123",
    "Name": "Tegu Warriors",
    "Type": "Statline",
    "Attributes": {
      "Ad": "4",
      "Ma": "4",
      "Di": "7",
      "Hgt": "1"
    },
    "DisplayableDataIds": {
      "rule_444": "",
      "rule_2": "(Water Terrain)"
    }
  },
  {
    "Id": "statline_1124",
    "Name": "Tegu Warriors",
    "Type": "Statline",
    "Attributes": {
      "HP": "1",
      "Df": "3",
      "Re": "4",
      "Arm": "2"
    },
    "DisplayableDataIds": {
      "rule_27": ""
    }
  },
  {
    "Id": "statline_1125",
    "Name": "Tegu Warrior",
    "Type": "Statline",
    "Attributes": {
      "At": "2",
      "Of": "3",
      "St": "4",
      "AP": "1",
      "Ag": "2"
    }
  },
  {
    "Id": "statline_1126",
    "Name": "Caiman Elders",
    "Type": "Statline",
    "Attributes": {
      "Ad": "6",
      "Ma": "6",
      "Di": "8",
      "Hgt": "3"
    },
    "DisplayableDataIds": {
      "rule_444": "",
      "rule_3": "",
      "rule_2": "(Water Terrain)"
    }
  },
  {
    "Id": "statline_1127",
    "Name": "Caiman Elders",
    "Type": "Statline",
    "Attributes": {
      "HP": "4",
      "Df": "4",
      "Re": "4",
      "Arm": "3"
    }
  },
  {
    "Id": "statline_1128",
    "Name": "Caiman Elder",
    "Type": "Statline",
    "Attributes": {
      "At": "3",
      "Of": "4",
      "St": "5",
      "AP": "2",
      "Ag": "1",
      "Agi": "0"
    },
    "DisplayableDataIds": {
      "rule_232": "",
      "rule_451": "",
      "rule_39": ""
    }
  },
  {
    "Id": "statline_1129",
    "Name": "Raptor Pack",
    "Type": "Statline",
    "Attributes": {
      "Ad": "7",
      "Ma": "7",
      "Di": "6",
      "Hgt": "1"
    },
    "DisplayableDataIds": {
      "rule_444": "",
      "rule_2": "(Forest)",
      "rule_450": "",
      "rule_24": "",
      "rule_5": ""
    }
  },
  {
    "Id": "statline_1130",
    "Name": "Raptor Pack",
    "Type": "Statline",
    "Attributes": {
      "HP": "1",
      "Df": "3",
      "Re": "4",
      "Arm": "2"
    }
  },
  {
    "Id": "statline_1131",
    "Name": "Raptor Riders",
    "Type": "Statline",
    "Attributes": {
      "Ad": "7",
      "Ma": "7",
      "Di": "8",
      "Hgt": "2"
    },
    "DisplayableDataIds": {
      "rule_444": "",
      "rule_450": "",
      "rule_2": "(Forest)",
      "rule_5": ""
    }
  },
  {
    "Id": "statline_1132",
    "Name": "Raptor Riders",
    "Type": "Statline",
    "Attributes": {
      "HP": "1",
      "Df": "4",
      "Re": "4",
      "Arm": "5"
    }
  },
  {
    "Id": "statline_1133",
    "Name": "Tegu Rider",
    "Type": "Statline",
    "Attributes": {
      "At": "2",
      "Of": "4",
      "St": "4",
      "AP": "1",
      "Ag": "2"
    },
    "DisplayableDataIds": {
      "rule_37": ""
    }
  },
  {
    "Id": "statline_1134",
    "Name": "Rhamphodon Riders",
    "Type": "Statline",
    "Attributes": {
      "Ad": "8",
      "Ma": "8",
      "Di": "6",
      "Hgt": "3"
    },
    "DisplayableDataIds": {
      "rule_444": "",
      "rule_22": "",
      "rule_21": "",
      "rule_4": "",
      "rule_5": "",
      "rule_44": "",
      "rule_24": ""
    }
  },
  {
    "Id": "statline_1135",
    "Name": "Rhamphodon Riders",
    "Type": "Statline",
    "Attributes": {
      "HP": "2",
      "Df": "2",
      "Re": "3",
      "Arm": "2"
    },
    "DisplayableDataIds": {
      "rule_29": "(1)",
      "rule_109": "(6+)",
      "rule_27": ""
    }
  },
  {
    "Id": "statline_1136",
    "Name": "Skink Rider",
    "Type": "Statline",
    "Attributes": {
      "At": "1",
      "Of": "2",
      "St": "3",
      "AP": "0",
      "Ag": "3"
    },
    "DisplayableDataIds": {
      "rule_38": ""
    }
  },
  {
    "Id": "statline_1137",
    "Name": "Rhamphodon",
    "Type": "Statline",
    "Attributes": {
      "At": "3",
      "Of": "3",
      "St": "4",
      "AP": "1",
      "Ag": "4"
    },
    "DisplayableDataIds": {
      "rule_52": "",
      "rule_111": "",
      "rule_23": ""
    }
  },
  {
    "Id": "statline_1138",
    "Name": "Saurian Swarms",
    "Type": "Statline",
    "Attributes": {
      "Ad": "6",
      "Ma": "6",
      "Di": "4",
      "Hgt": "0"
    },
    "DisplayableDataIds": {
      "rule_444": "",
      "rule_4": "",
      "rule_28": "",
      "rule_5": "",
      "rule_24": "",
      "rule_2": "(Water Terrain)",
      "rule_21": "",
      "rule_42": "",
      "rule_188": "(-2 Off)"
    }
  },
  {
    "Id": "statline_1139",
    "Name": "Saurian Swarms",
    "Type": "Statline",
    "Attributes": {
      "HP": "5",
      "Df": "2",
      "Re": "2",
      "Arm": "0"
    },
    "DisplayableDataIds": {
      "rule_109": "(6+)",
      "rule_29": "(1)",
      "rule_121": "(1)"
    }
  },
  {
    "Id": "statline_1140",
    "Name": "Saurian Swarm",
    "Type": "Statline",
    "Attributes": {
      "At": "6",
      "Of": "2",
      "St": "2",
      "AP": "1",
      "Ag": "2"
    },
    "DisplayableDataIds": {
      "rule_55": ""
    }
  },
  {
    "Id": "statline_1141",
    "Name": "Tegu Guards",
    "Type": "Statline",
    "Attributes": {
      "Ad": "4",
      "Ma": "4",
      "Di": "8",
      "Hgt": "1"
    },
    "DisplayableDataIds": {
      "rule_444": "",
      "rule_21": "",
      "rule_36": "(Anurarch Archmage)",
      "rule_50": "(1)",
      "rule_2": "(Water Terrain)"
    }
  },
  {
    "Id": "statline_1142",
    "Name": "Tegu Guards",
    "Type": "Statline",
    "Attributes": {
      "HP": "1",
      "Df": "4",
      "Re": "4",
      "Arm": "3"
    },
    "DisplayableDataIds": {
      "rule_27": ""
    }
  },
  {
    "Id": "statline_1143",
    "Name": "Tegu Guard",
    "Type": "Statline",
    "Attributes": {
      "At": "2",
      "Of": "4",
      "St": "4",
      "AP": "1",
      "Ag": "2"
    },
    "DisplayableDataIds": {
      "rule_446": ""
    }
  },
  {
    "Id": "statline_1144",
    "Name": "Tegu Mystics",
    "Type": "Statline",
    "Attributes": {
      "Ad": "4",
      "Ma": "4",
      "Di": "8",
      "Hgt": "1"
    },
    "DisplayableDataIds": {
      "rule_444": "",
      "rule_4": "",
      "rule_2": "(Water Terrain)"
    }
  },
  {
    "Id": "statline_1145",
    "Name": "Tegu Mystics",
    "Type": "Statline",
    "Attributes": {
      "HP": "1",
      "Df": "4",
      "Re": "4",
      "Arm": "2"
    },
    "DisplayableDataIds": {
      "rule_121": "(1)",
      "rule_109": "(5+)"
    }
  },
  {
    "Id": "statline_1146",
    "Name": "Tegu Mystic",
    "Type": "Statline",
    "Attributes": {
      "At": "2",
      "Of": "4",
      "St": "4",
      "AP": "1",
      "Ag": "2"
    },
    "DisplayableDataIds": {
      "rule_134": "",
      "rule_451": ""
    }
  },
  {
    "Id": "statline_1147",
    "Name": "Thyroscutus Herd",
    "Type": "Statline",
    "Attributes": {
      "Ad": "5",
      "Ma": "5",
      "Di": "6",
      "Hgt": "4"
    },
    "DisplayableDataIds": {
      "rule_21": "",
      "rule_444": "",
      "rule_41": "",
      "rule_5": ""
    }
  },
  {
    "Id": "statline_1148",
    "Name": "Thyroscutus Herd",
    "Type": "Statline",
    "Attributes": {
      "HP": "4",
      "Df": "4",
      "Re": "5",
      "Arm": "5"
    }
  },
  {
    "Id": "statline_1149",
    "Name": "Thyroscutus",
    "Type": "Statline",
    "Attributes": {
      "At": "3",
      "Of": "2",
      "St": "4",
      "AP": "1",
      "Ag": "0"
    },
    "DisplayableDataIds": {
      "rule_318": "",
      "rule_46": "(1)"
    }
  },
  {
    "Id": "statline_1150",
    "Name": "Pteradon Riders",
    "Type": "Statline",
    "Attributes": {
      "Ad": "8",
      "Ma": "8",
      "Di": "6",
      "Hgt": "3"
    },
    "DisplayableDataIds": {
      "rule_444": "",
      "rule_133": "",
      "rule_28": "",
      "rule_5": "",
      "rule_4": "",
      "rule_35": "",
      "rule_44": ""
    }
  },
  {
    "Id": "statline_1151",
    "Name": "Pteradon Riders",
    "Type": "Statline",
    "Attributes": {
      "HP": "2",
      "Df": "2",
      "Re": "3",
      "Arm": "2"
    },
    "DisplayableDataIds": {
      "rule_29": "(1)",
      "rule_109": "(6+)",
      "rule_27": ""
    }
  },
  {
    "Id": "statline_1152",
    "Name": "Skink Rider",
    "Type": "Statline",
    "Attributes": {
      "At": "1",
      "Of": "2",
      "St": "3",
      "AP": "0",
      "Ag": "3"
    },
    "DisplayableDataIds": {
      "rule_38": "",
      "rule_449": "(4+)"
    }
  },
  {
    "Id": "statline_1153",
    "Name": "Pteradon",
    "Type": "Statline",
    "Attributes": {
      "At": "2",
      "Of": "2",
      "St": "4",
      "AP": "1",
      "Ag": "4"
    },
    "DisplayableDataIds": {
      "rule_191": "(2)"
    }
  },
  {
    "Id": "statline_1154",
    "Name": "Skink Guerrillas",
    "Type": "Statline",
    "Attributes": {
      "Ad": "6",
      "Ma": "6",
      "Di": "6",
      "Hgt": "1"
    },
    "DisplayableDataIds": {
      "rule_444": "",
      "rule_4": "",
      "rule_28": "",
      "rule_2": "(Water Terrain)",
      "rule_35": ""
    }
  },
  {
    "Id": "statline_1155",
    "Name": "Skink Guerrillas",
    "Type": "Statline",
    "Attributes": {
      "HP": "1",
      "Df": "2",
      "Re": "2",
      "Arm": "0"
    },
    "DisplayableDataIds": {
      "rule_109": "(6+)",
      "rule_29": "(1)"
    }
  },
  {
    "Id": "statline_1156",
    "Name": "Skink Guerrilla",
    "Type": "Statline",
    "Attributes": {
      "At": "1",
      "Of": "2",
      "St": "3",
      "AP": "0",
      "Ag": "3"
    },
    "DisplayableDataIds": {
      "rule_452": "(3+)"
    }
  },
  {
    "Id": "statline_1157",
    "Name": "Weapon Beasts",
    "Type": "Statline",
    "Attributes": {
      "Ad": "6",
      "Ma": "6",
      "Di": "6",
      "Hgt": "3"
    },
    "DisplayableDataIds": {
      "rule_444": "",
      "rule_4": "",
      "rule_5": "",
      "rule_24": ""
    }
  },
  {
    "Id": "statline_1158",
    "Name": "Weapon Beasts",
    "Type": "Statline",
    "Attributes": {
      "HP": "3",
      "Df": "3",
      "Re": "4",
      "Arm": "3"
    }
  },
  {
    "Id": "statline_1159",
    "Name": "Weapon Beast",
    "Type": "Statline",
    "Attributes": {
      "At": "3",
      "Of": "3",
      "St": "5",
      "AP": "2",
      "Ag": "3"
    },
    "DisplayableDataIds": {
      "rule_453": ""
    }
  },
  {
    "Id": "statline_1160",
    "Name": "Carnosaur",
    "Type": "Statline",
    "Attributes": {
      "Ad": "7",
      "Ma": "7",
      "Di": "8",
      "Hgt": "5"
    },
    "DisplayableDataIds": {
      "rule_22": "",
      "rule_21": "",
      "rule_444": "",
      "rule_11": "",
      "rule_4": "",
      "rule_5": "",
      "rule_45": "",
      "rule_24": ""
    }
  },
  {
    "Id": "statline_1161",
    "Name": "Carnosaur",
    "Type": "Statline",
    "Attributes": {
      "HP": "6",
      "Df": "2",
      "Re": "5",
      "Arm": "4"
    }
  },
  {
    "Id": "statline_1162",
    "Name": "Tegu Rider",
    "Type": "Statline",
    "Attributes": {
      "At": "2",
      "Of": "4",
      "St": "4",
      "AP": "1",
      "Ag": "2"
    },
    "DisplayableDataIds": {
      "rule_38": ""
    }
  },
  {
    "Id": "statline_1163",
    "Name": "Carnosaur",
    "Type": "Statline",
    "Attributes": {
      "At": "5",
      "Of": "3",
      "St": "6",
      "AP": "3",
      "Ag": "3"
    },
    "DisplayableDataIds": {
      "rule_23": "",
      "rule_146": "(2, towards Height 0--4)",
      "rule_180": "(Hatred)",
      "rule_46": "(D6)"
    }
  },
  {
    "Id": "statline_1164",
    "Name": "Stygiosaur Pack",
    "Type": "Statline",
    "Attributes": {
      "Ad": "7",
      "Ma": "7",
      "Di": "6",
      "Hgt": "4"
    },
    "DisplayableDataIds": {
      "rule_444": "",
      "rule_450": "",
      "rule_5": ""
    }
  },
  {
    "Id": "statline_1165",
    "Name": "Stygiosaur Pack",
    "Type": "Statline",
    "Attributes": {
      "HP": "4",
      "Df": "4",
      "Re": "5",
      "Arm": "3"
    },
    "DisplayableDataIds": {
      "rule_27": ""
    }
  },
  {
    "Id": "statline_1166",
    "Name": "Stygiosaur",
    "Type": "Statline",
    "Attributes": {
      "At": "4",
      "Of": "4",
      "St": "5",
      "AP": "2",
      "Ag": "3"
    },
    "DisplayableDataIds": {
      "rule_55": "",
      "rule_46": "(D3)",
      "rule_180": "(Hatred)"
    }
  },
  {
    "Id": "statline_1167",
    "Name": "Taurosaur",
    "Type": "Statline",
    "Attributes": {
      "Ad": "6",
      "Ma": "5",
      "Di": "6",
      "Hgt": "5"
    },
    "DisplayableDataIds": {
      "rule_444": "",
      "rule_11": "",
      "rule_5": "",
      "rule_45": ""
    }
  },
  {
    "Id": "statline_1168",
    "Name": "Taurosaur",
    "Type": "Statline",
    "Attributes": {
      "HP": "7",
      "Df": "3",
      "Re": "6",
      "Arm": "4"
    }
  },
  {
    "Id": "statline_1169",
    "Name": "Skink Rider (5)",
    "Type": "Statline",
    "Attributes": {
      "At": "1",
      "Of": "2",
      "St": "3",
      "AP": "0",
      "Ag": "3"
    },
    "DisplayableDataIds": {
      "rule_449": "(4+)"
    }
  },
  {
    "Id": "statline_1170",
    "Name": "Titanopod",
    "Type": "Statline",
    "Attributes": {
      "Ad": "4",
      "Ma": "7",
      "Di": "6",
      "Hgt": "5"
    },
    "DisplayableDataIds": {
      "rule_444": "",
      "rule_2": "",
      "rule_454": "",
      "rule_5": "",
      "rule_11": "",
      "rule_45": ""
    }
  },
  {
    "Id": "statline_1171",
    "Name": "Titanopod",
    "Type": "Statline",
    "Attributes": {
      "HP": "10",
      "Df": "3",
      "Re": "6",
      "Arm": "3"
    }
  },
  {
    "Id": "statline_1172",
    "Name": "Rock Releaser (6)",
    "Type": "Statline",
    "Attributes": {
      "At": "1",
      "Of": "3",
      "St": "4",
      "AP": "0",
      "Ag": "3"
    },
    "DisplayableDataIds": {
      "rule_449": "(4+)"
    }
  },
  {
    "Id": "statline_1173",
    "Name": "Titanopod",
    "Type": "Statline",
    "Attributes": {
      "At": "2",
      "Of": "3",
      "St": "6",
      "AP": "3",
      "Ag": "0"
    },
    "DisplayableDataIds": {
      "rule_455": "",
      "rule_46": "(5D3)"
    }
  }
]