[
  {
    "Id": "unit_389",
    "Name": "Anurarch Archmage",
    "Type": "Unit",
    "Attributes": {
      "height": "Standard"
    },
    "BasicProfileIds": [
      "68357f77790d8280c4b25074"
    ],
    "DefaultFront": 1,
    "Formation": 1
  },
  {
    "Id": "unit_390",
    "Name": "Anurarch Archmage on Anurarch Wardens",
    "Type": "Unit",
    "Attributes": {
      "height": "Standard"
    },
    "BasicProfileIds": [
      "8d8db790-7e15-40ea-8cdc-ecb24c2a3741"
    ],
    "DefaultFront": 1,
    "Formation": 1
  },
  {
    "Id": "unit_391",
    "Name": "Caiman Mentor",
    "Type": "Unit",
    "Attributes": {
      "height": "Large"
    },
    "BasicProfileIds": [
      "68357f78790d8280c4b250fd"
    ],
    "DefaultFront": 1,
    "Formation": 1
  },
  {
    "Id": "unit_392",
    "Name": "Skink Veteran",
    "Type": "Unit",
    "Attributes": {
      "height": "Standard"
    },
    "BasicProfileIds": [
      "68357f78790d8280c4b25137"
    ],
    "DefaultFront": 1,
    "Formation": 1
  },
  {
    "Id": "unit_393",
    "Name": "Skink Veteran on Mountain Pteradon",
    "Type": "Unit",
    "Attributes": {
      "height": "Large"
    },
    "BasicProfileIds": [
      "fc177375-9618-4371-82cb-265e63d8bd8d"
    ],
    "DefaultFront": 1,
    "Formation": 1
  },
  {
    "Id": "unit_394",
    "Name": "Skink Veteran on Pouakai Sky Tyrant",
    "Type": "Unit",
    "Attributes": {
      "height": "Large"
    },
    "BasicProfileIds": [
      "a096573a-a475-4135-8732-d138666bea48"
    ],
    "DefaultFront": 1,
    "Formation": 1
  },
  {
    "Id": "unit_395",
    "Name": "Skink Veteran on Taurosaur",
    "Type": "Unit",
    "Attributes": {
      "height": "Gigantic"
    },
    "BasicProfileIds": [
      "41400bed-e605-4b98-a755-97905d9c5061"
    ],
    "DefaultFront": 1,
    "Formation": 1
  },
  {
    "Id": "unit_396",
    "Name": "Tegu Veteran",
    "Type": "Unit",
    "Attributes": {
      "height": "Standard"
    },
    "BasicProfileIds": [
      "68357f78790d8280c4b2533a"
    ],
    "DefaultFront": 1,
    "Formation": 1
  },
  {
    "Id": "unit_397",
    "Name": "Tegu Veteran on Saurian Raptor",
    "Type": "Unit",
    "Attributes": {
      "height": "Standard"
    },
    "BasicProfileIds": [
      "245f8dfc-4960-409e-add1-6db5cd3b9776"
    ],
    "DefaultFront": 1,
    "Formation": 1
  },
  {
    "Id": "unit_398",
    "Name": "Tegu Veteran on Alpha Carnosaur",
    "Type": "Unit",
    "Attributes": {
      "height": "Gigantic"
    },
    "BasicProfileIds": [
      "b762d243-8937-4fc7-ae59-313fb77b57fb"
    ],
    "DefaultFront": 1,
    "Formation": 1
  },
  {
    "Id": "unit_399",
    "Name": "Anurarch Destined",
    "Type": "Unit",
    "Attributes": {
      "height": "Standard"
    },
    "BasicProfileIds": [
      "b7c2d4e9a3f6g1d5h8j9k7l3m"
    ],
    "DefaultFront": 1,
    "Formation": 1
  },
  {
    "Id": "unit_400",
    "Name": "Shade and Stone",
    "Type": "Unit",
    "Attributes": {
      "height": "Large"
    },
    "BasicProfileIds": [
      "a1b2c3d4e5f6a7b8c9d0e1f2a"
    ],
    "DefaultFront": 1,
    "Formation": 1
  },
  {
    "Id": "unit_401",
    "Name": "Caiman Warriors",
    "Type": "Unit",
    "Attributes": {
      "height": "Large"
    },
    "BasicProfileIds": [
      "68357f79790d8280c4b25477"
    ],
    "DefaultFront": 3,
    "Formation": 1
  },
  {
    "Id": "unit_402",
    "Name": "Skink Hunters",
    "Type": "Unit",
    "Attributes": {
      "height": "Standard"
    },
    "BasicProfileIds": [
      "68357f79790d8280c4b254b3"
    ],
    "DefaultFront": 5,
    "Formation": 1
  },
  {
    "Id": "unit_403",
    "Name": "Skink Warriors",
    "Type": "Unit",
    "Attributes": {
      "height": "Standard"
    },
    "BasicProfileIds": [
      "68357f79790d8280c4b254c9"
    ],
    "DefaultFront": 5,
    "Formation": 1
  },
  {
    "Id": "unit_404",
    "Name": "Tegu Warriors",
    "Type": "Unit",
    "Attributes": {
      "height": "Standard"
    },
    "BasicProfileIds": [
      "68357f79790d8280c4b25508"
    ],
    "DefaultFront": 5,
    "Formation": 1
  },
  {
    "Id": "unit_405",
    "Name": "Caiman Elders",
    "Type": "Unit",
    "Attributes": {
      "height": "Large"
    },
    "BasicProfileIds": [
      "68357f7a790d8280c4b25548"
    ],
    "DefaultFront": 3,
    "Formation": 1
  },
  {
    "Id": "unit_406",
    "Name": "Raptor Pack",
    "Type": "Unit",
    "Attributes": {
      "height": "Standard"
    },
    "BasicProfileIds": [
      "68357f7a790d8280c4b2557b"
    ],
    "DefaultFront": 5,
    "Formation": 1
  },
  {
    "Id": "unit_407",
    "Name": "Raptor Riders",
    "Type": "Unit",
    "Attributes": {
      "height": "Standard"
    },
    "BasicProfileIds": [
      "68357f7a790d8280c4b25583"
    ],
    "DefaultFront": 5,
    "Formation": 1
  },
  {
    "Id": "unit_408",
    "Name": "Rhamphodon Riders",
    "Type": "Unit",
    "Attributes": {
      "height": "Large"
    },
    "BasicProfileIds": [
      "68357f7a790d8280c4b255b0"
    ],
    "DefaultFront": 3,
    "Formation": 1
  },
  {
    "Id": "unit_409",
    "Name": "Saurian Swarms",
    "Type": "Unit",
    "Attributes": {
      "height": "Standard"
    },
    "BasicProfileIds": [
      "68357f7a790d8280c4b255be"
    ],
    "DefaultFront": 5,
    "Formation": 1
  },
  {
    "Id": "unit_410",
    "Name": "Tegu Guards",
    "Type": "Unit",
    "Attributes": {
      "height": "Standard"
    },
    "BasicProfileIds": [
      "68357f7b790d8280c4b255c3"
    ],
    "DefaultFront": 5,
    "Formation": 1
  },
  {
    "Id": "unit_411",
    "Name": "Tegu Mystics",
    "Type": "Unit",
    "Attributes": {
      "height": "Standard"
    },
    "BasicProfileIds": [
      "68357f7b790d8280c4b255f0"
    ],
    "DefaultFront": 5,
    "Formation": 1
  },
  {
    "Id": "unit_412",
    "Name": "Thyroscutus Herd",
    "Type": "Unit",
    "Attributes": {
      "height": "Large"
    },
    "BasicProfileIds": [
      "68357f7b790d8280c4b25623"
    ],
    "DefaultFront": 3,
    "Formation": 1
  },
  {
    "Id": "unit_413",
    "Name": "Pteradon Riders",
    "Type": "Unit",
    "Attributes": {
      "height": "Large"
    },
    "BasicProfileIds": [
      "68357f7b790d8280c4b2563d"
    ],
    "DefaultFront": 3,
    "Formation": 1
  },
  {
    "Id": "unit_414",
    "Name": "Skink Guerrillas",
    "Type": "Unit",
    "Attributes": {
      "height": "Standard"
    },
    "BasicProfileIds": [
      "68357f7b790d8280c4b25659"
    ],
    "DefaultFront": 5,
    "Formation": 1
  },
  {
    "Id": "unit_415",
    "Name": "Weapon Beasts",
    "Type": "Unit",
    "Attributes": {
      "height": "Large"
    },
    "BasicProfileIds": [
      "68357f7c790d8280c4b25673"
    ],
    "DefaultFront": 3,
    "Formation": 1
  },
  {
    "Id": "unit_416",
    "Name": "Carnosaur",
    "Type": "Unit",
    "Attributes": {
      "height": "Gigantic"
    },
    "BasicProfileIds": [
      "68357f7c790d8280c4b25679"
    ],
    "DefaultFront": 1,
    "Formation": 1
  },
  {
    "Id": "unit_417",
    "Name": "Stygiosaur Pack",
    "Type": "Unit",
    "Attributes": {
      "height": "Large"
    },
    "BasicProfileIds": [
      "68357f7c790d8280c4b25681"
    ],
    "DefaultFront": 3,
    "Formation": 1
  },
  {
    "Id": "unit_418",
    "Name": "Taurosaur",
    "Type": "Unit",
    "Attributes": {
      "height": "Gigantic"
    },
    "BasicProfileIds": [
      "68357f7c790d8280c4b256b2"
    ],
    "DefaultFront": 1,
    "Formation": 1
  },
  {
    "Id": "unit_419",
    "Name": "Titanopod",
    "Type": "Unit",
    "Attributes": {
      "height": "Gigantic"
    },
    "BasicProfileIds": [
      "68357f7c790d8280c4b256c5"
    ],
    "DefaultFront": 1,
    "Formation": 1
  }
]